/*
  HOME ASSISTANT ESP32 - PRIMO NA TABLETU, JEDEN SOUBOR
  Web je ulozen v ESP32. Na tabletu otevrete http://IP-ESP32/.
  Pocitac ani samostatny webovy server nejsou pro provoz potreba.
  Rele 1 GPIO26: svetlo pod troubou; rele 2 GPIO33: volne.
  ACTIVE LOW, pri startu vypnute. Bez garaze. Railway + plny lokalni panel.
  DHT22 uvnitr GPIO27, venku GPIO32; INA219 SDA21 / SCL22.
  Panel se otevre rovnou bez prihlasovaciho hesla.
  Wi-Fi, API a OTA pristupy jsou take primo v tomto souboru.
  Knihovny: ArduinoJson 7.4.3, DHT sensor library 1.4.7,
  Adafruit Unified Sensor 1.1.15, INA219 1.2.3, BusIO 1.17.4.
  ESP32 Dev Module, core Espressif 3.3.8, 4 MB, OTA oddily.
  Zadny dalsi soubor .h/.cpp/HTML pro nahrani neni potreba.
  Cloud pouziva overene HTTPS; lokalni panel zustava dostupny bez internetu.
*/

#include <Arduino.h>
#include <HTTPClient.h>
#include <WiFiClientSecure.h>
#include <cstdint>
#include <cmath>
#include <limits>
#include <ArduinoJson.h>
#include <esp_timer.h>
#include <cctype>
#include <cstring>
#include <WebServer.h>
#include <LittleFS.h>
#include <Preferences.h>
#include <esp_task_wdt.h>
#include <Adafruit_INA219.h>
#include <DHT.h>
#include <Wire.h>
#include <ArduinoOTA.h>
#include <ESPmDNS.h>
#include <WiFi.h>
#include <esp_system.h>
#include <esp_arduino_version.h>

// ==================== secrets.h ====================
// Private local configuration. Do not publish.
#define HOME_WIFI_SSID ""
#define HOME_WIFI_PASSWORD ""
#define HOME_API_TOKEN ""
#define HOME_OTA_PASSWORD ""
#define HOME_ALLOWED_ORIGIN ""
#define HOME_OTA_ENABLED true


// Railway nastavení. Token musí souhlasit s DEVICE_TOKEN na serveru.
#define HOME_CLOUD_ENABLED true
#define HOME_CLOUD_TOKEN ""
#define HOME_CLOUD_URL "https://home-asisstent-v20-production.up.railway.app/api/device/sync"
#define HOME_CLOUD_INTERVAL_MS 2000

// Complete tablet dashboard stored in flash (gzip).
const uint8_t TABLET_HTML_GZIP[] PROGMEM = {
  0x1f,0x8b,0x08,0x00,0x00,0x00,0x00,0x00,0x02,0x0a,0xdd,0x7d,0x5b,0x8f,0x1b,0x57,0x9a,0xd8,0xbb,0x7e,
  0x45,0xa9,0x3d,0xa3,0x22,0x2d,0x92,0x4d,0x16,0x9b,0x7d,0x21,0x9b,0xad,0x48,0xb2,0x3c,0x92,0xc7,0xba,
  0x40,0xd2,0xc8,0x89,0x84,0xc6,0xa0,0xc8,0x3a,0xdd,0x2c,0xb1,0x58,0xc5,0xad,0x0b,0x5b,0xec,0x6e,0x02,
  0xb3,0x41,0x02,0xcc,0xc3,0x18,0xfb,0x90,0x20,0x99,0x89,0x13,0xec,0xea,0x61,0x13,0x18,0x81,0x31,0xfb,
  0x16,0x60,0x11,0x3b,0xc0,0xb6,0xfa,0x79,0xff,0xc3,0xfc,0x82,0xfc,0x84,0x7c,0x97,0x73,0xaa,0x4e,0x15,
  0x8b,0xec,0x96,0xed,0x7d,0x09,0x6c,0xa8,0x59,0xa7,0xce,0xe5,0x3b,0xdf,0xfd,0xfb,0xce,0xa5,0xf6,0x6f,
  0x3a,0xc1,0x30,0x9e,0x4f,0x85,0x31,0x8a,0x27,0xde,0xc1,0x8d,0x7d,0xfc,0x63,0x78,0xb6,0x7f,0xdc,0xdf,
  0x18,0x46,0x1b,0x07,0xfb,0x23,0x61,0x3b,0x07,0xfb,0x13,0x11,0xdb,0xc6,0x70,0x64,0x87,0x91,0x88,0xfb,
  0x1b,0x49,0x7c,0x54,0xdf,0xdd,0x90,0xa5,0xbe,0x3d,0x11,0xfd,0x8d,0x99,0x2b,0x4e,0xa6,0x41,0x18,0x6f,
  0x18,0xc3,0xc0,0x8f,0x85,0x0f,0xb5,0x4e,0x5c,0x27,0x1e,0xf5,0x1d,0x31,0x73,0x87,0xa2,0x4e,0x0f,0x35,
  0xd7,0x77,0x63,0xd7,0xf6,0xea,0xd1,0xd0,0xf6,0x44,0xbf,0x55,0x53,0xad,0xea,0x47,0x6e,0xdc,0x1f,0x06,
  0x33,0x11,0xe6,0x7b,0x8d,0x47,0x62,0x22,0xea,0xc3,0xc0,0x0b,0x42,0xad,0xe3,0x4f,0x5a,0xad,0x56,0xbb,
  0xd5,0x86,0xaa,0xb1,0x1b,0x7b,0xe2,0xe0,0x61,0x30,0x11,0xc6,0xdd,0x28,0x72,0xa3,0xd8,0xf6,0x63,0xe3,
  0x9f,0xfe,0x97,0xf1,0xe0,0xc5,0xb3,0xb6,0xb5,0xbf,0xc9,0xaf,0x6f,0xec,0x47,0xf1,0x1c,0xff,0x76,0xc3,
  0x20,0x88,0xcf,0xea,0xf5,0xc1,0x71,0x57,0x76,0xd1,0xab,0xd7,0x23,0xd7,0x11,0xf0,0xd8,0x69,0xed,0xb4,
  0x76,0xf0,0x31,0x09,0x8f,0xec,0x21,0x96,0x0c,0x5a,0xa2,0x25,0xa0,0x24,0xb4,0xdd,0x48,0x38,0xdd,0x4f,
  0x2c,0xcb,0xea,0x58,0x1d,0x28,0x18,0x04,0xa1,0x23,0x42,0x28,0x18,0x58,0x47,0x16,0xd6,0x88,0xc5,0xbb,
  0xb8,0xfb,0xc9,0x51,0xf3,0xa8,0x29,0x06,0xf0,0x38,0x49,0x62,0xac,0xbf,0x67,0xed,0xed,0xed,0x6d,0xc1,
  0xb3,0x3d,0x19,0x60,0x75,0xb1,0x3b,0xd8,0xde,0xb6,0xe1,0xf9,0x38,0x14,0xc2,0x87,0xf7,0xdb,0x83,0x8e,
  0x6d,0xc1,0xb3,0x08,0xc3,0x00,0xdf,0x6f,0xdb,0xad,0x3d,0xbb,0x47,0x93,0x05,0x04,0xe1,0xcc,0xbb,0x8e,
  0x1d,0x8e,0x7b,0x47,0x30,0xef,0xfa,0x91,0x3d,0x71,0xbd,0x79,0xf7,0x6e,0x08,0xe8,0xab,0x3d,0x14,0xde,
  0x4c,0xc4,0xee,0xd0,0xae,0x45,0xb6,0x1f,0xd5,0x23,0x11,0xba,0x47,0x8b,0x4f,0xcf,0x06,0xc1,0x3b,0x98,
  0xce,0xa9,0xeb,0x1f,0x77,0x19,0x46,0x00,0xf5,0xdd,0x62,0x10,0x38,0xf3,0xb3,0x89,0x1d,0x1e,0xbb,0x7e,
  0xb7,0xd9,0x1b,0xd8,0xc3,0xf1,0x71,0x18,0x24,0xbe,0xd3,0x9d,0xd9,0x61,0x05,0x91,0x51,0xe5,0x31,0xe5,
  0x33,0x4e,0xa6,0xca,0x63,0x42,0x5f,0xa2,0xdb,0xea,0x4c,0xa1,0x8f,0x24,0x8e,0x03,0x1f,0xc8,0x37,0x4d,
  0xe2,0x5a,0x24,0x3c,0x31,0x8c,0xcf,0xb0,0x4a,0xd7,0xf5,0x47,0x30,0x78,0x2c,0x2b,0x9c,0x0d,0x93,0x30,
  0x82,0x9e,0xa6,0x81,0x0b,0xa4,0x0a,0x7b,0x71,0x90,0x0c,0x47,0x75,0x7b,0x18,0xbb,0x81,0xdf,0x9d,0xd8,
  0xbe,0x3b,0x4d,0x3c,0x1b,0x1f,0x4a,0x46,0x5c,0x02,0x8c,0xf1,0x0e,0x2f,0x18,0xdd,0xad,0xe9,0x3b,0x23,
  0x0a,0x3c,0xd7,0x31,0x24,0xdc,0x54,0xac,0x5e,0x43,0x6d,0xc7,0x4d,0xa2,0x6e,0xab,0x39,0x7d,0xd7,0x9b,
  0xb8,0x7e,0x7d,0x24,0xdc,0xe3,0x51,0xdc,0xed,0xe0,0xf3,0xd4,0x76,0x1c,0x44,0x4a,0xcb,0x82,0x3e,0x5a,
  0xbb,0xe9,0x7c,0xba,0x23,0xe4,0xb8,0x33,0xd9,0x83,0x0e,0x12,0x91,0xac,0xaa,0xaa,0x39,0x6e,0x64,0x0f,
  0x3c,0xe1,0x9c,0x05,0x53,0x7b,0xe8,0xc6,0xf3,0x6e,0x63,0xab,0x27,0x67,0xea,0x88,0x23,0x3b,0xf1,0xe2,
  0x45,0x0e,0x33,0x3f,0xcf,0x54,0x00,0xce,0x12,0x34,0xa5,0x73,0xd9,0x5a,0x9e,0x28,0x43,0x71,0x46,0xa2,
  0x06,0x98,0x68,0xfe,0x52,0x4d,0xe0,0x28,0x18,0x26,0x51,0x7d,0xe6,0x46,0x2e,0x4c,0x83,0xa9,0x98,0x2f,
  0x3b,0x0b,0x92,0xd8,0x73,0x7d,0xd1,0xb5,0x0a,0xa0,0x31,0x22,0x7a,0xf2,0x75,0x3d,0x38,0x3a,0x02,0x05,
  0xd0,0x6d,0xc3,0x58,0x0d,0x7b,0x38,0x04,0x69,0x3c,0x63,0x10,0x3f,0x01,0xf1,0xb1,0x5b,0xbb,0xcb,0x54,
  0x94,0x1d,0x10,0x3f,0x9d,0x30,0xa8,0x83,0xc0,0x73,0x16,0x0d,0x92,0x92,0x5a,0x34,0xb1,0x3d,0xef,0x4c,
  0x9f,0x26,0x95,0x57,0x17,0xfc,0x42,0x63,0x43,0x0b,0xc7,0x3c,0x0e,0x02,0x27,0x57,0x9b,0x64,0xa9,0xba,
  0x68,0x90,0x0c,0xe5,0xde,0x50,0x09,0xbc,0x19,0x81,0x7c,0xd7,0xde,0xc0,0xbf,0x8e,0xf0,0x0f,0xcf,0x80,
  0x94,0x53,0xcf,0x9e,0x77,0xfd,0xc0,0x17,0x37,0xdd,0x09,0xea,0x1e,0x50,0x19,0x8b,0x51,0xab,0x36,0xb2,
  0x6a,0xa3,0x76,0x6d,0x9a,0x4a,0x0a,0x94,0x69,0xc3,0x5b,0x48,0x0d,0x7d,0x12,0x9d,0x26,0xd4,0xb0,0x74,
  0x00,0xb7,0xcb,0x6a,0xb4,0xf5,0x1a,0x5b,0x25,0x35,0x6c,0xd4,0x3f,0x67,0xd3,0x20,0x72,0x49,0x48,0x8e,
  0xdc,0x77,0xc2,0xe9,0xb9,0x3e,0x62,0xb9,0x69,0xd8,0x49,0x1c,0x18,0x4d,0xa3,0xd9,0x93,0x24,0xdd,0x05,
  0x59,0x5c,0x46,0x31,0xf6,0x90,0x31,0x0f,0xf5,0xbc,0x8a,0xc3,0x14,0xf7,0xb4,0x9b,0x52,0x12,0x7a,0x0a,
  0x21,0x47,0x9e,0x00,0xe0,0xe0,0x9f,0xba,0xe3,0x86,0x82,0x25,0x16,0xd0,0x99,0x4c,0xfc,0xde,0xb1,0x3d,
  0x45,0x66,0x5c,0x34,0x06,0xa1,0xed,0x3b,0x67,0xb9,0x16,0xf8,0x8e,0x64,0xce,0xf6,0xdc,0x63,0xbf,0xee,
  0xc6,0x62,0x12,0x75,0x91,0x2f,0x40,0xfa,0x15,0x26,0x61,0x06,0x5b,0x4d,0x35,0x75,0xc6,0x44,0xd6,0x9d,
  0x31,0xd0,0x30,0xd4,0xde,0x2a,0xf0,0x7c,0x09,0xf7,0xf8,0x41,0x08,0xac,0xb1,0xf0,0xed,0x59,0x0a,0xc9,
  0x71,0xe8,0x3a,0x29,0x94,0xf0,0xc2,0x90,0xda,0x08,0x25,0xa6,0x4e,0x80,0x75,0x3d,0x71,0x14,0xeb,0x98,
  0x43,0xfa,0xf7,0x72,0x82,0x1f,0x03,0x34,0xd1,0xd4,0x0e,0x01,0x76,0xea,0xa3,0x81,0x6a,0x6b,0x26,0x74,
  0x61,0xfe,0xa4,0xdd,0xb4,0x6c,0xab,0x59,0x02,0x21,0x48,0x03,0x52,0xa1,0x7e,0x84,0x06,0x86,0xe7,0x5d,
  0x8f,0x83,0x69,0x17,0x09,0xd8,0xcb,0x33,0x71,0x8f,0x04,0x49,0x4a,0x6d,0xab,0xb1,0xdb,0x2b,0x61,0xfe,
  0x89,0xed,0xfa,0xaa,0x1b,0x84,0x5c,0x52,0x5e,0x51,0x8f,0x98,0x71,0x62,0xbf,0xab,0x4b,0xb6,0xd8,0x6e,
  0xa2,0xf0,0xa3,0xa1,0x06,0x6d,0x96,0x23,0x4f,0x09,0x55,0xde,0x26,0x51,0xec,0x1e,0xcd,0xeb,0xd2,0x9a,
  0x76,0x61,0xce,0x60,0x9e,0x07,0x22,0x3e,0x01,0x49,0x62,0x7a,0x92,0x6a,0xe1,0xd1,0x07,0x01,0x60,0x72,
  0xd2,0xb5,0xb6,0xd2,0x01,0x8c,0xa9,0x3e,0xc1,0xa2,0x92,0xe2,0x09,0xe8,0x53,0x26,0x5d,0x31,0xf4,0x82,
  0xe1,0x58,0xa7,0x07,0xb1,0xa9,0x56,0x8d,0x06,0xe0,0x6a,0x06,0x8b,0xbe,0x9a,0xc7,0x00,0xcb,0x8a,0x38,
  0xd4,0x20,0xd8,0xc6,0x86,0x60,0xf8,0xe3,0x24,0x5a,0x66,0xcd,0xdd,0x72,0xce,0x2c,0x82,0xe7,0x04,0x4a,
  0x6b,0xee,0x40,0x03,0x49,0x1b,0xfc,0x99,0xd7,0xc8,0x9d,0xe6,0x2f,0x75,0x1e,0x02,0x13,0x80,0xdc,0x72,
  0x1f,0xa7,0x0f,0xdc,0x6c,0xfb,0x3e,0xa0,0x3f,0x6f,0x6b,0xb6,0xd3,0x3e,0x3e,0xca,0x7e,0xe5,0x70,0x4f,
  0x62,0xba,0x2c,0xf4,0xec,0xa7,0x54,0xcb,0xd8,0xa7,0x81,0x02,0x51,0x90,0x0e,0xf8,0x07,0x2c,0xc8,0x04,
  0x4a,0x62,0x72,0xa8,0x40,0xb0,0xa3,0x6e,0x28,0xa6,0xc2,0x8e,0x2b,0xed,0x1a,0x18,0x12,0xe0,0xa7,0x4a,
  0xb3,0xd6,0x3a,0x0a,0xab,0x55,0xe6,0x02,0x92,0xd1,0xa1,0x1d,0x3a,0x67,0xab,0x07,0xff,0xb8,0xb9,0x6d,
  0xe9,0x3c,0x6c,0x49,0xfb,0xc5,0x78,0x6f,0xf2,0x50,0x75,0xf2,0xd8,0x3e,0x56,0xc5,0xa4,0x5c,0x4a,0x36,
  0xc2,0x05,0xce,0xd6,0x35,0x77,0xab,0x54,0xa7,0x2c,0x1a,0x33,0xdb,0x4b,0x84,0x56,0x71,0x6b,0x6b,0x49,
  0x38,0x5b,0x3d,0x4f,0xc4,0x30,0x4e,0x1d,0x85,0x04,0xa1,0xae,0xb7,0x1a,0x9d,0x94,0x40,0x4c,0xe3,0xa6,
  0xec,0xc9,0x68,0x24,0xe0,0xdc,0xea,0x03,0x37,0xcb,0x65,0xa3,0xd0,0x25,0xb4,0x0f,0x83,0x93,0xfc,0x94,
  0xd7,0xcb,0x68,0x09,0x1e,0x08,0x47,0x34,0xfb,0x28,0x19,0x80,0xff,0x1c,0xba,0xc3,0x12,0x69,0xb0,0x0a,
  0xa2,0x63,0x69,0xce,0x11,0x15,0x68,0xfc,0xca,0xcf,0xe5,0x74,0xd5,0x47,0x31,0xa2,0x38,0x0c,0xfc,0xe3,
  0x82,0xb8,0xe6,0xe5,0xb3,0xa0,0xf9,0x97,0x6c,0x60,0x03,0xe6,0xe7,0x5b,0x67,0xc4,0xa3,0xcc,0x9a,0x38,
  0x63,0xdf,0xb0,0xf8,0x4d,0x7b,0xf9,0x4d,0x1b,0x90,0x26,0x60,0xb8,0xfa,0x12,0xea,0x7e,0x9c,0xc6,0xeb,
  0x90,0x3d,0x4a,0xbc,0x41,0x5e,0x6a,0xe0,0x17,0xd4,0xcc,0x75,0xc6,0xec,0xda,0xd9,0xcd,0xf4,0x44,0xa7,
  0x54,0x3e,0xf3,0x2e,0x9f,0xae,0x41,0xf2,0x4e,0x05,0x0f,0xdb,0x40,0xdf,0x79,0xd9,0xee,0x2d,0xdb,0x1e,
  0x35,0x6f,0x96,0x13,0xcd,0xc2,0x16,0xd0,0xbc,0xc3,0x3d,0xa3,0x19,0x8c,0x56,0x88,0x53,0x81,0x11,0xd2,
  0xea,0xca,0x7a,0x62,0xed,0x6e,0x0b,0x94,0x23,0x84,0x63,0xae,0x17,0xe9,0x5a,0xbf,0xb5,0x75,0xa5,0xda,
  0x5f,0xb6,0x74,0x3b,0x8b,0xc6,0x51,0x00,0xae,0x85,0x1d,0xc5,0x1f,0xa1,0x9b,0x76,0x48,0x25,0xa5,0xca,
  0x5c,0x07,0x82,0xb0,0xa7,0xba,0x34,0x1c,0x77,0xa6,0x1b,0x18,0x49,0xae,0x95,0x74,0xc9,0xe9,0xe9,0xad,
  0x25,0x55,0xbf,0x9b,0x47,0xa7,0x95,0x1b,0x6a,0xb0,0xd2,0x38,0x59,0xed,0x4c,0x3b,0xec,0xb1,0x72,0xc0,
  0xa0,0x59,0xf7,0xc9,0x15,0xdb,0x58,0x44,0x84,0x95,0x62,0xc3,0x24,0xf1,0xc4,0xb1,0x28,0x75,0xb9,0x8a,
  0xb8,0xb8,0x16,0x41,0x54,0x7f,0x86,0x9b,0xf6,0xe8,0xfa,0x44,0x24,0x1e,0x9e,0x81,0xd4,0x58,0x7b,0xb7,
  0xd4,0x04,0xca,0x71,0x43,0x65,0x25,0x41,0x4a,0x41,0xa5,0xb9,0x9a,0x12,0xf8,0xf1,0x4a,0xcc,0xca,0xc5,
  0x6b,0xdb,0x88,0xc2,0x5e,0x1a,0xcb,0xb2,0x39,0x5c,0xa9,0x93,0x18,0x88,0xae,0x07,0x24,0xaa,0x0f,0x47,
  0xae,0xe7,0xc8,0xc8,0x0e,0x55,0xac,0x7c,0x99,0x77,0x5e,0xb6,0xaf,0xe7,0xbc,0xa8,0xb6,0x14,0x37,0xbd,
  0xc1,0x5c,0x49,0x1f,0xa2,0xf3,0xe1,0x18,0x82,0xeb,0x43,0x49,0x58,0x74,0x5f,0x52,0xc2,0x16,0x22,0xb3,
  0x66,0x8f,0x23,0xa5,0xb2,0x00,0x53,0xf5,0x8d,0xd2,0xa5,0xdc,0xb9,0x5d,0xf2,0xe6,0xd2,0x37,0x06,0x44,
  0x19,0x05,0x87,0x80,0xde,0x3b,0xae,0x7d,0xfc,0x51,0x36,0x3e,0x95,0x23,0x16,0x1c,0x6c,0x5f,0xae,0xbc,
  0x0b,0xea,0x59,0xe7,0x33,0xa2,0x36,0x06,0xcd,0x50,0x7b,0x45,0xd0,0x92,0x53,0x5a,0xcd,0x66,0xd3,0xa6,
  0x02,0x27,0x0c,0xa6,0xf5,0x23,0xd7,0x03,0x3a,0xc3,0x28,0x49,0x58,0x81,0x9e,0xaa,0xbd,0xab,0x94,0x6d,
  0xea,0x2c,0x20,0x4a,0x4f,0xeb,0xae,0xef,0x80,0x4a,0xda,0xdb,0x03,0x3e,0x0e,0x10,0x22,0x72,0x4e,0x18,
  0x69,0x80,0xef,0xca,0x16,0x46,0x35,0x35,0x94,0xb1,0x6a,0xef,0x67,0x72,0x59,0x72,0xec,0xd8,0x66,0x11,
  0x4a,0x87,0x36,0x72,0xf1,0x1f,0x7b,0xb0,0xda,0xdb,0xe9,0x59,0x99,0xf1,0xcf,0xa9,0xc4,0xed,0xd4,0x93,
  0x20,0x4e,0x37,0xac,0xe2,0x08,0x52,0x15,0x6b,0xda,0x43,0x17,0xfa,0xed,0x42,0x6d,0xcf,0x1e,0x08,0xaf,
  0xdc,0x12,0x4b,0xd6,0xd9,0xcb,0xab,0x35,0x04,0xf9,0x13,0xee,0x80,0x03,0x68,0x8d,0x6d,0x97,0x54,0x4c,
  0x27,0xdf,0x16,0x45,0x03,0x53,0x4b,0xc0,0x48,0x93,0x33,0x45,0x59,0xd2,0x09,0xbe,0x88,0xa2,0x4a,0xa3,
  0xd3,0xa9,0x2e,0x3e,0x89,0x03,0xd4,0xf6,0x05,0x46,0xd1,0x62,0x8a,0x1e,0x45,0x37,0xa8,0x54,0x28,0xfc,
  0x02,0x0d,0x3b,0xe1,0x40,0x0c,0x59,0xf8,0x5f,0x57,0xea,0x1d,0xa4,0x65,0x26,0x1a,0x7b,0x50,0x31,0x55,
  0x0e,0x00,0x8f,0x41,0x7d,0xfc,0x4c,0x99,0x23,0x4b,0xe7,0xb1,0xe6,0x22,0xc6,0x94,0x8f,0x8e,0xf9,0x2c,
  0x5a,0xf4,0xec,0x69,0x24,0xba,0xea,0x47,0x11,0x29,0xf1,0xa8,0x16,0x3b,0xb9,0x38,0xa0,0xb7,0x14,0x88,
  0x5e,0x4b,0xa3,0xc5,0xa3,0xb3,0x55,0xda,0x29,0xe7,0x3c,0x0d,0x43,0x80,0xe4,0x0c,0xa5,0xf2,0xc8,0x0b,
  0x4e,0x38,0xe6,0x44,0x9c,0x49,0x42,0xb6,0xdb,0xac,0x4f,0x86,0x98,0x2a,0xa9,0x73,0x24,0xb6,0x42,0x74,
  0xd5,0xf4,0x61,0xbe,0x39,0x31,0x96,0xc9,0xd2,0xab,0xc4,0x75,0xc9,0xfc,0xe6,0x47,0x55,0xda,0x26,0xc3,
  0xd7,0xd0,0xb3,0x27,0xd3,0xca,0x0e,0x89,0x6d,0x67,0x76,0x52,0x6b,0xed,0x36,0x51,0x2d,0x94,0x84,0xfb,
  0xf9,0x8e,0x4a,0x45,0xab,0x68,0x3c,0x6f,0xfc,0xab,0x89,0x00,0x25,0x57,0xd1,0x02,0xe5,0x16,0xaa,0xd6,
  0xea,0x19,0xe7,0x5c,0x64,0x59,0x27,0x17,0x59,0x6f,0x61,0xd4,0x86,0x52,0xb8,0x1c,0x82,0xe7,0x2b,0x12,
  0x4e,0x29,0xce,0xca,0x7c,0x6f,0xd2,0x47,0x29,0xe1,0x49,0xcb,0x16,0x83,0x8c,0xf6,0x76,0x96,0x48,0x29,
  0xe4,0x58,0x17,0x4b,0xf0,0xee,0xec,0x6a,0xe0,0xa6,0x24,0xc3,0x58,0xd7,0x1d,0x4a,0x63,0x4d,0xc4,0xce,
  0xf1,0x5a,0x2e,0x0f,0x74,0x6d,0xe3,0x49,0x10,0xd5,0xf4,0x2c,0x86,0x9e,0x29,0xcb,0x65,0x5b,0xc8,0xb8,
  0xe7,0xb9,0x0d,0x51,0xb0,0x95,0xcf,0xbd,0x9c,0x8c,0x80,0x35,0x28,0xc8,0x11,0xd0,0xc5,0x49,0x68,0x4f,
  0x33,0x30,0x9b,0x25,0x48,0x06,0x50,0x75,0xb3,0xaf,0x70,0xbb,0xce,0xa4,0x59,0x85,0xb0,0x75,0x65,0xb4,
  0x60,0x69,0x9e,0xe7,0xda,0x1e,0xb7,0xa8,0xa3,0x42,0xe6,0x6f,0xab,0x94,0x36,0x5b,0x3b,0x44,0x9b,0x75,
  0x60,0x42,0x5f,0x32,0xb4,0xa9,0xad,0x82,0xac,0xa5,0x52,0x23,0xf9,0xb0,0x51,0x5a,0xf7,0x95,0xdd,0x1a,
  0xd4,0xf5,0x32,0xbb,0xc9,0x14,0x90,0xee,0x5b,0x51,0x4a,0x0f,0x58,0x26,0x8c,0xd3,0x49,0x4c,0x43,0x71,
  0x24,0xc2,0xa8,0x1e,0x0a,0x27,0x19,0x0a,0xa7,0x3e,0x09,0x88,0xaf,0xf8,0xb1,0x7a,0xf6,0xe9,0x19,0x6b,
  0x14,0x70,0xd5,0x46,0xf6,0xcc,0x05,0x31,0x43,0x1a,0x2f,0x32,0x79,0x4a,0x83,0xf6,0x9d,0x5d,0xe0,0xa7,
  0xaa,0x81,0x59,0xbc,0x8a,0x9e,0x8a,0x66,0xb6,0x25,0xe2,0xea,0xe0,0x19,0x5a,0x16,0xa9,0xe8,0xd2,0xac,
  0xca,0x2f,0x71,0x60,0xc6,0xa9,0x95,0x42,0x13,0x4b,0xf7,0x14,0x89,0xa5,0xc8,0x9c,0x4d,0xed,0x63,0x51,
  0x47,0xf6,0xc4,0xb5,0xa5,0x33,0x09,0xd2,0xd0,0xf6,0x86,0x15,0x90,0x7e,0x67,0x36,0x32,0xea,0x46,0xab,
  0xb3,0x85,0x6a,0x46,0x03,0x99,0x5c,0x87,0x82,0x03,0x05,0xa1,0x65,0xd4,0x95,0x1c,0xd6,0xda,0x26,0x1d,
  0xd5,0x40,0xf6,0x30,0xd2,0x32,0x8b,0xca,0x9a,0x1d,0xbd,0xb0,0x09,0x10,0xd7,0x1a,0x3b,0x9d,0xd4,0xd9,
  0xb2,0x96,0x80,0x32,0x0a,0x94,0xdb,0x52,0x99,0x22,0xdd,0x69,0x2c,0x6d,0x93,0x0b,0xfb,0x14,0x22,0x76,
  0x4b,0x06,0x58,0x52,0x3b,0x59,0x4a,0xaf,0x4b,0xae,0xc6,0x52,0x0b,0x2d,0x6f,0xa0,0x1b,0xfd,0x62,0x86,
  0xa0,0x6c,0xb0,0xe5,0x64,0x40,0x21,0x2b,0xae,0x75,0xb8,0x55,0xd2,0x5e,0x85,0xa9,0x85,0x71,0x97,0xea,
  0xa9,0x40,0x34,0xa7,0x99,0x96,0x80,0x21,0x41,0x5b,0xe3,0x17,0x13,0x59,0x29,0xb1,0x9e,0xd3,0x1e,0x69,
  0x5c,0xbc,0xd4,0x63,0xaa,0x3a,0x52,0x45,0xa5,0xcb,0x17,0xcc,0x58,0xc4,0xc3,0xd1,0xca,0x56,0x14,0x97,
  0x5e,0x23,0xc9,0x5e,0x8c,0x96,0x0a,0x1e,0xf0,0x2e,0x47,0xa9,0xab,0x87,0xd1,0xd3,0xe8,0x7a,0x14,0xca,
  0xd4,0x5e,0xdc,0x68,0xb0,0x74,0xc9,0xc5,0xb8,0xb2,0xe4,0x50,0x79,0x8a,0x6d,0xd1,0xc0,0x95,0x58,0xc7,
  0x9e,0xd7,0xf1,0xef,0x92,0xed,0xc6,0xa1,0x6a,0x56,0x63,0x17,0x8c,0x77,0x7b,0x17,0x85,0xaa,0x90,0x40,
  0xdb,0x2d,0x4b,0xe7,0xe7,0xd2,0x67,0xa9,0x29,0xa9,0xa3,0x91,0xe8,0xda,0xfe,0xfc,0x64,0x24,0x42,0x91,
  0x8d,0x4b,0xae,0x6d,0x29,0x63,0x49,0xe5,0x59,0x8f,0x41,0x57,0xa6,0xe6,0xd1,0x1e,0x80,0x81,0x03,0x8f,
  0xa0,0x87,0x7c,0x84,0x2e,0xfb,0x15,0x21,0x1e,0x61,0x55,0x21,0xb4,0xae,0xf0,0x59,0xf7,0x83,0x58,0x9f,
  0x6d,0xab,0x95,0x77,0xe3,0xc8,0xbc,0x96,0xb8,0x18,0xd2,0x64,0x17,0xb1,0x9d,0xf9,0x08,0xf9,0x17,0xca,
  0x5a,0xea,0xaa,0x68,0xab,0xa0,0xd7,0x32,0xe3,0xc5,0xa8,0xa0,0x74,0xe1,0x0a,0x15,0xbf,0x92,0x77,0xaf,
  0x63,0xf6,0x56,0x1b,0xb9,0xc2,0x6c,0x4a,0x39,0x18,0xcc,0x09,0x0c,0x0b,0xee,0xf0,0x12,0x68,0xc2,0xcf,
  0x56,0x67,0x56,0xcc,0xbf,0xe0,0x42,0x6b,0x96,0x20,0xf5,0xdd,0x10,0x14,0xe0,0xe3,0x1b,0xd2,0x1a,0xac,
  0x5c,0x0a,0xfc,0x48,0x33,0x25,0x8b,0x33,0x77,0x79,0xa7,0x59,0x62,0xbd,0x90,0x53,0xad,0xe6,0x4a,0xeb,
  0xd5,0x5c,0x61,0xbd,0xb6,0x56,0x5b,0x2f,0x3d,0xb0,0xdc,0x53,0xfe,0xd0,0xb5,0x8c,0x57,0xbb,0x68,0xbc,
  0x9a,0xeb,0x0c,0x57,0x87,0x0c,0x97,0x6e,0xa1,0x3a,0xdb,0xc5,0x12,0x04,0x26,0x67,0xb3,0x9a,0x57,0xda,
  0xac,0x66,0x39,0xc8,0x6b,0xcc,0xd4,0xf6,0x35,0xcc,0x94,0x95,0xc5,0x9c,0x68,0xf9,0x4b,0xcc,0xd4,0x0a,
  0x65,0xa4,0x37,0xdc,0xfd,0x08,0xfb,0xb6,0x5b,0x30,0x6f,0x68,0xad,0x08,0x03,0xdb,0x1f,0x6b,0xe7,0x3a,
  0x79,0x3b,0xd7,0x2e,0xb5,0x73,0xde,0x40,0x46,0x1d,0x5b,0x5a,0x92,0x6d,0x2b,0x9f,0x6b,0xb4,0x3a,0xd7,
  0x33,0x91,0xa5,0x96,0x98,0xbd,0x4c,0x7b,0x5a,0x8a,0xed,0x9c,0x49,0x52,0x94,0xdc,0xca,0x47,0xf5,0xad,
  0xeb,0xda,0x98,0xd6,0x5e,0x86,0xf1,0x2d,0xc6,0xf8,0x0a,0x25,0xaa,0xc9,0xf0,0x6e,0x61,0x19,0x78,0x9d,
  0xb9,0x2d,0x49,0xb1,0x70,0x98,0x74,0x03,0xd5,0xb0,0x1d,0x0a,0x3b,0xb7,0x03,0xe5,0x5f,0x76,0x47,0x49,
  0x6e,0xd7,0x85,0x96,0x13,0x08,0x05,0x01,0x06,0xc0,0xe3,0x6e,0x1c,0xaf,0x60,0xfd,0x3a,0x0b,0x05,0xea,
  0x47,0xed,0xb6,0x58,0x34,0xe2,0x20,0xf0,0xea,0xab,0xb3,0x39,0xec,0x4d,0x37,0x8d,0x56,0xf3,0x7a,0x09,
  0xcc,0xd8,0x9d,0xc0,0x7c,0x64,0x4f,0x4b,0x26,0x9c,0xb2,0x66,0xed,0x46,0x1b,0x4c,0xf8,0xd6,0x6e,0x1a,
  0x7e,0x43,0x87,0xae,0x0d,0x7f,0xfd,0x04,0xda,0xba,0xc3,0x6e,0x6c,0x03,0xfb,0xda,0x21,0x3e,0x47,0xeb,
  0x6c,0x3a,0xfb,0x1b,0x72,0x48,0xca,0x98,0xae,0x58,0x7f,0xc8,0xd7,0x91,0xb9,0x2b,0x5e,0x73,0xd0,0xd7,
  0x05,0xaf,0x93,0xd5,0xce,0x75,0xc4,0x7b,0x60,0x8a,0x0b,0xc4,0x5c,0x05,0x22,0x9f,0x48,0x94,0x01,0x54,
  0x90,0x5e,0x8a,0x2d,0xc8,0x76,0x91,0x4f,0x82,0xff,0x14,0xba,0xc8,0x2f,0x92,0xf4,0x4a,0xa2,0xdd,0xc2,
  0x5a,0x88,0xe6,0xc8,0xa9,0xae,0xa8,0xa7,0x15,0xb9,0x3d,0xae,0x66,0x47,0x63,0x14,0xa6,0xc9,0xd5,0x2b,
  0x38,0xad,0x7c,0x03,0x85,0x05,0x0d,0x8f,0x6a,0x39,0x87,0xea,0x78,0x2e,0xf8,0x04,0xf8,0x4f,0x9d,0xb6,
  0xc6,0xf1,0x76,0x08,0x05,0x62,0x33,0x25,0x26,0x09,0xb6,0x9e,0x4b,0xb2,0xd0,0x0a,0xe7,0x83,0x7f,0xad,
  0x47,0xc3,0x73,0x4b,0x20,0xb5,0xca,0x97,0x6e,0xaf,0x95,0x98,0xc8,0xf9,0xbf,0xcd,0xdc,0x50,0x39,0xe9,
  0xb8,0x72,0xb4,0x12,0xc6,0x5a,0xe5,0x77,0x66,0x63,0xe8,0xdb,0xa9,0xd6,0x67,0xf8,0xd9,0x05,0x1b,0x85,
  0xae,0x3f,0x5e,0x9f,0xef,0xcf,0x3a,0x6f,0x38,0x80,0x73,0x03,0x35,0x36,0x2f,0x5b,0x39,0x62,0x18,0x84,
  0xb4,0x39,0xae,0x4b,0x5a,0x24,0x1e,0x81,0xea,0x3a,0x1e,0x95,0xae,0xef,0x67,0xbd,0x68,0xfe,0xa3,0x5c,
  0x99,0x6c,0x16,0x99,0x2d,0x0a,0xeb,0x81,0xef,0xcd,0x4b,0x3c,0x64,0xc9,0x7a,0xd9,0xc4,0x5a,0x3a,0x71,
  0x79,0xcb,0x54,0x6f,0xe8,0xb9,0xd3,0x2e,0xba,0x7a,0x10,0x28,0xd1,0x7f,0x98,0xd6,0x25,0xfe,0xb5,0x41,
  0x1f,0x4c,0xce,0xd2,0x9c,0xa1,0xb5,0x94,0xfa,0x77,0x72,0x35,0x0d,0x3d,0x6b,0xbf,0x9c,0x2a,0xcc,0x55,
  0x05,0xb5,0xbf,0x6a,0x1b,0x10,0xc7,0xb3,0x28,0xf7,0xab,0xf2,0x7b,0x99,0xa7,0xa7,0xfb,0x7f,0x67,0x6c,
  0x68,0x46,0xb8,0x57,0x74,0x39,0x00,0x5f,0x21,0xde,0xaa,0xca,0xf6,0x0a,0x35,0x93,0xf7,0xd3,0x57,0xe9,
  0x59,0x82,0x76,0x65,0x7a,0xaf,0x31,0x76,0x21,0x80,0x14,0x20,0xc7,0xd8,0xbc,0x34,0x7b,0x95,0x29,0x82,
  0x82,0x52,0x5a,0xed,0xb2,0x5f,0xd1,0x69,0x6b,0x75,0x3e,0x27,0x87,0xa8,0xd5,0xdd,0xb4,0xd9,0xeb,0x04,
  0x67,0xb3,0xdb,0x32,0x36,0x0d,0x09,0x6a,0xd6,0xf6,0xc0,0x46,0x9b,0x88,0xba,0x25,0x1e,0xf1,0x72,0x5c,
  0x65,0xab,0x9a,0xeb,0xa1,0x95,0xf5,0x70,0x45,0xc3,0x4e,0xbe,0xa1,0x55,0xde,0xd0,0x48,0x1d,0x03,0xc5,
  0xce,0x94,0xb2,0xd5,0x04,0x75,0x2f,0x73,0x38,0x78,0x7a,0x2b,0x11,0x5b,0x5a,0x69,0x79,0x39,0x66,0xb9,
  0x1e,0x69,0x56,0x4d,0x63,0x92,0x03,0xbe,0x28,0xf2,0x5e,0xa9,0x87,0xac,0xf9,0xd3,0x5c,0xb3,0x6c,0xe5,
  0xbd,0xa9,0xb3,0x52,0x79,0x88,0xb3,0x14,0xcb,0xac,0xe6,0xfc,0xe2,0x88,0xba,0x8b,0xaa,0x29,0xbc,0xad,
  0xad,0xa5,0x7a,0xeb,0x52,0x36,0x12,0x1d,0x39,0x69,0x50,0x26,0xa5,0xa9,0x79,0xe7,0x7a,0x3d,0x65,0x9a,
  0x4b,0x3d,0xdc,0x72,0xea,0x36,0x97,0x46,0xcc,0xdc,0xa6,0xdc,0x70,0xc6,0xf6,0x4a,0xb2,0x17,0x73,0x5d,
  0x79,0xdf,0x79,0x0d,0x5d,0xf7,0x3a,0x2b,0x88,0x55,0xea,0x4c,0xeb,0x33,0x65,0xb3,0xbf,0x2a,0xe2,0xdf,
  0x2d,0x6d,0x53,0x50,0x4b,0x85,0xc6,0x8b,0x9f,0x2b,0xe8,0xcd,0x06,0x5e,0x1b,0x7b,0xae,0x09,0x37,0x77,
  0x29,0x94,0xdc,0xd5,0x53,0xa2,0xd6,0x96,0xcc,0x9d,0x62,0xe1,0x92,0x24,0x9c,0x95,0x24,0x3d,0x57,0xcb,
  0x26,0xfb,0x56,0xd7,0x91,0xce,0xfc,0xc2,0x48,0xf3,0x3a,0x24,0xdd,0x6e,0x6a,0x5b,0xbb,0x9a,0x32,0x6f,
  0xb6,0xbf,0xc9,0x87,0x07,0xf6,0x37,0xf9,0x20,0x04,0x2e,0x79,0x1e,0xdc,0xd8,0xa7,0x85,0x92,0x83,0x7d,
  0x88,0xa4,0x0c,0xf0,0xa2,0xa3,0xa8,0xbf,0x41,0x2b,0x28,0x1b,0x50,0xe1,0xe0,0x2f,0x7f,0xf8,0xb7,0xfb,
  0x9b,0x83,0x83,0x7d,0x54,0x89,0x74,0x36,0x61,0x7f,0x10,0x1e,0xa4,0xc7,0x13,0xa0,0x43,0x2c,0xdf,0xdf,
  0x84,0xb6,0x07,0xfb,0xb8,0x62,0x82,0x9e,0x36,0xb3,0x6d,0x7f,0xe3,0xa1,0x67,0xcf,0xfc,0x8b,0xef,0x0c,
  0x28,0x77,0x8f,0xc1,0x9b,0xc4,0x0e,0x69,0x5a,0x86,0x63,0xc7,0x76,0x1d,0xa7,0xd0,0xdf,0x50,0xc1,0xd2,
  0x86,0x1a,0x9b,0xb7,0xaa,0x6e,0xe0,0xc8,0xc6,0x2d,0x7f,0x10,0x4d,0x7b,0xc6,0xb3,0xcb,0x3f,0x89,0x91,
  0x27,0x1c,0x80,0x84,0xda,0x97,0xf5,0x83,0xb8,0x80,0x46,0x7f,0xfc,0xdf,0xaa,0xd1,0x67,0xc1,0xe4,0xe2,
  0xfd,0xd0,0x0f,0xa2,0x78,0x5d,0x33,0xe1,0x8b,0xf0,0x78,0xbe,0x71,0xf0,0xcf,0x7f,0xab,0xda,0x3d,0xc0,
  0x12,0x57,0xac,0x1d,0x0b,0x66,0x1f,0x84,0xd0,0xea,0x2f,0xff,0xe9,0xef,0x55,0xb3,0x87,0x54,0xb6,0xbe,
  0x9d,0xda,0x06,0x01,0x0d,0xff,0xcb,0x9f,0x54,0xc3,0x27,0x10,0x1f,0xda,0x33,0x01,0x88,0xca,0x9a,0x6e,
  0x02,0xca,0x72,0x04,0xc9,0xd6,0xb2,0x36,0x98,0x16,0xea,0x05,0x66,0x8e,0xa0,0xbb,0xff,0xfc,0x37,0xc6,
  0x97,0x4f,0x7f,0x7d,0xf1,0xd7,0x5f,0x3e,0xb9,0xf8,0xda,0x78,0xfe,0xe0,0xf2,0xfb,0x47,0x8f,0x15,0x6d,
  0x80,0x5e,0x5f,0x89,0x81,0x01,0x1e,0xd3,0x78,0x1e,0x27,0x6f,0x85,0x3c,0x4f,0x02,0xc5,0xdc,0x91,0xeb,
  0xa8,0xee,0xdd,0x29,0xf4,0xf4,0xbb,0xff,0x98,0x27,0xea,0x26,0x73,0xc7,0x8d,0x7d,0x4c,0x22,0xf1,0x09,
  0x1a,0x11,0x12,0x6c,0xf0,0xd0,0xa2,0xd6,0xc4,0x8b,0x64,0x04,0x36,0x0e,0x14,0xa9,0x0c,0x27,0x45,0xbf,
  0x0b,0xec,0xd6,0x3a,0xd8,0x9f,0x66,0x75,0xa3,0x64,0x20,0xab,0xbf,0xba,0x78,0x7f,0xf9,0x1e,0xeb,0x06,
  0x33,0x60,0x13,0xe3,0xad,0x70,0xfc,0x60,0x62,0x4c,0x2e,0xbe,0x8b,0xe2,0x0f,0xdf,0xec,0x6f,0x4e,0x15,
  0x14,0x1a,0x2a,0xf2,0x49,0xb7,0x8c,0xa7,0xb0,0xf7,0x34,0x6a,0xe7,0x15,0xd6,0xc8,0xc6,0x43,0x38,0x06,
  0x8d,0xd5,0xdf,0x78,0x6d,0x4f,0x7d,0x08,0x56,0x8d,0x51,0x00,0x72,0x14,0xcc,0x2e,0xbe,0x07,0x3b,0x1f,
  0x5c,0xfe,0xc9,0xfd,0xf0,0x35,0x22,0xf0,0x7f,0xa5,0x84,0xc4,0xd7,0xf3,0x8c,0x16,0xda,0xd0,0x94,0xa1,
  0xdd,0xd0,0xf0,0x26,0x0b,0x34,0xa4,0xd1,0x7e,0x5f,0x7a,0x07,0x74,0x17,0xea,0x15,0x16,0xa6,0x08,0xe5,
  0x7f,0x35,0x44,0x72,0x57,0x81,0xef,0x73,0x0e,0x32,0x95,0x04,0x4e,0xb6,0x19,0xbc,0x1f,0xb8,0x40,0x77,
  0x87,0x38,0x41,0x0d,0x9a,0xc2,0x93,0x76,0x42,0x69,0x03,0x22,0x87,0x3b,0x0d,0xde,0x26,0x6f,0x5d,0x26,
  0xfb,0x5f,0x7e,0xf7,0xdf,0x73,0xe4,0xbd,0xb1,0x1f,0x71,0xfd,0x8c,0x38,0x4b,0x02,0x89,0x1a,0x72,0x03,
  0xd5,0x04,0xbb,0x32,0x29,0x32,0x40,0xe1,0x6d,0xe4,0xd1,0x93,0x3a,0x03,0x05,0x60,0x71,0x17,0xeb,0x06,
  0xab,0x12,0x1e,0x7b,0x64,0x1d,0xfc,0x66,0xe6,0xbb,0xf1,0xe5,0x9f,0x00,0x11,0x56,0x09,0x91,0x29,0x99,
  0xa6,0x7a,0x21,0x09,0x3a,0x72,0x85,0x07,0x20,0x82,0x7f,0x1e,0x04,0x21,0x29,0x6c,0x1d,0xef,0x46,0x6e,
  0x3c,0xdc,0xbc,0xba,0x71,0xf0,0x4f,0xff,0x70,0x3f,0xcf,0xca,0x4c,0x86,0x97,0x62,0xea,0x05,0xb1,0x6d,
  0xcc,0xf2,0x2c,0x2a,0x69,0xa4,0xc1,0x90,0xa5,0xc8,0x36,0x24,0xbf,0x73,0x9d,0x57,0xde,0x68,0x4c,0x5a,
  0x45,0x36,0xe1,0xfc,0xd9,0x6a,0x58,0x47,0xc9,0x24,0x07,0xea,0x2f,0x51,0x0d,0x73,0x93,0x74,0xde,0xaa,
  0xef,0xc7,0xae,0xdf,0x00,0x07,0x14,0x14,0x79,0xa3,0xd0,0x7f,0x59,0xcf,0xa0,0xa5,0x8f,0x53,0x1e,0xcb,
  0x75,0xa9,0x64,0x97,0x49,0xf6,0x73,0x10,0xef,0x4f,0xff,0x43,0x23,0xde,0x2b,0xe1,0x8f,0x93,0x8f,0x25,
  0x1d,0xc8,0xde,0x4f,0xa5,0x1d,0x8e,0x1b,0x90,0x4d,0xf9,0xec,0xe1,0x4b,0xcb,0xfa,0x17,0xa1,0x9a,0x02,
  0xf3,0x5f,0x80,0x6c,0xaa,0xeb,0x9f,0x46,0x37,0x43,0x5f,0x4c,0xfa,0x38,0x22,0xfe,0xd7,0xff,0xa3,0x11,
  0xf1,0x33,0x5f,0x5c,0xbe,0x47,0x5c,0x46,0xb3,0x8b,0xf7,0xb1,0x18,0x17,0xe9,0x89,0x1a,0x41,0x4f,0x51,
  0xa7,0x0a,0x21,0x57,0xc8,0xb3,0xd0,0x70,0x01,0xdd,0x46,0x46,0x04,0xa6,0x5f,0xef,0xf9,0xfa,0x74,0x7a,
  0x7d,0xf1,0x5d,0x1c,0xda,0x45,0x2c,0xea,0xb0,0x40,0x78,0x11,0x84,0xe0,0xa8,0xfd,0x78,0x04,0xd2,0x3e,
  0x86,0x8f,0xc3,0xdc,0x1f,0xff,0xb7,0x86,0xb9,0xa7,0xd1,0xec,0xc3,0x37,0x50,0x15,0x91,0x97,0xb7,0x73,
  0x65,0x02,0x91,0x6e,0xee,0x56,0x13,0x1d,0xb5,0xf3,0xaf,0xe4,0xb0,0x2f,0xa8,0xd3,0x00,0x2c,0xb5,0x63,
  0xc0,0x9c,0x92,0x41,0x80,0x22,0xd6,0x46,0xcb,0xa9,0x33,0x11,0xb5,0x69,0xd5,0xa5,0x55,0x50,0x3d,0x51,
  0x36,0x45,0x62,0xa4,0xcc,0x6a,0x62,0x30,0xb4,0xc1,0xfd,0xe0,0xcf,0xfe,0x46,0x4b,0x4e,0x4a,0xc3,0x5a,
  0xae,0x3a,0xc5,0x44,0x05,0x8f,0x8d,0x86,0xc6,0xa6,0xfc,0x18,0xf8,0xfd,0x8d,0x38,0x04,0x61,0x37,0xd4,
  0xa1,0xc2,0x03,0x69,0x63,0xcb,0x9d,0xa0,0x92,0xe6,0x47,0xb6,0x17,0xe9,0xed,0x5f,0xcd,0x0b,0xed,0x19,
  0xb2,0x69,0x6a,0xf6,0x38,0x30,0xd9,0x38,0x78,0x2e,0xbc,0x8b,0x6f,0x8d,0x16,0x9e,0x8f,0xfd,0xd5,0xb3,
  0x47,0x4f,0xad,0x6d,0xfc,0x35,0x0d,0xe2,0x59,0x78,0x1a,0xcc,0x6c,0x1f,0x8c,0xfb,0x14,0x0c,0x99,0xa7,
  0x0e,0xcf,0x4e,0x7f,0x5e,0x65,0xf8,0xc7,0xbf,0xd6,0xb8,0xe1,0x59,0xf0,0xe1,0x6b,0x3b,0x02,0x56,0x00,
  0x08,0x9e,0x88,0xd1,0xcc,0x3d,0x75,0xe6,0xd7,0xd1,0x8d,0xc8,0xd3,0x27,0xc2,0x8e,0x47,0xe2,0x47,0xea,
  0xc4,0x69,0xa1,0x8b,0x77,0x71,0x91,0x1d,0x9e,0xd8,0x1f,0xbe,0x06,0x79,0xba,0x78,0x3f,0x31,0xa6,0xe0,
  0x98,0x39,0x80,0x93,0x0f,0xdf,0x7c,0xf8,0x1b,0xf2,0x02,0xa6,0xd7,0x53,0x9b,0x28,0x8e,0x65,0xd2,0xa8,
  0x86,0x3d,0x71,0x7d,0xa7,0x54,0x12,0xaf,0xd4,0xbd,0xb9,0x6e,0x34,0x6d,0x5b,0x22,0xcf,0x4b,0xf4,0xcf,
  0xb5,0xc5,0x95,0x99,0x8d,0x83,0x47,0x98,0x79,0xf3,0x45,0x0c,0x9e,0xdd,0xfb,0xdc,0x6c,0x8d,0xa7,0x53,
  0xe1,0xd7,0x1f,0x8b,0x58,0x04,0xd7,0x60,0x04,0x52,0x0e,0x6d,0x23,0xb7,0x72,0x93,0x67,0x0e,0x96,0x64,
  0x24,0xbc,0x3e,0x08,0x78,0xaf,0x3b,0x86,0xe3,0x97,0xb1,0x41,0xe6,0x13,0x96,0xaf,0x2a,0xad,0xa7,0x53,
  0xce,0x79,0x54,0x7a,0x79,0xa9,0xa3,0x94,0xf2,0x69,0x41,0x89,0x2e,0xdc,0x94,0xce,0x5e,0x99,0xdb,0x47,
  0xf1,0x53,0xce,0xe5,0x33,0x38,0x69,0x7a,0xf0,0x33,0x88,0x8b,0xae,0x3c,0xcb,0xd5,0xdc,0x55,0x8a,0x73,
  0x9d,0x0e,0x4c,0xb5,0xde,0xff,0xc7,0xfa,0x4e,0x2a,0xb9,0x4d,0xe3,0xd1,0x13,0x52,0x7a,0x77,0xef,0xbf,
  0x7c,0xf4,0xea,0x01,0x04,0x7d,0x5f,0xe5,0x79,0xfa,0x27,0x13,0xeb,0x9f,0xff,0x56,0xf7,0xf3,0x02,0xcf,
  0x07,0x35,0x1b,0xa2,0xb2,0xfd,0x71,0x44,0xb2,0x3e,0x8a,0x48,0x16,0x8f,0xff,0x23,0x68,0x64,0xfd,0x34,
  0x1a,0x59,0x3f,0x17,0x8d,0xda,0x6d,0xa2,0x91,0x85,0x34,0x0a,0xc5,0x29,0x48,0x29,0xaa,0x04,0x08,0x36,
  0xa3,0x38,0x99,0x5e,0x4d,0x2a,0x23,0x97,0xa3,0x66,0x35,0xf3,0xe1,0x0f,0x76,0x04,0x36,0xed,0xc3,0xd7,
  0xa8,0x63,0x66,0x36,0xe8,0x07,0xca,0x15,0x20,0x35,0x94,0x3a,0xc8,0xa5,0x27,0x53,0x29,0x2e,0x94,0x86,
  0x01,0x46,0xc1,0xb2,0xe3,0x66,0xb3,0xdb,0x6a,0x76,0x9b,0xcd,0x65,0x34,0xeb,0x2b,0x03,0x00,0x00,0xe5,
  0x72,0xd0,0xc1,0x4d,0xe2,0xf9,0x3e,0x95,0x6a,0x23,0x4e,0xb0,0x58,0x80,0x3a,0xa6,0x83,0x24,0x1b,0x7e,
  0x82,0x6b,0x1b,0x1b,0x98,0x2c,0xeb,0x6f,0x34,0x37,0xd0,0x1f,0x06,0xf6,0xdf,0xda,0x82,0x9f,0x64,0xf9,
  0xe0,0x01,0x7e,0x52,0x27,0x93,0xc0,0xe1,0x06,0xb8,0x20,0x8b,0xba,0x8a,0xc7,0x91,0xc3,0xbd,0x10,0xe3,
  0xc4,0x77,0x96,0xc7,0x03,0xad,0x15,0xf8,0xce,0xfa,0xf1,0x3a,0x7b,0xe9,0x68,0x57,0x0d,0xb6,0x62,0xee,
  0x32,0x41,0x59,0x60,0x34,0x39,0x57,0x18,0x60,0xe3,0xa0,0x83,0x43,0x96,0x33,0x54,0x5a,0x0d,0xa6,0x7a,
  0xd0,0x6a,0x5e,0xa7,0x22,0x74,0xd8,0xba,0x4e,0x8f,0x6d,0xe8,0xb1,0x5d,0xe8,0xf1,0x6a,0x29,0xd1,0xb0,
  0x87,0xdb,0xaa,0xb4,0x3c,0x1b,0x2e,0x56,0x81,0xdb,0x39,0xc5,0xdd,0x7a,0xcb,0xe2,0x91,0xb5,0x9b,0xda,
  0x49,0x4e,0x20,0x9e,0x05,0xa7,0x94,0xb3,0x72,0x97,0x64,0x62,0xa9,0x29,0x61,0xb2,0xc0,0x90,0x5c,0x76,
  0xf0,0x3a,0x4c,0x2e,0xdf,0xeb,0x5d,0x4c,0xf3,0xa0,0xea,0xde,0x6d,0x6a,0xf6,0x99,0x87,0x95,0x4a,0xe1,
  0xd4,0x59,0x2c,0xc0,0x09,0x1f,0x24,0xa9,0x68,0x34,0xae,0xa5,0x11,0xc9,0x71,0x3b,0xf5,0xc1,0xe4,0x8e,
  0xe7,0x06,0xc8,0xd5,0xe9,0xd8,0x3e,0x65,0xa1,0x22,0xe6,0x48,0x41,0x4e,0xd3,0xf0,0x1b,0xe8,0x13,0x60,
  0x9e,0x11,0x90,0x41,0x66,0x1b,0x00,0xb8,0x1f,0x18,0x6f,0x05,0xba,0x9d,0x30,0xf2,0xc0,0xc6,0x58,0x00,
  0x7a,0xfa,0xf0,0x8d,0x03,0x16,0xee,0x4e,0xca,0x65,0x2a,0xd7,0x4f,0xd3,0xd3,0x9b,0x1b,0x98,0x6d,0xee,
  0x6f,0xec,0x10,0xe3,0x42,0x34,0x71,0x1c,0x8f,0xfa,0x1b,0xdb,0xcd,0x26,0xb0,0x2d,0x1d,0x48,0x18,0x05,
  0x9e,0x23,0x60,0xc8,0x27,0x36,0x38,0x05,0x17,0xdf,0x8d,0x3d,0xdb,0xe9,0x1a,0xaf,0xc4,0x87,0xaf,0x05,
  0x0c,0x87,0x03,0xcf,0x0c,0x20,0x87,0xef,0x0e,0xdd,0x06,0x78,0x1c,0xa7,0xf6,0x14,0x4c,0x38,0x65,0xb8,
  0xc6,0x41,0x32,0x75,0x63,0x63,0x02,0x5a,0x7b,0x1c,0x80,0x13,0x81,0x2c,0xaf,0xa0,0x50,0x78,0x26,0x10,
  0xae,0x89,0xe7,0xdf,0x8c,0xbd,0x8b,0xf7,0x0e,0xb8,0x55,0x91,0xa0,0x6b,0x1c,0x26,0xb8,0x69,0x1f,0xd0,
  0x36,0x33,0xe0,0x77,0x1c,0x18,0x74,0xbc,0x24,0x4e,0xae,0x81,0xf8,0xb2,0xd0,0x2b,0xf5,0xa7,0x2e,0xfe,
  0xcb,0x38,0xf0,0x96,0x7c,0x26,0x4a,0x6f,0x0f,0x83,0x04,0x79,0xb5,0x69,0x9c,0x0e,0x2e,0xbe,0x07,0x07,
  0xaf,0xe0,0x16,0xf1,0x36,0x01,0x55,0x19,0x9f,0x32,0x9e,0x4b,0x4b,0x0a,0x94,0x95,0x4b,0xc9,0x92,0xac,
  0x54,0x8d,0x73,0x66,0x4f,0x28,0x37,0x78,0xf1,0x8f,0x00,0x4c,0x4a,0x43,0x4d,0x11,0xa5,0x15,0x75,0xaa,
  0x59,0x4b,0x44,0xc3,0xcc,0x1b,0x88,0xaf,0xe1,0x67,0xbd,0x21,0x25,0xc0,0x28,0xfc,0x55,0xe2,0x86,0xc2,
  0x49,0x85,0xa5,0x20,0x8e,0xb2,0x9d,0x26,0x59,0x08,0xfc,0xc1,0x7e,0xa2,0x61,0x03,0x93,0xfd,0xf9,0x09,
  0x52,0x09,0xd4,0x4d,0xbc,0x54,0x8e,0xb0,0x18,0xa2,0x8a,0x78,0xbe,0x44,0x5d,0xb0,0x88,0xf1,0xc5,0x77,
  0x13,0xe3,0xf2,0x07,0xa0,0x2a,0xda,0x77,0x82,0x6e,0xde,0x30,0x68,0x6c,0xf1,0x16,0x04,0x6a,0x4a,0x76,
  0x8b,0x09,0x9a,0xf5,0x77,0x5d,0x7e,0x61,0x42,0x1a,0xa7,0x97,0x7f,0x8e,0xc0,0xa7,0x9d,0xd9,0x6f,0xc1,
  0x04,0x26,0x5e,0x70,0xf9,0x83,0xc0,0xd1,0xae,0xe0,0x1a,0xe4,0x0c,0xe5,0x79,0x2a,0xfb,0xb6,0xe4,0xd4,
  0x4e,0x73,0xc5,0xd2,0x8b,0xd6,0x22,0xdf,0x75,0x9e,0xae,0x4c,0xf9,0x7f,0x8c,0xaf,0x0b,0x1c,0x79,0x77,
  0x1c,0x27,0x17,0xef,0x3d,0x69,0xcd,0xc7,0x81,0x9f,0x59,0xe0,0xab,0x12,0x5f,0x51,0x80,0x9b,0x8d,0xa6,
  0xc1,0x09,0x1a,0xde,0xf5,0x31,0xde,0x57,0x65,0x59,0xaf,0x47,0x4f,0xee,0x5a,0xad,0xbd,0x8c,0xe5,0xaf,
  0xd6,0x6c,0x72,0x0d,0x03,0xe2,0x11,0x11,0x7d,0x2c,0x9c,0x71,0xe0,0xd8,0xf3,0x2b,0xe1,0x1c,0x95,0x00,
  0x4a,0x28,0x66,0xec,0x4a,0x8a,0xe4,0xb2,0xdf,0x57,0x83,0xfd,0x02,0xd4,0x19,0x45,0xef,0xef,0x0d,0x21,
  0x67,0x30,0x14,0xde,0x58,0x4c,0x3e,0x7e,0x0e,0xb1,0xed,0xfd,0xa8,0x39,0x1c,0xbc,0x08,0x12,0x50,0xb0,
  0xb1,0x11,0x8d,0xc1,0xe8,0x7e,0xf8,0xda,0xff,0xf0,0x8d,0x11,0x29,0xb0,0xbe,0x1f,0x8e,0x40,0x56,0x22,
  0x31,0xbe,0xfc,0xf3,0xf5,0xa6,0xc5,0xc1,0x64,0x5e,0xdd,0xe1,0x69,0x98,0x7c,0x8c,0x0d,0xfa,0x1d,0x0c,
  0x06,0xfa,0x74,0x57,0xe5,0x26,0x79,0x76,0xb3,0xc0,0x8b,0xed,0x2c,0x81,0x48,0xf3,0x7b,0xb5,0x26,0xfc,
  0x7e,0x06,0x51,0x96,0x73,0xdd,0xce,0xe5,0x45,0x20,0xb9,0xce,0x27,0x77,0xd7,0xe5,0x3e,0xed,0x77,0xee,
  0x24,0x99,0x18,0x10,0xce,0x81,0x65,0x47,0x17,0x23,0xb9,0xee,0x58,0xa0,0x40,0x73,0xe3,0x7c,0xf5,0x31,
  0xd1,0x3f,0x77,0xe1,0x05,0x43,0xda,0x67,0x94,0xc5,0x17,0x43,0xdb,0x9f,0xd9,0x11,0x2f,0x87,0xe0,0x71,
  0xf5,0xa2,0xbc,0x53,0xe1,0x46,0x7e,0xa1,0x52,0xae,0xdd,0x49,0xc9,0x4e,0x70,0xf7,0xd6,0xc5,0xfb,0x30,
  0x41,0x95,0xc2,0xdd,0xe9,0x74,0x5e,0x1b,0x45,0xcb,0x95,0xc1,0x6b,0x2b,0x97,0x32,0x0e,0x49,0x0d,0xe2,
  0x13,0x7b,0xf2,0xe1,0x1b,0x72,0x6a,0xde,0x1b,0xa3,0x74,0x7d,0x11,0x45,0x41,0x73,0xb4,0xc4,0x3b,0xba,
  0xaa,0xee,0xe0,0x01,0xfd,0x35,0xbe,0x78,0xf1,0xf4,0x49,0xd1,0x2d,0x5b,0x42,0x49,0x11,0xcc,0x75,0x38,
  0x89,0x69,0xbd,0x44,0x47,0x45,0x39,0x3d,0x64,0x9f,0x10,0x39,0x1c,0x05,0x5a,0x22,0xf2,0x5a,0xe2,0x81,
  0xeb,0x41,0xe0,0x5f,0x78,0x98,0x45,0x35,0x4e,0x6d,0xf4,0x76,0x4e,0xf3,0x51,0x8e,0x32,0xda,0x74,0x9a,
  0x0b,0x2f,0xcb,0x43,0xe3,0x01,0x7f,0x78,0x21,0x3b,0x0e,0xf1,0x27,0x45,0x4a,0xe0,0xe9,0x8c,0xe8,0xe1,
  0xe5,0x7c,0x9a,0xfe,0x56,0x9d,0x73,0xc1,0x26,0x56,0xdf,0x54,0x4d,0x71,0x11,0x9c,0x11,0x39,0x03,0xbe,
  0x8f,0xc8,0x57,0xa2,0x85,0x71,0xf8,0xcb,0x83,0x14,0xf2,0x28,0x6b,0x19,0x20,0x5d,0xe2,0x4d,0x21,0x4e,
  0x0b,0xae,0x34,0x31,0x2f,0xc9,0x20,0x92,0xbf,0x00,0x78,0x11,0xde,0xf2,0xec,0xb9,0x2f,0xa9,0x3d,0xee,
  0x43,0x54,0xfe,0xde,0x08,0x06,0xa1,0x7d,0x1a,0xcc,0xc6,0xf6,0xfe,0x94,0x12,0x52,0x53,0x1f,0xad,0x77,
  0x30,0xf2,0x2e,0xbe,0x03,0x7b,0xfb,0xe1,0xeb,0x1a,0xb8,0xa7,0xe3,0xc4,0x31,0x52,0x83,0x6b,0x24,0x13,
  0xb0,0xc4,0x97,0xbf,0x4f,0xde,0x8a,0x86,0x66,0x31,0x35,0x8e,0x3a,0x4a,0x3c,0x8f,0x17,0x50,0x37,0x96,
  0x83,0xe7,0xa5,0x80,0x23,0x0f,0xd4,0x93,0x00,0x74,0x26,0xd8,0xc8,0xd3,0xd8,0x83,0x70,0x0b,0x49,0x38,
  0x3d,0x78,0x8d,0xbf,0xd1,0x6e,0x9e,0xd2,0xca,0x30,0x88,0xf8,0xc5,0x7b,0x7f,0x3c,0xd7,0x47,0xcf,0xfc,
  0x2b,0xc7,0x9d,0xa8,0xf0,0x4e,0x5d,0x4c,0x90,0x67,0xcc,0xa5,0x11,0x36,0xae,0x04,0xea,0x61,0xba,0xe2,
  0x7b,0xf9,0x5e,0xc4,0xb4,0xe4,0x0b,0x60,0x7d,0x16,0xc4,0xf3,0xb1,0x31,0x03,0x60,0x40,0xf7,0x32,0xc6,
  0x8d,0x81,0x38,0x05,0x27,0x77,0x0a,0x01,0x17,0x14,0x51,0xda,0x63,0x05,0x8e,0xf4,0x05,0xe6,0x83,0xd7,
  0x44,0x04,0x57,0x2e,0x2d,0xcf,0xaf,0x8d,0xac,0xbb,0xa9,0x2f,0x0d,0xa0,0x2d,0x2f,0x4b,0x23,0x8c,0xc2,
  0x47,0x0b,0x64,0x59,0x10,0xaa,0xff,0xe5,0x77,0xff,0xa1,0x03,0x7f,0x30,0xb3,0x00,0x16,0x2a,0xc2,0x36,
  0x98,0x78,0x6e,0x18,0x3c,0x91,0x53,0x02,0x22,0x9d,0x89,0x6f,0x1b,0x2d,0x83,0x42,0xc7,0xa4,0x1c,0xd1,
  0x3e,0xee,0x13,0xe1,0x33,0xc8,0xcb,0x08,0xa7,0x5f,0x40,0x2b,0x1d,0xf1,0x39,0x68,0x15,0x8c,0xa8,0xf6,
  0x2d,0x0b,0x22,0x1f,0xa3,0x73,0x35,0x1d,0x90,0x3f,0xfd,0x20,0x32,0x4e,0x2f,0xde,0x4f,0xdd,0x08,0xac,
  0x28,0x42,0xf9,0x1c,0x54,0xc8,0x89,0x3d,0x87,0xc9,0xbe,0x00,0x67,0x71,0x04,0xd3,0x05,0xff,0x33,0xc2,
  0xbc,0x60,0x08,0x71,0x19,0x5f,0x6b,0x97,0xa0,0x4f,0x3a,0x0a,0xb0,0x3a,0xa2,0xe8,0xdb,0x89,0x71,0x22,
  0x30,0xe2,0xd3,0x36,0x79,0xb8,0x2b,0x08,0xc5,0xea,0xb1,0x4e,0x71,0x17,0xfa,0xe6,0xa9,0xa2,0x4c,0x81,
  0xb8,0x36,0xb9,0x52,0x48,0xa9,0x63,0xb4,0x3c,0x1e,0xe2,0x2f,0x71,0xd2,0x1c,0xd7,0xeb,0xb7,0xee,0xe5,
  0xfb,0xcb,0xbf,0xc7,0xe5,0xf6,0x29,0xaf,0xbc,0x23,0x83,0xaa,0x74,0xfb,0x8a,0xbc,0x56,0x7e,0x90,0xa7,
  0x03,0x98,0x21,0x06,0x6f,0x52,0xf3,0x7f,0xb7,0x3c,0xa5,0x50,0x1c,0x81,0xa5,0x1d,0x6d,0xa8,0xba,0xc5,
  0x09,0xac,0xf7,0xb4,0x0c,0xda,0x03,0xd4,0xdf,0x28,0x6c,0xb8,0x66,0x15,0xf4,0x19,0x38,0x27,0x84,0xcd,
  0xb1,0xad,0x96,0x4e,0x0a,0x3a,0x88,0xdc,0x97,0x92,0x3e,0xf0,0xba,0x87,0xbc,0x5b,0xf3,0x65,0x30,0x96,
  0x0e,0xf3,0xa3,0x67,0x6b,0x17,0xb3,0xa7,0x57,0xad,0x1f,0x7c,0xe5,0xd6,0x3f,0x77,0x8d,0xc8,0x3d,0x06,
  0x43,0xe8,0xad,0xeb,0x2a,0x8c,0x22,0xf7,0xaa,0xce,0x3e,0x0b,0x20,0x52,0x07,0x0d,0x39,0x0b,0x4e,0x93,
  0x75,0x7d,0x25,0x53,0x4c,0x45,0x5c,0xd5,0xdb,0xe7,0x6e,0x38,0x39,0x81,0xb8,0x7a,0x5d,0x4f,0x47,0xb2,
  0xce,0x95,0xcb,0x24,0x98,0x6d,0x7d,0x0f,0xf2,0x8b,0xb4,0xff,0xfb,0x75,0x3d,0x82,0xe9,0xba,0x12,0x69,
  0x2f,0x43,0x70,0x92,0x73,0x8e,0xc3,0xea,0xfe,0xb0,0x86,0xbd,0x76,0x49,0x7a,0x39,0xdb,0x89,0x9b,0x8a,
  0x5c,0x23,0x98,0x71,0x6a,0x00,0xc9,0x9c,0x6d,0x31,0xa2,0x7c,0xc5,0x24,0x60,0x16,0x82,0xb8,0x32,0xa0,
  0xe5,0x0d,0x4a,0x61,0x0a,0xae,0xc9,0x19,0x93,0x86,0xa1,0x56,0x6d,0xa0,0x28,0x81,0x78,0xf4,0x3b,0x5c,
  0xbc,0x01,0xa1,0xc9,0x2f,0xe0,0xd8,0x46,0x34,0xf7,0x87,0x23,0x80,0xca,0x3d,0x85,0x10,0x9b,0xd4,0xde,
  0x52,0xdc,0xa8,0x59,0xe5,0x4d,0xde,0xab,0x94,0x66,0x47,0x03,0x5a,0x20,0x61,0xfb,0x5b,0x08,0x55,0x0b,
  0xeb,0x2a,0xfa,0xcd,0x0c,0x1b,0x9a,0xd3,0xa1,0x15,0xe6,0xba,0x61,0xc1,0xdb,0x40,0xd3,0x4a,0x3b,0xc7,
  0x29,0xe7,0xa8,0x2b,0xcd,0x57,0x68,0x5e,0x40,0x9c,0x23,0x61,0x8c,0x59,0x33,0x27,0x1b,0xcb,0x7b,0x8a,
  0xf0,0xd4,0xe7,0x46,0xb6,0xa3,0x88,0x1e,0x35,0xab,0x95,0x1a,0x04,0x9d,0xc8,0xd9,0x1a,0x1a,0xf8,0xc1,
  0xe0,0x79,0xe4,0xf6,0x22,0x49,0x0a,0x4e,0xb5,0xf7,0xda,0x7e,0xa4,0x69,0x26,0x0b,0x60,0x39,0xc4,0x04,
  0xa1,0x93,0x76,0x30,0xce,0xe0,0x2c,0xdb,0xb7,0x74,0xa3,0x90,0x72,0xa6,0x1d,0xee,0x29,0xa2,0xe4,0x65,
  0x3a,0x05,0x1c,0xd9,0x9e,0x08,0x63,0x50,0x1b,0x5e,0x70,0x2c,0x71,0x33,0x81,0x10,0xd3,0x53,0x79,0xfa,
  0x0c,0x5b,0xe0,0x1c,0x0c,0xe6,0xb9,0x9e,0xd3,0x75,0x0a,0x0d,0x61,0xd9,0xc6,0x7b,0x52,0x59,0x45,0x60,
  0x54,0x13,0xf4,0x05,0xd3,0x94,0xa0,0x91,0x4c,0xbd,0xb9,0x9f,0x48,0x8f,0x6a,0x2a,0xb7,0x9d,0x21,0x1b,
  0x71,0x62,0x7d,0x0a,0x93,0x07,0x56,0x03,0x33,0x06,0xee,0xff,0x87,0xaf,0x5d,0x0f,0xcc,0xda,0x34,0xc0,
  0x38,0x90,0xb9,0x6c,0x29,0xaf,0xc9,0x43,0x81,0xd8,0x4c,0x97,0xf2,0xa9,0xaf,0x65,0x6e,0x14,0xc6,0x0c,
  0x4e,0x83,0x10,0xec,0x59,0x7e,0x6b,0x9f,0x26,0x54,0xc0,0x58,0xee,0x34,0x3e,0xb8,0x61,0x82,0x6d,0x42,
  0xb7,0xc8,0x1d,0xc6,0x66,0xef,0xc6,0xe6,0xa6,0x71,0xff,0x54,0x40,0xa8,0x89,0xf7,0x4a,0xfb,0x8e,0x1d,
  0x76,0x8d,0x51,0x1c,0x4f,0xa3,0xee,0xe6,0xe6,0xb1,0x1b,0x8f,0x92,0x41,0x63,0x18,0x4c,0x80,0xdb,0x8f,
  0x85,0x63,0x6f,0x46,0x33,0x3b,0x1e,0xcf,0xeb,0xf6,0xd4,0x85,0x90,0xdb,0x11,0x6f,0x23,0xa3,0xf2,0x1b,
  0xdf,0x73,0x01,0x94,0x48,0x54,0x1b,0x37,0x86,0x81,0x1f,0xc5,0xc6,0xfd,0xd7,0x0f,0xee,0x3f,0xfc,0xed,
  0x93,0xbb,0x8f,0x1f,0x7c,0x76,0xf7,0xdf,0xbc,0xe8,0x9f,0x6d,0x34,0x5b,0xcd,0xd6,0x46,0xf7,0xcd,0x06,
  0xb8,0x17,0xe0,0x40,0x02,0x93,0xcd,0x8d,0xc8,0x9e,0x04,0x28,0x14,0xfe,0xc5,0xb7,0x60,0x68,0xd9,0xc1,
  0xc0,0x5f,0x98,0xc1,0x89,0x93,0x8d,0xda,0x06,0xa7,0xc5,0xc2,0x60,0xbc,0x71,0x58,0xc3,0x0e,0xac,0x8d,
  0xee,0xc6,0xc3,0xb9,0x2f,0xc6,0x1b,0xf4,0xd8,0x86,0xc7,0x7b,0xc2,0x01,0x3e,0x1d,0x8e,0xb8,0x64,0x0b,
  0x2b,0x24,0xc7,0x01,0x3f,0x75,0xe0,0xe9,0x05,0x6f,0x07,0x21,0x74,0x0f,0x05,0x97,0x6f,0x43,0xf9,0x97,
  0x76,0x12,0xda,0xfc,0xb8,0x03,0x8f,0x5f,0xd8,0x61,0x80,0x1b,0x48,0x64,0xd1,0x2e,0x14,0x3d,0x8d,0xc6,
  0x76,0xc8,0x8f,0x7b,0x08,0xf8,0x97,0x20,0x6d,0xf8,0xfa,0x85,0x3d,0x49,0x84,0xc7,0x10,0xb5,0x9a,0x50,
  0xf1,0xd1,0x71,0xc0,0xf5,0x5a,0x30,0xc1,0x8d,0xcf,0x85,0xe7,0xbe,0xe3,0x47,0x04,0xf7,0x11,0x77,0x69,
  0xe1,0xe4,0x37,0x7e,0x0d,0x8c,0xe7,0xcb,0x67,0x7c,0xf9,0x44,0x78,0xf2,0x09,0xa7,0x72,0xd7,0x17,0x97,
  0x3f,0x8c,0x65,0x01,0xce,0xe4,0x41,0xe8,0xaa,0x47,0x9c,0xca,0x6b,0x77,0x3c,0x49,0x7c,0x87,0x0b,0xb6,
  0x19,0xe8,0x89,0xeb,0xf1,0x33,0x4e,0xe2,0x99,0x8d,0xf4,0x74,0x05,0x97,0xe0,0x1c,0x7e,0x95,0x20,0x63,
  0xf0,0xf3,0x1e,0x0e,0xe1,0x5c,0x7c,0x2b,0x87,0x44,0xd0,0xdf,0x6c,0x3c,0x05,0x9f,0x7d,0x46,0x2d,0x9e,
  0x7a,0x2e,0x3a,0x96,0x87,0xf4,0x8e,0x28,0xf5,0xcc,0x06,0x47,0x27,0x06,0xab,0x7c,0x2a,0x22,0x60,0x64,
  0x4c,0x45,0x40,0xbd,0x97,0xc1,0xc0,0x45,0x56,0x96,0x35,0x71,0x1a,0xf7,0x3c,0xdb,0x67,0x40,0xdb,0x34,
  0xcd,0xe7,0xb6,0x03,0x70,0xc9,0x02,0x59,0x01,0x02,0x83,0xb7,0x5c,0xd0,0x26,0x44,0x48,0xc0,0xdb,0x34,
  0xd1,0xe7,0x2e,0x46,0x83,0x0e,0x17,0xe0,0x54,0xef,0x7a,0xe2,0x9d,0xaa,0x8f,0x33,0x7d,0x69,0x83,0xd9,
  0x97,0x1d,0xee,0xf0,0x08,0xe0,0x85,0x7d,0x17,0x72,0x09,0xce,0xf4,0xb1,0xeb,0x25,0xe0,0x69,0x73,0x01,
  0x4e,0xf5,0x1e,0xaa,0x6e,0x24,0x29,0x15,0x11,0xa1,0xee,0x05,0xa3,0x44,0x8d,0x4b,0xb4,0x7a,0x98,0x0c,
  0x40,0x4f,0xf0,0xb3,0x45,0xcc,0x62,0xc7,0x81,0x6a,0xb3,0x45,0x73,0x01,0xef,0x84,0x29,0xb6,0x45,0x33,
  0x61,0x94,0xcb,0x02,0x9c,0xc9,0x8b,0x58,0xa8,0xc7,0x2d,0x26,0xb7,0xaa,0x8e,0xf3,0xf8,0x35,0x2e,0x3c,
  0x6b,0x3d,0xe2,0x5c,0x3e,0xb3,0x3d,0x77,0xc0,0x1c,0xb3,0xc5,0x64,0x03,0x06,0x07,0xa1,0xa6,0x67,0x9c,
  0x0a,0x38,0x98,0xae,0xef,0x8e,0xb9,0x00,0xa7,0xf2,0x05,0x70,0x1e,0x30,0xf9,0xe5,0x7b,0x46,0xf2,0x16,
  0x4d,0xe6,0xf3,0xd0,0xf6,0x63,0x28,0x63,0x61,0xd8,0x6a,0x49,0xfe,0x12,0x1e,0x3f,0x12,0xda,0xed,0x10,
  0x06,0xa2,0x36,0x1d,0x9e,0x0c,0x0c,0x2d,0x11,0xd0,0xa1,0xe9,0x80,0x63,0x12,0x06,0x6a,0x42,0x1d,0x49,
  0x9a,0x53,0x57,0xa1,0xb6,0x43,0x73,0x7a,0xec,0x6a,0xb2,0xd1,0xe1,0x79,0x79,0x76,0xe2,0x30,0xa3,0x75,
  0x78,0x52,0xd8,0x91,0x9a,0x67,0x87,0xa6,0x85,0x82,0x1e,0x79,0x98,0xc4,0xc2,0xb8,0x01,0x74,0x0b,0xe0,
  0x22,0x0c,0x4e,0xe1,0xdf,0x28,0x06,0x37,0xfc,0xfe,0x3c,0x84,0x71,0xc1,0xce,0x3e,0x86,0xf8,0xd3,0xf9,
  0xf0,0xcd,0x5b,0xd9,0x1b,0x62,0xe0,0xd7,0x21,0x38,0x10,0xc0,0x65,0x3e,0x17,0x11,0x39,0xc1,0x9f,0x88,
  0xe8,0x91,0x66,0xff,0xc0,0x4b,0xd1,0xd1,0xa1,0xa9,0x03,0x90,0xae,0x3d,0xe1,0x67,0x22,0x94,0x1b,0xf3,
  0xeb,0x6d,0x9a,0xf9,0x4b,0xc0,0x9f,0x31,0x0e,0x31,0x24,0x07,0x5f,0x9e,0xcb,0xb1,0xda,0x2b,0x9b,0x85,
  0x1a,0x1e,0xdb,0xda,0x54,0xb9,0x04,0x27,0xff,0x0a,0xd4,0x61,0xe2,0xc9,0x2a,0x1d,0xc9,0x7a,0x59,0x15,
  0x9c,0xfb,0x93,0x20,0x54,0x6c,0xb4,0x9d,0xce,0x3c,0x99,0xc2,0x58,0x64,0x07,0x26,0x30,0x97,0xd0,0x36,
  0xbe,0x00,0xc6,0x30,0x1e,0x26,0x91,0xec,0x8a,0x34,0x8c,0xa7,0x93,0x75,0x5b,0xce,0xd3,0x13,0x69,0xf7,
  0x34,0xd5,0x87,0xb6,0x0f,0x9c,0xcd,0xcf,0x38,0x95,0x2f,0xdd,0x01,0xe8,0x77,0x6e,0x42,0x53,0x7d,0xec,
  0x8e,0x41,0x3a,0xdf,0x73,0x9d,0x1d,0x9a,0xee,0x2b,0xd7,0x9b,0xd8,0xfc,0x48,0xb3,0x14,0x28,0x0c,0x63,
  0x59,0x82,0x13,0x7d,0x89,0x41,0x8c,0x6a,0xb1,0x85,0xd2,0xfe,0x50,0x84,0x40,0x76,0xea,0xf7,0xa1,0xb8,
  0xfc,0xd3,0xc4,0xf6,0x49,0xc2,0x77,0x58,0x8b,0xc6,0x76,0x26,0x4c,0x3b,0x38,0xeb,0x37,0x1b,0x2f,0xe0,
  0x31,0x40,0x19,0x7d,0x34,0x03,0xff,0x4c,0x56,0xde,0x91,0x62,0x96,0xf2,0xcb,0x0e,0xcd,0xf4,0x4b,0xdb,
  0x91,0x4f,0x38,0xc7,0xe7,0xe2,0x58,0x8e,0xd4,0xdc,0xa1,0x29,0x7e,0x01,0x6a,0xea,0xe2,0x7b,0x55,0x82,
  0x13,0x78,0x61,0x47,0x63,0xe6,0xaf,0x1d,0x66,0x65,0xe1,0xbf,0xb5,0x11,0x3e,0x2c,0xda,0xa5,0x39,0x7e,
  0xf8,0x83,0x88,0x62,0xc5,0xa9,0xbb,0x4d,0xc6,0x84,0x27,0x07,0xda,0xa5,0x59,0xfe,0xca,0x1e,0x80,0x17,
  0xea,0xc9,0x12,0x52,0xa9,0x13,0xf9,0xd0,0x91,0x74,0x9a,0x81,0xff,0xf1,0xe1,0x9b,0xd3,0x28,0x86,0x1f,
  0xfc,0x06,0x49,0xfa,0x18,0xec,0x1c,0xeb,0xa3,0x5d,0x9a,0xd2,0x13,0x29,0x46,0xbb,0x34,0x9b,0x17,0x01,
  0x50,0x40,0x61,0x63,0x97,0xa6,0xf4,0x98,0x8e,0xfb,0x72,0x1d,0x9a,0xd2,0x2b,0x60,0x76,0xf9,0xd8,0x52,
  0xaa,0x47,0xc1,0x4a,0x33,0xca,0x54,0x03,0x55,0xdb,0x63,0xba,0x21,0xfc,0x3e,0x3f,0x63,0xa5,0xbb,0x53,
  0x60,0x07,0x5f,0x56,0x68,0x6b,0x52,0x3f,0x96,0x65,0x38,0xa7,0xcf,0x80,0x3d,0x54,0x23,0x9c,0xd6,0xfd,
  0x58,0xe9,0x97,0x3d,0x9a,0x4c,0x4a,0x3c,0xd9,0x86,0x58,0x34,0xb4,0x47,0xfa,0xe0,0x38,0xad,0xe7,0xc1,
  0x44,0x75,0xb3,0x47,0xca,0xc2,0x57,0xb8,0xdb,0x63,0x63,0x71,0xf9,0x77,0xb1,0x38,0xa2,0x2a,0x2f,0x2e,
  0xde,0x87,0x4c,0xf2,0x3d,0x35,0x3d,0x05,0x37,0x4d,0xee,0x15,0x9e,0xc4,0x94,0x18,0x6a,0x35,0x69,0x6a,
  0xf7,0xc0,0x2d,0xd2,0xcb,0x88,0x5e,0xc1,0x5b,0x89,0x14,0x28,0x68,0x13,0xdf,0x8e,0x29,0x70,0xe0,0x12,
  0x9a,0x9c,0x1d,0xbe,0xb5,0xf9,0xb1,0x93,0x5a,0x12,0x5f,0x96,0xe0,0xec,0x7e,0xe5,0xc6,0xf2,0x69,0x87,
  0xad,0xf4,0x40,0xda,0x81,0xbb,0xc0,0xe1,0x1e,0x74,0x75,0x48,0x2f,0x77,0x49,0xd8,0x67,0x20,0x6f,0xbe,
  0x18,0x72,0x7d,0x9c,0xe4,0xa3,0x70,0xc2,0xad,0x89,0x68,0x8f,0x95,0x7d,0x86,0x67,0x84,0xf9,0xc1,0x0c,
  0x07,0xe3,0x67,0x52,0x2a,0x89,0xc7,0xb0,0xb5,0x9a,0xd9,0xac,0x6d,0x2e,0x20,0x2e,0x0d,0x52,0xe0,0x5a,
  0xd2,0xa4,0x83,0x66,0xf3,0x64,0x01,0xd9,0x87,0x53,0xf4,0x3a,0x65,0x41,0x47,0x9a,0x1c,0xa6,0x42,0x8b,
  0x1d,0x93,0x7b,0x61,0xe2,0x07,0xfc,0xb8,0x43,0x3a,0xe2,0x58,0xbe,0xc4,0x19,0xbc,0x4e,0x4e,0xd3,0x01,
  0xf7,0x98,0x83,0xdd,0x88,0x9f,0x69,0x02,0x30,0x5e,0x48,0x76,0xb3,0xc5,0xce,0xc8,0x63,0x0c,0x55,0x7c,
  0x7e,0xb6,0x98,0xa6,0x54,0x9b,0xdd,0x91,0x67,0x21,0x48,0xb0,0xa2,0x08,0x7b,0x24,0x28,0xd4,0x52,0xbb,
  0xb4,0xd8,0x2b,0xb9,0xfc,0xa3,0x18,0x41,0x28,0xc0,0x05,0x5b,0x12,0x09,0x49,0xc4,0xcf,0x1d,0xf2,0x3a,
  0x7c,0x54,0xac,0x43,0x2e,0xd9,0x26,0x28,0xc0,0xed,0x64,0x44,0x59,0x52,0x23,0x00,0xf1,0xc7,0xfc,0x4c,
  0xfa,0xdd,0x23,0xfe,0xa1,0x67,0x25,0x3d,0x5c,0x5d,0x91,0x61,0x48,0x76,0xac,0x65,0x31,0x77,0x09,0x5f,
  0x38,0xc0,0x19,0x5c,0x42,0x60,0xba,0x93,0x80,0x81,0x64,0x8f,0xe3,0x81,0x23,0xb9,0x80,0xfd,0x0d,0x10,
  0x3e,0x7f,0xa8,0xd4,0x68,0x8b,0x5d,0x8e,0xe7,0x97,0x7f,0x4e,0x89,0xc3,0x5e,0x07,0x38,0x19,0xa4,0x01,
  0x5b,0xec,0x73,0xbc,0x10,0xe1,0x4c,0x4e,0xa3,0x9d,0x4d,0x83,0x55,0x4e,0x8b,0xdd,0x0e,0x00,0x0c,0x3c,
  0x54,0x35,0xd2,0x2e,0xf7,0xa1,0xba,0xc4,0x89,0x7c,0x99,0xb0,0xe4,0xb5,0xd8,0xe1,0x78,0x8e,0x69,0x74,
  0x59,0x9d,0x66,0xf2,0xd2,0x4d,0xdf,0x5b,0x54,0x9d,0xbd,0xb5,0xd6,0x96,0xf2,0x9b,0xd0,0x5c,0x72,0x01,
  0x5b,0x27,0xe8,0x1e,0x35,0x23,0x17,0xb5,0x91,0xc1,0x9f,0x5f,0xfc,0x23,0x22,0xe2,0xb1,0x1d,0xcf,0x3d,
  0x87,0x64,0xb0,0xc5,0xae,0xc7,0x2b,0x17,0xe6,0xec,0x0f,0xb9,0x2a,0xc9,0x0a,0x10,0xe1,0x48,0xce,0x88,
  0x5d,0x8f,0xe7,0x81,0x67,0x93,0x03,0xd9,0x62,0xcf,0x03,0xfc,0x85,0xc0,0x93,0xaa,0xb8,0xb5,0x25,0x27,
  0xa4,0x00,0xd8,0x63,0x88,0xc6,0xfc,0x92,0xd9,0xeb,0x58,0x4d,0x87,0xfd,0x8d,0x17,0xb8,0xd2,0xca,0x8f,
  0x34,0x9d,0x8b,0xef,0xd9,0x29,0x68,0xb1,0xbb,0x71,0x17,0x83,0x02,0x7e,0x64,0x93,0x8c,0xd2,0x67,0x73,
  0x01,0x92,0xe4,0x91,0x23,0x1f,0x88,0x1a,0xbe,0x8d,0x7e,0xff,0xa9,0xea,0x00,0x67,0x70,0xf9,0x7d,0x70,
  0xa4,0x9e,0x11,0x7e,0xdc,0x19,0xca,0x4f,0x3b,0x99,0x5b,0x44,0x5e,0x69,0x8b,0x1d,0x87,0x87,0xb6,0xea,
  0x9f,0xfc,0x26,0x9c,0x2e,0x3f,0x13,0xf8,0x2f,0x45,0x28,0x4e,0xe5,0x33,0x59,0x52,0x11,0x4c,0x31,0x3d,
  0x47,0x05,0x16,0x4f,0x57,0x36,0x60,0xaf,0x01,0x34,0x69,0x68,0x3b,0xfc,0x4c,0x13,0x7c,0x9b,0x0c,0xe4,
  0xeb,0xb6,0xb4,0x99,0xd2,0xf2,0x3f,0x20,0x3e,0x38,0xa4,0x57,0x24,0xe7,0xa1,0x50,0x1d,0x91,0x8c,0x00,
  0xff,0x4f,0xe6,0x91,0xc7,0x25,0x38,0x95,0xd7,0x83,0x39,0x84,0x69,0x63,0x2e,0xd8,0x91,0xac,0xc3,0xec,
  0xc8,0xce,0xc1,0x17,0x40,0xb9,0xd1,0x7c,0xc2,0x05,0xcc,0x5b,0xca,0xab,0x6e,0x29,0xc7,0x60,0xc6,0x52,
  0xb2,0xcd,0xfe,0xfa,0xd3,0x78,0x42,0x01,0xcb,0x63,0x7b,0x94,0x64,0xe0,0xd0,0xc4,0xee,0x7a,0x03,0x45,
  0x66,0x76,0x10,0x52,0xfd,0xcf,0x45,0xd2,0x78,0xa6,0x16,0xa1,0xc5,0x5e,0xc2,0x2b,0xbc,0x0b,0x58,0x7a,
  0x8c,0xad,0x1d,0x76,0xd5,0x13,0x27,0xf0,0x8e,0xf8,0xb9,0xc3,0x41,0x4b,0x2c,0x5b,0x90,0xcc,0x64,0x6f,
  0x77,0x52,0xfd,0x23,0xdf,0xe3,0xac,0x9e,0x89,0x38,0x94,0x8f,0x38,0xa7,0x27,0x36,0xe8,0xc7,0xcb,0x1f,
  0x98,0x0f,0xd8,0x17,0x78,0x28,0x9c,0x19,0xbb,0x2a,0x2d,0x76,0x05,0xd0,0x4a,0x0f,0x82,0xb7,0xc2,0x38,
  0xb5,0x8d,0x68,0x16,0x0c,0x02,0x27,0x01,0xaf,0xd1,0x11,0x93,0x60,0x1c,0xda,0x43,0xd7,0xe5,0x9a,0x56,
  0x6a,0xb1,0xf0,0x79,0x37,0xb5,0xa6,0xa9,0xc5,0x61,0x0f,0xe1,0x57,0xee,0xa9,0x54,0xbf,0xec,0x21,0x3c,
  0x70,0x12,0x36,0xf4,0x2d,0xf6,0x0f,0x40,0xe2,0x2e,0xbe,0x95,0xca,0x88,0x9d,0x84,0x27,0xa0,0x9f,0xc1,
  0xbe,0x72,0xc1,0xb6,0x74,0x32,0x7c,0x7e,0x4c,0x2d,0x29,0x5a,0x31,0x59,0x85,0xd8,0x50,0x28,0xb5,0xc0,
  0xde,0xc1,0xaf,0xc3,0xf9,0xe5,0xfb,0x38,0x20,0xc4,0xb0,0x7b,0xf0,0x65,0x32,0x96,0xfe,0x57,0x8b,0x1d,
  0x04,0x32,0xbe,0xdc,0xa4,0xa5,0x53,0x03,0x4b,0xd8,0x37,0xf8,0x2c,0x48,0x06,0xa0,0xb0,0x19,0x35,0xec,
  0x1e,0x50,0xc0,0x37,0xe6,0xe7,0x36,0x31,0x7c,0x24,0x8e,0xf8,0x91,0x68,0x85,0x59,0xd5,0xac,0x93,0x0e,
  0xc5,0x27,0x01,0x3f,0x6c,0x33,0xff,0x33,0x08,0xec,0x13,0x80,0x43,0xa5,0x58,0x92,0x1d,0x02,0xe0,0x38,
  0xf0,0x8a,0x64,0xc1,0x1e,0x45,0xa0,0x4c,0xeb,0x3d,0x56,0xd3,0x18,0xb5,0x49,0x6c,0xb2,0x1b,0x70,0xd7,
  0xbb,0xfc,0x01,0x5c,0x23,0x55,0x09,0x41,0x7c,0x10,0xc5,0x02,0x99,0xd2,0x62,0x2f,0xe0,0x91,0xc7,0x7a,
  0xdb,0x62,0x07,0x80,0x3d,0x60,0x92,0x60,0x8b,0x3d,0x00,0xde,0xaa,0x6b,0xab,0x4a,0x5b,0xa9,0x39,0x90,
  0x05,0x1d,0x96,0x1d,0x19,0xf7,0x58,0xec,0x03,0x90,0x2f,0x25,0x2b,0xec,0xd0,0x28,0x6f,0xe5,0xd3,0x2e,
  0x99,0x8f,0xd0,0x67,0x22,0x5b,0x6c,0xf4,0x9f,0x7a,0xe2,0x98,0x9e,0xd8,0x53,0x03,0x0f,0x5f,0x78,0xac,
  0xe7,0x2d,0xb6,0xfb,0x4f,0xdc,0x71,0x20,0x07,0x94,0x8c,0x75,0xcc,0xa2,0x65,0x49,0xc3,0x2f,0x8d,0xba,
  0xc5,0x66,0xff,0x4b,0xc1,0xe1,0xaf,0xc5,0x46,0x1f,0xb4,0x08,0x03,0xd7,0x52,0x66,0xe6,0x1d,0x68,0xdd,
  0x50,0xd6,0xe8,0x90,0xdf,0x23,0xbd,0x71,0x8b,0x6d,0xfe,0x5d,0x2f,0xa0,0xe0,0xc6,0x62,0x9b,0xff,0x4a,
  0xfa,0xa4,0x4c,0x39,0x8b,0x4d,0xff,0x17,0xc1,0x48,0x62,0xa5,0x25,0x6d,0x66,0x1c,0x70,0x5c,0x60,0xb1,
  0xed,0xbf,0x17,0xba,0xc7,0x4c,0x1f,0xab,0x25,0xa9,0x21,0x95,0x93,0xc5,0xc6,0x1f,0x38,0x99,0x3d,0x22,
  0x28,0x61,0x07,0x80,0x5c,0x78,0xe9,0x81,0x59,0xec,0x00,0xa0,0x80,0xf2,0x53,0x9b,0x39,0x84,0xc7,0x94,
  0x09,0x09,0xf2,0x87,0x54,0x0f,0x1d,0xf2,0xa7,0x49,0x39,0x58,0x6c,0xf8,0x9f,0xd9,0x33,0x4f,0x56,0x67,
  0xe9,0x3f,0x76,0x50,0x9e,0x54,0x17,0xbb,0x5a,0x70,0xc0,0x25,0xec,0x67,0x4a,0xa7,0xcb,0x62,0xeb,0xff,
  0x02,0xf3,0x9a,0xf2,0x99,0x94,0xb0,0x18,0x5e,0x7c,0xa7,0xc0,0xa6,0x89,0x5c,0xfe,0x1d,0x9a,0x7f,0x7c,
  0x66,0xeb,0xff,0xda,0x51,0x8c,0x6b,0xb1,0xfd,0xa7,0x38,0x7e,0xea,0x25,0xb2,0xa8,0xcd,0x8c,0xcf,0x9d,
  0xb2,0xed,0x7f,0x15,0xbc,0x05,0x14,0x33,0xe3,0xb1,0xf9,0x27,0x65,0xa1,0x70,0xc1,0x0e,0x00,0xf4,0x7b,
  0xf9,0xfb,0xb1,0x6c,0xb5,0xc3,0xa1,0x57,0x20,0xdf,0x53,0x1c,0x90,0x92,0x55,0xa6,0x1c,0x00,0xdd,0xfc,
  0x28,0xcd,0x4d,0xe0,0xc8,0xea,0x1c,0x9d,0x7b,0x62,0x82,0xe9,0x3a,0x2a,0xb0,0x94,0x7a,0xa5,0x06,0x6c,
  0xff,0x41,0xe6,0x59,0x6d,0x58,0x6c,0xfe,0x81,0xc4,0x10,0x17,0xf3,0xb3,0x16,0xce,0x70,0xc1,0x96,0xb4,
  0xa8,0x14,0xb6,0x58,0x6c,0xf1,0xbf,0xb0,0x55,0x73,0x4e,0x0f,0xf9,0xfc,0xb0,0xa3,0x42,0x6a,0x19,0x63,
  0x59,0x6c,0xea,0xef,0x81,0x72,0x0e,0xbc,0x60,0x92,0x8e,0xb1,0x27,0x13,0x61,0x0a,0x0b,0x6c,0xf4,0x9f,
  0x48,0x6a,0xb0,0xc9,0x7f,0x30,0x49,0x89,0x41,0x46,0xff,0x0d,0x30,0x05,0xbe,0xbe,0xeb,0x50,0xf4,0x0d,
  0x21,0xc2,0x87,0x6f,0x9c,0xf0,0xe2,0x7b,0x50,0xd0,0x14,0x40,0x5a,0x1d,0x35,0x35,0xd6,0x35,0x16,0xfb,
  0x02,0x5f,0xba,0x9e,0x8c,0x97,0x2c,0xf6,0x05,0xd0,0x05,0xe4,0x80,0xdf,0xea,0x28,0xa9,0x67,0x29,0x62,
  0x57,0xe0,0x95,0x2b,0x25,0x92,0x3d,0x81,0x47,0xec,0x27,0x59,0xd2,0x13,0xb0,0xc7,0xc9,0x80,0x1f,0x77,
  0x59,0x00,0xdd,0x09,0x3f,0x92,0xd6,0xf2,0x6c,0xc6,0x32,0x7b,0x01,0xf7,0x84,0x74,0x62,0xac,0x8e,0x4c,
  0x9a,0xc4,0x42,0x39,0x26,0x16,0xfb,0x01,0xad,0x86,0x3a,0x46,0x06,0xf1,0xe1,0x7b,0x9f,0x57,0x7f,0xf1,
  0x35,0xbb,0x05,0xaf,0x39,0x1a,0xb4,0xb6,0x65,0x0e,0x25,0x0c,0x62,0xf9,0xdc,0xe6,0x10,0xd3,0x4f,0x98,
  0x4a,0xec,0x0b,0x3c,0x8d,0x03,0x7e,0xc0,0x79,0x7c,0x0e,0x13,0x9f,0xf2,0x23,0xdb,0x4b,0x15,0x37,0x5a,
  0xec,0x06,0xdc,0xf5,0xd5,0x93,0xd4,0xc0,0x92,0xb1,0xd9,0x07,0x20,0xff,0x9e,0xdf,0x73,0x1a,0x84,0xd5,
  0xbf,0xc5,0x99,0x81,0xbb,0x61,0x9c,0x84,0xfc,0x68,0xc9,0x78,0xed,0xc3,0x37,0x53,0x89,0xd5,0xd2,0x29,
  0x21,0x81,0xd8,0x21,0x78,0xe4,0xd3,0xbe,0x11,0x7a,0xb6,0x34,0xad,0xc5,0x25,0x6d,0xca,0x84,0xf1,0x2c,
  0xd9,0x0f,0x50,0x09,0x53,0x2e,0xe9,0xb0,0xe9,0x04,0xa3,0x6c,0xcb,0x16,0x9c,0x63,0x4d,0xcd,0xaf,0xc5,
  0xfe,0x00,0x46,0xc5,0x5a,0x33,0x4a,0x82,0xc4,0xf6,0x58,0x35,0x62,0xa7,0xcd,0x97,0x96,0xd1,0xda,0xe1,
  0xb0,0xf3,0x75,0x20,0x88,0xb3,0xec,0x10,0x0f,0xd1,0x32,0xcc,0x34,0xdf,0x7f,0xad,0x74,0x11,0x9b,0xff,
  0xcb,0xef,0x6d,0xe9,0x8c,0x58,0x6c,0xff,0x9f,0x02,0xc3,0x4b,0x5e,0x65,0xeb,0xff,0xa5,0x8a,0xc1,0x2d,
  0xb6,0xfe,0x2f,0x82,0xcb,0xdf,0xcb,0xfa,0x5b,0xa9,0xbb,0xa3,0xc0,0xdb,0x95,0x7c,0x07,0x0a,0x6c,0xc2,
  0xcf,0xdb,0xd2,0x4d,0xcb,0x3a,0xd9,0x49,0x63,0x56,0x7e,0x26,0x0f,0x3a,0x39,0xe6,0x74,0x06,0x17,0x51,
  0xee,0xf8,0x15,0x38,0x73,0xdc,0x2d,0x7a,0x33,0x32,0xd3,0xcd,0x79,0x6e,0x5a,0xfa,0xa4,0x49,0xb1,0x67,
  0x40,0x49,0x89,0x53,0xb0,0x0f,0x49,0x59,0x7e,0x3c,0xc0,0x8c,0x9a,0xf0,0x8b,0x89,0x72,0x4b,0x3a,0x11,
  0xb8,0xd9,0x91,0x1f,0xad,0x2c,0xdf,0x49,0x33,0xdc,0x93,0x9a,0x32,0x4d,0x04,0x58,0xec,0x42,0x3c,0x0c,
  0xc2,0xb9,0x9a,0x0f,0x3b,0x11,0x2f,0xed,0xcb,0xbf,0x07,0x0e,0x91,0x75,0xd8,0x8f,0x50,0x86,0x84,0x9d,
  0x88,0xc7,0xf6,0x3b,0xe8,0x56,0x89,0xeb,0x1e,0xa7,0x83,0xa4,0xe1,0x78,0x46,0x4e,0xe9,0x21,0x95,0x2b,
  0x0f,0x50,0x76,0xb5,0x4b,0x16,0x44,0xa8,0x80,0xc3,0x62,0x9f,0x82,0xbc,0x08,0x92,0x16,0xf6,0x2a,0x5e,
  0xb8,0x1e,0x27,0xa4,0x2d,0xf6,0x29,0x5e,0x4b,0xc9,0xdc,0x93,0x11,0xb8,0x8c,0xf4,0xda,0xec,0x4f,0x00,
  0x68,0x14,0xdf,0xb6,0xd9,0x7b,0xb8,0x1b,0xfa,0xa0,0x66,0x62,0x2e,0xd8,0xe2,0x7c,0x41,0xea,0xe7,0xb6,
  0xd9,0x7b,0xf8,0x5c,0x84,0x0e,0xf4,0x49,0x71,0x50,0x9b,0xfd,0x87,0xcb,0xbf,0x83,0x78,0x74,0x2c,0xbb,
  0x55,0x01,0xab,0xcb,0xd9,0xad,0xb6,0xcc,0x1d,0x78,0xe8,0xaa,0xfa,0xb2,0x0e,0x31,0x2a,0x26,0xd5,0x2e,
  0xbe,0x9f,0x50,0x09,0x2b,0x7c,0x30,0xfc,0x92,0x77,0xdb,0xec,0x48,0x3c,0xc5,0x08,0x45,0x70,0x37,0xd2,
  0x93,0x98,0x91,0x94,0xb5,0xd9,0x91,0x40,0xad,0xc7,0xe3,0xb2,0xeb,0xf0,0x6b,0x78,0x1b,0xf0,0x63,0x47,
  0xa5,0xc9,0xe5,0x6b,0xf2,0x6b,0x70,0x35,0x7a,0xc8,0xcf,0xbb,0xd2,0xde,0x4a,0x6c,0xb6,0xd9,0x09,0x48,
  0x45,0x5e,0xf6,0x2a,0xa3,0x65,0x6f,0x26,0x22,0x20,0xcf,0x82,0x56,0x7a,0x20,0xec,0x3f,0x4e,0x04,0x2e,
  0xc6,0x8a,0x4d,0x5c,0x5a,0x32,0x40,0x07,0xc1,0x7b,0x70,0xb2,0xe3,0x91,0x5c,0x06,0xc2,0x73,0xaf,0x50,
  0x61,0x1e,0xd1,0x4d,0x27,0xf1,0x48,0x18,0xb8,0xce,0x46,0xdb,0x37,0x0c,0x5a,0xf4,0x6b,0xdc,0x38,0x4a,
  0x7c,0xde,0x87,0x34,0xa5,0xee,0x9e,0x01,0x9d,0xa3,0x0a,0xf6,0x59,0x35,0xce,0x6e,0x18,0x46,0x28,0x40,
  0x17,0xf9,0xc6,0xd3,0xc1,0x5b,0x31,0x8c,0x1b,0x47,0x60,0x54,0x1e,0xf8,0xe0,0xac,0x8a,0xa8,0xe2,0x8b,
  0x13,0x5c,0x82,0xf5,0x1a,0x9f,0x41,0xe5,0x97,0x30,0xfe,0xe7,0x78,0x45,0x7d,0x5c,0x31,0x85,0x5f,0xff,
  0xd5,0x3d,0xb3,0x46,0xcd,0x0d,0x03,0x21,0x7b,0x1d,0xf8,0xa2,0x6b,0x3e,0x48,0xc2,0x60,0x2a,0x36,0x19,
  0x6c,0x78,0x3f,0x17,0x76,0xd8,0x35,0xe5,0xd1,0x0a,0x78,0x06,0x5f,0x20,0x1e,0x75,0x4d,0xab,0xee,0xa0,
  0x03,0x04,0x05,0x00,0xb8,0xf6,0x48,0xbd,0x8d,0x82,0x24,0xd4,0xab,0xf0,0x01,0x07,0xbd,0x04,0x6b,0xdc,
  0x9f,0xe3,0xbd,0x49,0xe6,0xc8,0x6a,0x9b,0xd0,0x6a,0x51,0xc5,0xcb,0x14,0x01,0xb4,0x97,0x81,0x36,0xbb,
  0x06,0x7f,0xab,0xa1,0x32,0xed,0x1f,0x4c,0x1b,0xb8,0x87,0xe5,0x66,0xbf,0x6f,0x7a,0x2e,0x14,0xd9,0x9e,
  0x59,0x6d,0x4c,0xec,0x29,0xbe,0x7a,0xc3,0xef,0x6a,0x53,0xbe,0xa3,0xf3,0xb0,0x5a,0xed,0xdd,0x58,0x64,
  0x38,0x23,0x4c,0x7e,0x85,0x47,0xea,0x4f,0x34,0x9c,0xf1,0xca,0xd9,0xb4,0xbf,0x84,0x51,0x05,0x6f,0xff,
  0x09,0x9d,0x3e,0xa9,0x4c,0x1b,0x08,0x6d,0xf5,0xd3,0xed,0xe6,0xed,0xb4,0x84,0x6b,0xc0,0x30,0x29,0xee,
  0xb9,0xe4,0xa0,0x6f,0x59,0x50,0xf1,0xfc,0x9c,0x1f,0xf7,0x3b,0xf0,0x90,0x87,0x45,0xbc,0x8b,0xef,0x23,
  0x4d,0x1f,0x07,0x8e,0xa8,0xe0,0xb9,0x95,0x1a,0x78,0x21,0x78,0xea,0xa2,0x86,0x83,0xd7,0x4e,0xec,0xb1,
  0xf8,0x8d,0x1f,0xbb,0xde,0xe3,0x48,0x07,0x93,0xa6,0xd0,0x97,0x35,0x6f,0xdd,0x5a,0x9a,0x11,0x02,0xe2,
  0x1e,0x51,0x7f,0x7d,0xc0,0x10,0xbd,0x37,0x6f,0xdd,0xba,0x49,0x3f,0xaa,0x12,0x44,0xd3,0x2c,0x54,0x33,
  0x65,0x4f,0xb7,0x6e,0x61,0x27,0x8d,0x63,0x11,0x23,0x87,0x54,0xaa,0x07,0x7d,0x1d,0x0c,0xd5,0x9a,0x3b,
  0xd5,0xa7,0x0c,0xdd,0xe4,0x26,0xa7,0xd6,0x33,0x9f,0x00,0x43,0x5f,0x0f,0xd3,0x7c,0x8e,0x27,0xbf,0x7c,
  0x09,0xd4,0x04,0x9e,0xba,0x0d,0x48,0x46,0x56,0x3b,0xd4,0x06,0xbc,0x1b,0x86,0xf6,0xbc,0xe1,0x46,0xf4,
  0xb7,0x42,0x6d,0xab,0x77,0xe8,0x4f,0xe3,0x6d,0xe0,0xfa,0x15,0x13,0x42,0x55,0xb3,0xda,0xe5,0x37,0xe7,
  0xe7,0xe6,0x3d,0x71,0x6a,0x24,0x33,0xe1,0x08,0xd6,0xe9,0x64,0x92,0xc7,0x89,0x49,0xdc,0x91,0x41,0x2d,
  0x4f,0x64,0xe1,0xd4,0xc3,0x57,0xae,0x38,0xa9,0xd0,0x0a,0x70,0xcd,0xf0,0x83,0x13,0x86,0xdf,0x3d,0x32,
  0xb8,0xac,0x81,0x33,0x36,0x00,0x73,0x86,0x19,0x26,0xbe,0xef,0xfa,0xc7,0x66,0x55,0x0a,0x10,0xcf,0x31,
  0x14,0xb8,0x31,0x01,0x3f,0xbf,0xd3,0x37,0xc0,0x9f,0x1c,0x35,0xf8,0xca,0x6e,0x83,0x5b,0x3b,0xc2,0x76,
  0xf0,0xb6,0x3c,0xa3,0x4e,0x7d,0xf7,0xa8,0xa1,0x9c,0xda,0x59,0xda,0xb4,0x66,0x1c,0xc1,0xdf,0x68,0x24,
  0x9c,0xae,0xde,0x1f,0x0c,0xda,0x5c,0x60,0x93,0xc5,0x8d,0x92,0x46,0xdd,0x92,0xe1,0xb2,0xc6,0xe7,0xe7,
  0x46,0xb3,0xaa,0xf7,0x5b,0x9c,0x0d,0xde,0xee,0x67,0x2e,0x72,0xb4,0xc4,0x8f,0x1f,0x3f,0x54,0x7b,0xaa,
  0x2a,0x3a,0x21,0x85,0x07,0xb3,0x73,0x1d,0xa3,0x7f,0x60,0x38,0xc1,0x10,0xb7,0xe8,0xc5,0xc8,0x3a,0x0f,
  0xd8,0xe1,0xbe,0x37,0x7f,0xe4,0x54,0x5c,0x87,0x66,0x97,0x76,0x06,0x6e,0x94,0x53,0x19,0x8b,0x39,0xc0,
  0x60,0x7b,0x1e,0x5e,0xbc,0x07,0x1d,0x1a,0x71,0x38,0x87,0x7f,0x25,0xe6,0xec,0x93,0x3e,0x6d,0xb8,0x7a,
  0xc1,0x3b,0x55,0xb0,0xc7,0x47,0xb1,0x98,0x60,0xab,0x6a,0x4f,0x4d,0x18,0x6b,0xf5,0xfb,0x7e,0xe2,0x79,
  0x77,0x54,0x47,0x5d,0xdc,0x0f,0xdb,0x98,0xe2,0xb7,0x9e,0x2b,0xf0,0x1a,0xea,0x2e,0x80,0x0f,0x81,0xa2,
  0xd0,0xb5,0x6c,0xa5,0xaa,0xe2,0xab,0x85,0x0e,0x16,0xee,0xee,0x63,0xb0,0x88,0x63,0x6a,0xf2,0x26,0x96,
  0x0c,0xb6,0x1c,0x44,0x51,0x06,0x51,0x8d,0x76,0xe1,0x36,0x70,0x45,0xdf,0x3f,0x76,0x8f,0x14,0x2f,0xc2,
  0xe0,0x20,0x5d,0xb2,0x13,0xe1,0xa9,0x5f,0x0d,0x3c,0x4d,0x72,0x5f,0x7e,0x0f,0xda,0xfc,0x0d,0x9f,0x93,
  0x08,0x96,0x8e,0x49,0x98,0xe9,0x34,0x71,0xdf,0x84,0x3e,0x8f,0x6b,0x77,0x8a,0x77,0x31,0xc9,0x4b,0x0b,
  0xf0,0x38,0x22,0xb0,0x7d,0xc3,0x78,0x3d,0x41,0x4b,0x8a,0x67,0x57,0x70,0xcb,0x23,0x6e,0xbd,0x71,0x02,
  0xe3,0x14,0x93,0xf3,0x54,0x33,0xdd,0xac,0x99,0x0d,0x4f,0xe7,0x23,0x15,0xb2,0x70,0x43,0x29,0xb1,0x4b,
  0x9f,0x88,0x68,0x8a,0x68,0xda,0xb6,0xea,0xb9,0x53,0x8c,0x68,0x45,0x90,0x97,0xba,0xa6,0xeb,0x78,0x60,
  0x33,0x32,0xae,0xc4,0xb3,0x4e,0xcd,0xe6,0x02,0x78,0x0f,0x57,0x30,0x03,0xa2,0x1c,0xfc,0xc6,0xbd,0x15,
  0xb4,0x2f,0x08,0xd0,0x46,0x65,0x52,0x2f,0xdd,0xa4,0xee,0x90,0x5d,0x6f,0xbe,0x91,0x7d,0xa5,0x82,0x56,
  0x33,0xe9,0x94,0x9a,0x03,0x3f,0x88,0x5b,0x0f,0x1b,0xae,0x3f,0xf4,0x12,0x07,0x6c,0x5c,0xc6,0xcd,0x55,
  0x6c,0xab,0x3d,0xa3,0x92,0x53,0x1d,0xdc,0xba,0x55,0xb9,0xc9,0xfa,0x1b,0x34,0xc8,0xe7,0xc8,0xde,0xa2,
  0x92,0x97,0xcb,0xea,0xf9,0x79,0xbe,0xe0,0x00,0x8d,0x66,0x03,0x64,0xb5,0x52,0xbd,0xbd,0xbb,0xbd,0x45,
  0xb3,0xa9,0x16,0xc7,0xb8,0x79,0xad,0x31,0x52,0x9c,0xa4,0x83,0xa4,0x25,0xfb,0xcd,0xa5,0xa2,0x03,0x18,
  0xad,0xb3,0x47,0xa3,0x55,0x19,0xf9,0xeb,0x11,0x9c,0x13,0x36,0xfe,0xae,0xb3,0x70,0x1e,0x47,0x28,0xb6,
  0x2c,0x5e,0x13,0x65,0xcc,0x80,0x81,0xcc,0xdc,0xd1,0x4e,0xb0,0xa2,0xcc,0xbc,0xb5,0x68,0xb9,0x8e,0x3c,
  0x8e,0x99,0xd6,0xe9,0x49,0x0e,0x49,0xe7,0x88,0x54,0x3c,0x86,0x26,0x93,0xea,0xad,0x5b,0x4b,0x85,0x11,
  0x14,0x4e,0x0e,0xfa,0x4d,0xf8,0x77,0xbf,0x8f,0xa7,0x44,0x6f,0xdd,0x8a,0xe8,0x31,0xda,0xef,0x77,0xf6,
  0xee,0x54,0x26,0x68,0x52,0xa3,0xea,0xa7,0x2d,0x98,0x42,0xb7,0xd9,0xcb,0x89,0xe6,0x34,0x14,0xf8,0x79,
  0xdb,0xbb,0xc8,0x36,0x95,0xea,0x19,0x89,0x23,0x72,0x08,0xf1,0x51,0x55,0xce,0x8a,0xde,0xf6,0x4f,0xc8,
  0x0e,0x36,0xe8,0x81,0x04,0xe2,0x5d,0x7c,0x7e,0x2e,0x0b,0x4f,0xc4,0x00,0x58,0x55,0x7f,0xd5,0x83,0x5e,
  0xe8,0xb9,0x2a,0x59,0x12,0x1c,0x24,0x39,0x4a,0x6f,0x81,0x4c,0x68,0x67,0x2f,0x81,0x20,0x51,0x82,0x06,
  0xb1,0x41,0x92,0x58,0xa9,0x54,0xfb,0x07,0x67,0x0b,0xa8,0x47,0x8f,0x67,0x8b,0x1c,0xc4,0x03,0x21,0xa6,
  0x00,0x69,0x0a,0xe4,0xf9,0x39,0xf7,0x81,0xf2,0x9a,0x63,0x12,0x69,0x50,0x7b,0x30,0xa7,0x33,0x70,0x79,
  0x2a,0x28,0x61,0x6e,0xbf,0xd9,0x73,0xf7,0xdb,0x3d,0xf7,0xf6,0x6d,0x35,0xb9,0x20,0x1a,0xf6,0xb9,0x87,
  0x21,0x48,0x5e,0x2c,0x9e,0x46,0x43,0xd7,0x03,0x21,0x86,0x16,0xd5,0xda,0x31,0xd0,0x3f,0xf7,0xf6,0x57,
  0x50,0x00,0xe5,0x74,0x3c,0x43,0xbd,0xe0,0x83,0x1e,0x68,0xd7,0x6e,0xbb,0x9f,0x36,0xda,0x9d,0x1e,0x74,
  0x09,0xce,0xa1,0xf8,0xab,0x44,0xf8,0xc3,0x39,0x93,0xb4,0xbf,0xbb,0xdb,0xec,0x61,0x6f,0x0d,0xfa,0x07,
  0x74,0xdc,0x2b,0x2c,0xbe,0xcb,0x9e,0x40,0x93,0x3b,0xac,0x6a,0x35,0x50,0x2e,0xec,0xf0,0xb9,0x3d,0x99,
  0xbe,0x0c,0xf4,0xaa,0x8d,0xd6,0x36,0x57,0xbe,0xdd,0x68,0xb6,0x3a,0xd7,0x69,0xd1,0x54,0xf5,0xad,0x76,
  0x95,0x40,0x93,0x97,0x5b,0x55,0xb0,0x95,0xec,0x40,0x15,0xf1,0x8c,0x40,0xd8,0x31,0xc1,0x8d,0xe8,0xe6,
  0x16,0xd4,0x41,0x45,0xc2,0xc8,0x05,0xc1,0xb4,0xa2,0xba,0x05,0x28,0x16,0xa5,0xa4,0xc2,0x5a,0x77,0x51,
  0x09,0x01,0xbd,0xc0,0x07,0xb5,0x43,0xa5,0x8c,0x2a,0x39,0xd5,0x54,0xed,0x95,0x68,0xaa,0x4c,0x38,0xe8,
  0x25,0x88,0x06,0xef,0x85,0xeb,0x93,0xd2,0xce,0x0d,0x63,0xcb,0x21,0x90,0x25,0x56,0x35,0x53,0xcc,0xb0,
  0xb2,0x5b,0x56,0xc6,0x85,0xd7,0xb4,0x31,0xcd,0x44,0x8f,0x79,0x98,0x80,0x94,0xf7,0x98,0xf7,0x0a,0xe0,
  0xa2,0xbd,0x52,0xf3,0xc2,0x0a,0xb5,0x2d,0x54,0x28,0x05,0x31,0x13,0x21,0xde,0xf4,0x27,0x81,0x24,0x7b,
  0x58,0xae,0xe1,0xe9,0x4f,0xb5,0xaa,0xa9,0x06,0x32,0x43,0x66,0xc1,0x0e,0x65,0x47,0xd9,0x07,0xb8,0xd4,
  0x70,0xf1,0x1d,0x6a,0x7b,0x01,0x46,0xc9,0x3b,0xc5,0x03,0xad,0x6f,0xf9,0x94,0xa0,0x1b,0xe3,0xfe,0x5c,
  0xde,0x98,0x56,0x34,0x42,0x39,0xf0,0x92,0x29,0xfa,0x89,0x00,0x1d,0xca,0x08,0x5e,0x87,0xd1,0x5f,0xe1,
  0xac,0x65,0x8a,0xba,0x8a,0x02,0xbe,0xca,0x02,0x60,0x17,0x0d,0xe5,0x06,0x81,0x56,0xd1,0x55,0x2b,0x59,
  0x15,0x4d,0xb5,0x82,0x56,0x4d,0xb1,0xd3,0x5b,0x2c,0x75,0x4a,0xd5,0xab,0x92,0xc4,0x3d,0xa9,0x65,0xa3,
  0x7e,0xbe,0x12,0xa9,0xeb,0x3b,0xba,0x42,0xee,0x12,0x08,0x99,0xb3,0x27,0x35,0x6c,0x9f,0xdc,0xb7,0xa1,
  0x70,0xbd,0xca,0x24,0xda,0x44,0x85,0x58,0xad,0x8d,0xb8,0xf0,0xc8,0x0b,0x40,0xe4,0x65,0xbd,0xcd,0xf6,
  0x36,0xbe,0x9a,0x94,0xbc,0xfa,0x25,0xbe,0xda,0xdc,0x6e,0xa2,0x22,0x57,0x45,0x10,0x7c,0x64,0x14,0x93,
  0xf7,0x04,0x14,0x48,0xf6,0x66,0x54,0x9b,0xd4,0xa2,0x43,0x0a,0xa5,0xde,0xf5,0x0f,0x5e,0x90,0x4b,0x53,
  0x79,0x57,0x05,0x97,0xca,0x79,0x41,0xe2,0x65,0xd5,0xcc,0xa6,0x59,0xad,0x4a,0x17,0xbb,0x6b,0xaa,0xd9,
  0xf2,0x3d,0x8e,0xfd,0x72,0x5c,0x2b,0x93,0xa6,0xca,0xa5,0xf1,0xee,0xe5,0x18,0x28,0x8c,0x01,0x18,0x75,
  0xea,0xfc,0x9a,0x1d,0x11,0xde,0x4b,0xba,0xd1,0xe7,0x54,0x3a,0xf4,0x1d,0xf3,0x19,0xae,0x61,0x7d,0xf8,
  0x1a,0xf8,0x33,0x86,0x69,0xc8,0x63,0xf1,0x7a,0x5f,0x54,0xb3,0x1c,0x24,0x5d,0x81,0xf7,0x50,0x6b,0x33,
  0x0e,0xf8,0xb4,0x45,0x70,0x64,0xbc,0x29,0x58,0xd5,0x5a,0xc1,0x82,0x1e,0xa2,0xe8,0x50,0x6d,0xad,0x7b,
  0xc6,0x60,0xf9,0x0c,0x53,0xd7,0x1a,0xb4,0x75,0x38,0x7f,0x41,0x2c,0x14,0x84,0x77,0x3d,0x00,0xf6,0x8d,
  0x7e,0x6b,0xc0,0x21,0xa9,0x81,0xf0,0x81,0x0d,0xf6,0x69,0xd0,0x3f,0x18,0x5c,0xab,0xf7,0x6a,0xef,0x0a,
  0x41,0x2e,0xa7,0xc5,0x1d,0xf3,0xa9,0xdc,0x35,0xab,0xc4,0xdb,0x70,0xc1,0x8d,0x95,0x69,0xb3,0xef,0xc0,
  0x57,0x3d,0xc5,0x3d,0x5f,0x97,0x3f,0x8c,0x71,0x39,0xb5,0x61,0x76,0x57,0x10,0x22,0xd3,0x12,0x74,0xb8,
  0xfe,0x54,0x5d,0x90,0xf9,0xfd,0x52,0x13,0x82,0x96,0x1b,0xa8,0x2d,0xbe,0x50,0xc7,0x5c,0x71,0x2f,0x00,
  0x6b,0x8f,0x65,0xde,0xb0,0x1d,0xe7,0x01,0x9e,0xfd,0xfa,0x12,0x84,0x19,0x0f,0x0b,0x56,0xcc,0xa1,0xe7,
  0x0e,0xc7,0x66,0x8d,0x0c,0x3a,0x53,0xd2,0x49,0xf8,0x3e,0xf3,0x15,0xcc,0x53,0x70,0xd0,0xba,0xba,0x4c,
  0xa3,0xc6,0x51,0xcd,0xf7,0xfb,0x4d,0xd0,0x2b,0xb8,0x1f,0xbd,0x62,0xbe,0xb6,0xf9,0xac,0x35,0x68,0x40,
  0xdc,0xe0,0xfd,0x7b,0xba,0xfd,0x32,0x01,0xff,0x0c,0xef,0xbe,0x48,0x20,0xc0,0x14,0x6f,0x67,0x17,0xdf,
  0x5f,0xbe,0x17,0x06,0x3a,0x47,0x9c,0x41,0x80,0x08,0xb6,0xb3,0x27,0xab,0x34,0x4c,0xe5,0x70,0xf5,0x16,
  0x79,0x7f,0xa8,0xa7,0x59,0xb0,0x5e,0x4e,0x8b,0xa5,0xee,0xb2,0xf2,0x61,0xbb,0x9a,0x0f,0xab,0x80,0xd4,
  0xb4,0x9c,0x2a,0xd2,0x95,0x9d,0xd2,0xba,0xbd,0x05,0x45,0x71,0xcb,0xf2,0xb1,0x1e,0x9f,0x39,0x55,0x59,
  0xe6,0xf8,0x30,0xc2,0x3f,0x42,0x9d,0x17,0xd4,0x76,0x0a,0x9f,0x42,0x4e,0x0e,0x03,0x2a,0x4c,0xc8,0xe6,
  0x98,0x57,0xb9,0x6b,0x66,0xaa,0xc5,0xab,0x60,0x3c,0xc1,0xec,0xac,0x44,0x73,0xd1,0x0f,0xd7,0xd9,0xa1,
  0x7c,0x80,0x1c,0x22,0xa9,0xff,0x75,0x88,0xa4,0x0a,0x05,0xec,0xe7,0x2c,0xff,0x7a,0x12,0x48,0xf8,0x49,
  0xca,0xcb,0xae,0x4c,0xd5,0x5c,0x87,0x45,0xd9,0x28,0xa5,0x03,0x40,0xdc,0x0b,0x2e,0xb5,0x6f,0xd6,0x04,
  0x13,0x59,0x34,0xa0,0x04,0x65,0xe4,0x41,0x34,0xb4,0xa7,0xc0,0x17,0x67,0xa2,0x31,0x0d,0xe9,0x90,0xe5,
  0x67,0xe2,0xc8,0x4e,0xbc,0x98,0x48,0x74,0x7d,0x48,0xf4,0x3e,0x5f,0xda,0x83,0xf2,0x0e,0xaf,0xf0,0x84,
  0x16,0x3c,0x9f,0x1f,0xad,0x3d,0xd7,0xe3,0x75,0x65,0xf4,0xd4,0x07,0xbd,0x0b,0xdd,0xc2,0x5c,0x65,0x6a,
  0x30,0xea,0xad,0x8c,0xa2,0xfa,0x60,0x4e,0x75,0xce,0x63,0xd6,0xcb,0x4c,0x8a,0x73,0x7d,0x7b,0xe2,0x94,
  0xd1,0x89,0xac,0x8c,0x59,0xe3,0x11,0xf2,0xd8,0x58,0xae,0x4c,0x1f,0x79,0x71,0x3d,0x37,0x9e,0x0f,0x47,
  0x78,0x69,0x65,0x26,0xc3,0x37,0xd3,0x56,0xd2,0x53,0x2d,0x08,0x4b,0xfa,0xa8,0xfb,0x99,0x5c,0x58,0xeb,
  0xa0,0xa3,0x99,0x25,0x2f,0xf1,0x26,0x92,0x5c,0xfa,0x40,0xbb,0x24,0x05,0x66,0x26,0xcd,0x91,0x5e,0xa8,
  0x50,0x85,0x69,0x5d,0xc0,0x06,0xf7,0x00,0x6c,0xc1,0x19,0x17,0xf3,0x0e,0x15,0x34,0x22,0xdc,0xf2,0x04,
  0x71,0x04,0x46,0xc1,0xd5,0x2e,0xa7,0x37,0x97,0x7b,0x5a,0x89,0x21,0x9c,0xa9,0xee,0xf2,0xe6,0xa0,0x5a,
  0x01,0x51,0xcd,0xd4,0xef,0x55,0x31,0x99,0x78,0x94,0x23,0xc1,0xeb,0x33,0x4a,0x26,0x49,0xe5,0x66,0xed,
  0xcd,0x21,0x69,0xb2,0x9b,0xf9,0x14,0x26,0xbd,0x84,0x10,0x9f,0xda,0xbe,0x39,0xec,0xf1,0x0f,0xfa,0x57,
  0x65,0xbe,0xe3,0xfe,0x41,0x7c,0xeb,0x96,0xc4,0x43,0x4c,0x46,0x5a,0x43,0x84,0xf6,0xc6,0x75,0xb4,0xf2,
  0x6a,0x8a,0x1b,0xf0,0x25,0x39,0x4f,0x0e,0x1d,0x55,0xce,0x5c,0xa7,0x8b,0x35,0x6b,0xd8,0x4d,0x97,0x7b,
  0x4b,0x6b,0x5a,0xe8,0x59,0xa2,0xc1,0x85,0x17,0xf8,0x07,0xba,0xc3,0x98,0x46,0x31,0x68,0xa6,0x1b,0x7d,
  0x47,0x84,0x2f,0x11,0xc6,0x8a,0x8a,0x55,0xf1,0x76,0x92,0x3e,0x31,0xbc,0xba,0xab,0xc4,0xc4,0x8f,0xeb,
  0x45,0x31,0xa8,0x5d,0xba,0x34,0xe5,0x3e,0x7e,0x19,0x01,0x5a,0x2a,0x01,0x4e,0xef,0x2e,0xd1,0xe2,0x27,
  0x9a,0x35,0xdf,0xb7,0x72,0xd0,0xcc,0xaa,0xd1,0xcd,0x30,0x45,0xf7,0xa4,0x80,0xa1,0x9b,0x0c,0x71,0x55,
  0x36,0xbf,0x6d,0xaa,0x6b,0x64,0x74,0x5f,0x0d,0x1b,0xa1,0x68,0x31,0xd2,0x53,0xc8,0xfb,0x29,0x9f,0x73,
  0x24,0x2d,0xf3,0x98,0x15,0xd3,0x73,0xcd,0x6a,0x8d,0x4f,0x79,0xad,0xac,0x82,0x6f,0xa1,0x16,0x9d,0xa6,
  0x5d,0x59,0x8b,0xd9,0xad,0x4a,0x48,0x5f,0x59,0x09,0x4f,0xca,0x43,0x1d,0x30,0x29,0xa0,0x26,0x57,0xd6,
  0xe2,0x43,0x46,0x84,0xdc,0x06,0x1d,0x4b,0x42,0xa6,0x6e,0xc4,0xc1,0xf1,0xb1,0x07,0x6c,0xcc,0x21,0x0c,
  0xce,0x8f,0xd1,0xd1,0x23,0xb8,0x68,0x6d,0xa4,0x6f,0xaa,0xb3,0xbf,0xa6,0x2c,0x95,0x27,0x80,0xfb,0x69,
  0x75,0xfa,0x62,0xe0,0x12,0x9a,0xa9,0x40,0x36,0x29,0x51,0x8e,0xba,0xd2,0x48,0x7b,0xea,0xe7,0x46,0xb8,
  0x26,0xac,0xcb,0x92,0x28,0x45,0x87,0xfe,0xd4,0x4c,0xfd,0x7e,0x1a,0xb3,0xfa,0xb3,0xf1,0xc7,0x02,0x6d,
  0x14,0xe2,0x5c,0xa2,0x49,0x62,0x38,0x2d,0xd4,0xa3,0xdb,0x8b,0xff,0x9c,0x96,0x83,0xd2,0xbb,0x1b,0x83,
  0xac,0x41,0x75,0x80,0x3a,0x3b,0xe2,0x06,0xea,0xec,0xc5,0xc4,0x3e,0xb5,0x63,0xbe,0x73,0xa7,0x6b,0x98,
  0xb7,0x53,0x2c,0xa6,0x23,0xad,0x37,0x32,0x2b,0x94,0x00,0x78,0x52,0x58,0xf6,0xd1,0x88,0xca,0xc9,0x2b,
  0x4e,0x97,0xe0,0x6c,0xd8,0xd3,0x29,0xbc,0xa8,0x10,0x8d,0x6a,0x0c,0x1d,0xd0,0x49,0x96,0x52,0x15,0xc9,
  0x8b,0x52,0x90,0xd5,0x1b,0x17,0x6d,0xac,0xf2,0x18,0xd4,0xd5,0x4b,0xa5,0x5a,0x16,0x6f,0x1c,0xc5,0xc5,
  0x3e,0x74,0x17,0x4a,0x0c,0xb9,0x14,0x4a,0x94,0x89,0xb4,0x2f,0x7c,0x52,0x9a,0xb6,0x01,0xd8,0x9d,0xb0,
  0x73,0x7d,0x93,0xe0,0x93,0xde,0x1e,0xba,0x97,0xba,0xaa,0xe8,0xa3,0x86,0x53,0x2e,0xf7,0x63,0xdc,0x74,
  0x61,0x40,0x09,0xa3,0xff,0xf2,0xcf,0x78,0x71,0xd6,0x5b,0x07,0x37,0xee,0xcc,0x84,0x81,0xfb,0x96,0x00,
  0x9d,0x78,0xe0,0x72,0x62,0x5f,0xfe,0x00,0x3e,0xa6,0xe6,0x61,0x73,0xa7,0x10,0x14,0x8e,0x48,0x4d,0x66,
  0x2e,0x28,0xb0,0xac,0x8c,0x8a,0xdb,0xdb,0xd5,0xdb,0x66,0xdd,0xbc,0x4d,0xc1,0x37,0x7e,0x41,0x21,0x98,
  0x14,0x5e,0x4b,0x65,0x6a,0x55,0xa5,0x86,0x2d,0xd7,0xaf,0x94,0xd3,0x59,0xfc,0x78,0x96,0xd7,0xd1,0xd4,
  0x37,0xcd,0x65,0x12,0xd3,0x12,0x91,0x5e,0x86,0x0b,0x5e,0x8c,0xf0,0x5f,0xf4,0xc1,0x50,0x1c,0xac,0x59,
  0xb8,0xa9,0xf9,0x47,0xfd,0x8a,0x5f,0x73,0xfa,0x2d,0x60,0xc6,0x62,0x32,0xdb,0xaf,0xde,0xf1,0x61,0xc2,
  0x5f,0xe2,0xba,0x88,0x90,0xd3,0x36,0x87,0x51,0xfd,0xfe,0x6b,0xb3,0x86,0x1f,0xc7,0xc0,0x8b,0x62,0x3e,
  0x0f,0xf9,0xea,0xfe,0xcf,0x70,0xad,0x37,0xea,0x3a,0xb5,0x09,0x5f,0x20,0x53,0x2c,0x5f,0x80,0xc9,0xfe,
  0xcb,0xef,0xfe,0x23,0x58,0x6d,0xb4,0x9f,0x94,0x26,0xe5,0x05,0x02,0x79,0xd1,0x48,0x1f,0xdc,0xd8,0x61,
  0x10,0x3a,0x51,0xf7,0xcd,0x61,0x8d,0xef,0xee,0x80,0x5f,0x8b,0x9a,0x07,0x1a,0x04,0xf4,0x16,0x21,0xb1,
  0x36,0x48,0xa2,0xb9,0xfc,0x39,0x0d,0x3c,0x08,0x78,0x8e,0xe5,0x13,0xee,0x2e,0x79,0x91,0x0c,0x87,0x22,
  0x8a,0xfa,0xcd,0x1a,0x7d,0x9e,0x21,0x75,0x40,0x01,0xc1,0xc8,0x2e,0x14,0x75,0xd4,0xe4,0x25,0xb3,0x9f,
  0xe3,0x87,0x71,0xa1,0xdb,0xa6,0x2a,0x00,0x06,0xb0,0xe5,0xe2,0x44,0x6a,0xfb,0xe8,0x34,0x75,0x05,0xd7,
  0xeb,0x6b,0x9c,0x10,0x3f,0xbb,0xd2,0xd1,0x94,0x07,0xb0,0xcd,0xdb,0xd8,0xea,0xb6,0xb9,0xa1,0x7b,0x9c,
  0x60,0x59,0x0e,0x40,0x14,0x75,0x1d,0xc3,0xdd,0x6a,0xeb,0x70,0xcc,0xd8,0x13,0x98,0x06,0x4c,0xa1,0x7a,
  0xf6,0x0b,0x60,0x01,0x2c,0x29,0x28,0x3c,0xf9,0xbe,0xa7,0xbd,0xce,0xe5,0x0f,0x29,0xcb,0x89,0xf3,0x0d,
  0x92,0xb8,0x92,0x4d,0x1e,0xa2,0x9a,0xf4,0x37,0xe6,0x0b,0x55,0x0d,0xd4,0x43,0xcb,0x5d,0xa1,0x37,0xc0,
  0xbe,0x96,0x06,0x9f,0xbc,0x8e,0x30,0x75,0x05,0xe8,0xe6,0x82,0x3e,0xd3,0xe8,0xd6,0x2d,0xa2,0xea,0xad,
  0x5b,0x99,0x30,0xd5,0x35,0xba,0xec,0xb7,0xc0,0x4f,0x6c,0x5e,0x9d,0xe9,0xa0,0x2b,0x3c,0x0b,0x9e,0xba,
  0x1c,0x0d,0xa0,0xc6,0x11,0xee,0x34,0xa8,0x4e,0x74,0xa7,0xf1,0x26,0x73,0xc4,0xb9,0x59,0x4f,0xcb,0x88,
  0xdc,0x24,0xe0,0xce,0xcf,0x91,0x69,0xce,0xcf,0x6f,0x86,0x77,0x30,0xbf,0x1c,0x87,0x81,0x77,0x77,0x66,
  0xbb,0x1e,0xd6,0x39,0x3f,0x0f,0xf1,0xf0,0xed,0x04,0x64,0x5b,0x38,0x4f,0x7d,0x70,0x81,0x2a,0x59,0x87,
  0x01,0x3e,0x9b,0x88,0x05,0xb3,0xba,0xd0,0x71,0x90,0xf8,0xb6,0xea,0x20,0xa3,0x54,0x8e,0x01,0x7b,0x6f,
  0x4c,0xed,0xc3,0x06,0x60,0x24,0xb2,0x4f,0x07,0xc0,0x83,0x7e,0x71,0xbe,0xf6,0xc8,0x2f,0xb5,0xcb,0xc5,
  0xd2,0x27,0x79,0x41,0x54,0xfa,0x2c,0x53,0xfd,0xe6,0x61,0x8a,0xa2,0x71,0xff,0x80,0x99,0x75,0x5c,0x23,
  0x21,0x03,0x27,0x8e,0x9f,0xcd,0xdc,0xd5,0xba,0x68,0xae,0x62,0x7b,0x66,0xf8,0x02,0x4f,0xe2,0x63,0x1a,
  0xc5,0xcc,0x57,0xb4,0xd6,0x55,0x04,0x16,0xc9,0x3e,0x48,0x01,0xf4,0xc9,0xac,0x3c,0x9b,0x8e,0x8a,0x89,
  0x5f,0x2f,0x59,0x5b,0x11,0xcc,0x06,0x68,0xc0,0x30,0x0c,0xc2,0x62,0x35,0xa5,0xe5,0xca,0xd8,0x3c,0x65,
  0xba,0xc5,0x0d,0x1b,0x6f,0x0e,0xd0,0x72,0xee,0x53,0xb7,0x32,0x05,0xf9,0xad,0x05,0x53,0xfa,0x7c,0x48,
  0xff,0x6c,0xa1,0x38,0x53,0xd2,0xda,0x03,0x56,0xa7,0x45,0x9f,0x41,0x10,0x52,0xc7,0x5c,0x56,0xa9,0x52,
  0x8e,0x1b,0x70,0x5f,0x14,0x84,0xac,0x5d,0xc3,0xc6,0x36,0x50,0x73,0x87,0x32,0xe9,0xb8,0x80,0xa3,0xd6,
  0xfd,0xa3,0x29,0xfc,0x10,0x7d,0xfb,0xc4,0x76,0x41,0x06,0x50,0x97,0x54,0xcc,0x4d,0x00,0x66,0xd3,0xbc,
  0x4d,0xe0,0x9c,0x81,0x23,0x07,0x32,0x14,0xbb,0x20,0x8e,0x5d,0x33,0x02,0x5d,0x50,0x0f,0x70,0x0b,0x31,
  0x84,0xd3,0x43,0xa0,0x97,0xe8,0x42,0x5c,0x81,0xb1,0x6c,0x08,0x44,0x6d,0x34,0x1a,0x12,0xfa,0x1a,0x5e,
  0x89,0x61,0x7b,0x5d,0x0d,0x04,0x2e,0x41,0x33,0x0e,0x4a,0x13,0x39,0x93,0xc0,0xc0,0x1f,0x72,0x70,0x05,
  0x4b,0xe3,0x6d,0x14,0x80,0xbf,0x2d,0x17,0x40,0xf0,0x03,0x7d,0x27,0x06,0xce,0xfb,0x01,0x22,0xbb,0x62,
  0xd2,0xcd,0x0d,0x50,0x30,0xc5,0x0d,0x5b,0x78,0x5b,0xb3,0x87,0x39,0xbc,0xf7,0xd4,0x25,0x98,0x45,0x0c,
  0xc6,0x6f,0xa6,0x5d,0x05,0x63,0x5a,0x20,0x48,0x9f,0x99,0x27,0x40,0x1a,0xb6,0x9a,0xad,0xea,0x99,0xce,
  0xfe,0xe6,0xdd,0x67,0x8f,0xf4,0x0b,0x9e,0x8c,0xd9,0xfc,0xf2,0x07,0xdb,0xc1,0x3b,0x23,0xde,0xba,0x7e,
  0x90,0x18,0xa0,0x82,0x4f,0x5d,0x43,0xde,0x98,0x91,0xa0,0x01,0x5e,0xc8,0x6d,0x05,0x08,0x57,0x3f,0x83,
  0x90,0x00,0xa1,0xc2,0x3b,0x0d,0x49,0xf7,0xf3,0x73,0xf3,0xfe,0x68,0x3e,0xb0,0x0d,0x1c,0xc4,0xbc,0x5d,
  0x00,0x07,0x0c,0x24,0xd6,0x56,0xc0,0x15,0xde,0xf6,0x18,0x03,0x54,0x65,0x21,0x97,0x31,0x71,0x88,0xc5,
  0x91,0x0b,0xf8,0xf4,0xe6,0x67,0x79,0x15,0xc9,0x7f,0xab,0x0b,0x4d,0xca,0xd9,0xa2,0x56,0x22,0x4c,0x0b,
  0xa1,0xad,0x8a,0xa4,0x0b,0x33,0xec,0x47,0xc0,0xd0,0xee,0x04,0xca,0xce,0xcf,0xcf,0x16,0x35,0x12,0x49,
  0x28,0xa3,0xbf,0x5c,0x32,0x8f,0xf0,0x79,0x0e,0x9e,0xd1,0x04,0x0b,0xb4,0xa0,0x84,0xf6,0x7e,0x51,0xbc,
  0xcf,0x1a,0x21,0x13,0x7f,0x08,0xf1,0x25,0x77,0xcd,0xfa,0xc3,0x37,0x58,0xef,0x90,0x3a,0x03,0x0b,0x01,
  0x16,0x7c,0xd6,0x48,0x71,0x2e,0xe3,0xb4,0x5b,0xb7,0x6e,0xce,0x70,0xae,0x1e,0xfc,0x82,0xb7,0xc7,0xe2,
  0x71,0xb4,0xdf,0x67,0x0d,0x9b,0x99,0x2d,0x70,0x5f,0x58,0xc9,0xf8,0x47,0x15,0xea,0xe8,0xce,0xac,0x81,
  0x05,0x22,0x04,0x1c,0x85,0xe2,0x7e,0x17,0x0d,0x5e,0xaa,0x2b,0x64,0x0b,0xd2,0x43,0x5a,0x03,0xdc,0xe7,
  0xe8,0xb8,0xf1,0xfc,0xd9,0x30,0xa6,0xfa,0xb5,0x66,0xb1,0x45,0xc8,0x51,0x01,0xb6,0xc1,0x7c,0xc8,0x4b,
  0x6d,0x04,0xf0,0xa0,0x8c,0x4d,0x20,0x1e,0xbf,0xb3,0xdf,0x15,0xdf,0xfd,0xd3,0x3f,0xdc,0x07,0xee,0x93,
  0x13,0xa7,0xa9,0x12,0x1e,0xcb,0xa6,0xcb,0x2f,0xe4,0x94,0x65,0xad,0xdc,0xb4,0x53,0x2c,0x13,0xfa,0x6a,
  0xb8,0x71,0xc3,0x39,0x24,0x6c,0xbf,0x31,0x95,0x42,0xa5,0xbf,0x5f,0x99,0x35,0xeb,0xb0,0xf6,0xc6,0xcc,
  0xf4,0xaa,0xfc,0xf5,0x4a,0xbe,0x50,0x0a,0xb6,0xa6,0x7e,0x3d,0xb6,0xcd,0x5a,0xeb,0xf0,0xb0,0x2a,0x75,
  0x25,0xab,0x61,0x36,0xf2,0x19,0xaa,0xa8,0xf4,0x0d,0x0c,0x7b,0xc8,0x78,0x72,0x32,0x2d,0xac,0x5d,0xc5,
  0x48,0x78,0x62,0xf0,0xf9,0x26,0xbb,0x97,0x58,0xfa,0xd5,0xa8,0x66,0x2d,0x57,0x87,0xb9,0x96,0x54,0x87,
  0xd2,0xb2,0xea,0x80,0x5d,0xad,0x32,0x3c,0x3d,0xa3,0xb9,0x52,0xc5,0x5f,0xe0,0x0e,0xc0,0xf4,0x22,0xc7,
  0x82,0x9a,0xe5,0x06,0xe9,0x37,0xd3,0xa1,0x18,0xe5,0x55,0x38,0x77,0x72,0xe3,0xe2,0x46,0x2e,0x50,0x67,
  0x77,0xcc,0x27,0xe2,0xe2,0x1f,0xa7,0x9e,0xcf,0xdb,0xd0,0xf1,0xf6,0xaa,0xf4,0x3e,0xc5,0x6f,0xf9,0x36,
  0xc5,0xb9,0xd9,0x35,0x1f,0xa7,0x17,0xdd,0xc9,0x9b,0x1f,0x4d,0x70,0xff,0xc0,0x37,0x9f,0x86,0x33,0xdc,
  0xef,0x88,0x6f,0xf1,0x5a,0xa8,0xc9,0x87,0x6f,0x42,0x5c,0x1c,0x4c,0x9c,0xc4,0xe0,0x6b,0x31,0x4d,0x84,
  0x35,0x7f,0x17,0x60,0x29,0xb8,0x13,0x61,0x47,0xc0,0x44,0xe8,0x49,0x7c,0x29,0xeb,0x81,0xbe,0x50,0x7d,
  0x64,0xbc,0x30,0x1c,0xb1,0xbc,0xb5,0x80,0x98,0x56,0x26,0x64,0x28,0xb1,0xa9,0x13,0x31,0x1c,0x1d,0xe6,
  0xac,0xa0,0x79,0x7b,0x08,0x41,0x63,0x6a,0x0a,0xc3,0x3b,0x95,0x9c,0x9b,0x70,0xc7,0xc4,0x5b,0xd4,0x92,
  0x38,0x80,0x79,0xe2,0x65,0xe2,0xf8,0x8b,0x66,0x97,0x6e,0xc3,0x01,0x35,0x77,0xa5,0x9b,0xc3,0x37,0xa4,
  0xf3,0x50,0x65,0x6e,0xe2,0x72,0x0c,0x0d,0x98,0xa8,0x91,0x13,0xa3,0x3b,0x2c,0x28,0x1c,0xd5,0xea,0x42,
  0x82,0xef,0x82,0xac,0x83,0xe2,0x69,0xb8,0x53,0x40,0x06,0x39,0x02,0x88,0x4e,0xf5,0x39,0xb0,0x22,0x22,
  0x65,0x45,0x85,0xe7,0xc6,0x08,0xe0,0x47,0x96,0x4e,0x91,0x11,0x45,0x2e,0xb3,0x14,0xd4,0x3c,0x71,0x8f,
  0xdc,0xe7,0x50,0xf0,0xd9,0x60,0x02,0x1a,0x00,0x44,0xd7,0xb9,0x37,0xc9,0xbc,0x07,0xbe,0x5d,0xc9,0xac,
  0x69,0x0b,0x95,0x95,0xa8,0xc1,0xa5,0x2f,0x38,0x89,0x79,0x7e,0xde,0xac,0xf2,0x82,0x26,0x34,0x1e,0x19,
  0x32,0xae,0x5a,0x5d,0x37,0x5d,0xe1,0x84,0xea,0xa0,0x55,0xb2,0xb1,0xd4,0xfd,0x4b,0x3c,0x55,0xf5,0xf4,
  0x0a,0xb3,0xf0,0xc4,0x04,0x3c,0x6f,0x59,0x19,0xaf,0x56,0x4a,0xe7,0x00,0x0e,0xa1,0x78,0x08,0x05,0xf7,
  0xe6,0xb1,0xc0,0x75,0x57,0x6b,0x8b,0xa7,0x32,0xbe,0x97,0x35,0x90,0x77,0x27,0x71,0xe7,0xf2,0xe1,0xb9,
  0xb0,0x9d,0xf9,0x1d,0xf3,0xee,0x38,0x76,0xf1,0x1e,0x5d,0xa0,0xfb,0xb3,0x20,0x39,0x15,0xc6,0xf3,0xbb,
  0x8f,0x19,0xc3,0xcb,0x97,0x87,0x95,0xe0,0x9a,0x5e,0xdf,0x67,0x8f,0x07,0xa4,0xcb,0x7c,0xa6,0xae,0x14,
  0x03,0x46,0xaa,0xa4,0x15,0x1e,0xf0,0xae,0x4f,0x5e,0x7c,0xc3,0x97,0x28,0x62,0x5e,0x7a,0xf7,0x16,0xdf,
  0x06,0x07,0x56,0xea,0x18,0x8c,0x2c,0x00,0x72,0x1f,0xdb,0xc8,0x6d,0x60,0xbe,0x5c,0x59,0xbb,0x96,0xaf,
  0x56,0xea,0x85,0x2d,0x3b,0x6b,0x65,0x2e,0x5d,0x99,0xaf,0x26,0x3d,0x8c,0xf4,0x9a,0x34,0x02,0xfb,0xf2,
  0x07,0x77,0x26,0x9d,0x0c,0x7c,0x04,0x85,0x09,0xf6,0x1e,0xa3,0x83,0x8a,0xe6,0x2e,0x57,0xd3,0x08,0x13,
  0xcd,0x71,0x3e,0xca,0xac,0xae,0xf1,0xfd,0xe4,0xb5,0x69,0x72,0x33,0x03,0x87,0x20,0xe7,0xe7,0x32,0x2c,
  0x54,0xe9,0x03,0x15,0x25,0xd2,0x76,0x8d,0xcc,0x83,0x8b,0xa4,0xf7,0x84,0xfe,0xa3,0x49,0xf6,0xdd,0xa4,
  0xd4,0x43,0xd4,0x80,0x12,0xc9,0x49,0x37,0xfb,0xfd,0x16,0x84,0x0d,0x51,0x63,0x10,0x04,0xf1,0x23,0x87,
  0x7e,0xb2,0xca,0xa8,0x2e,0xb9,0x57,0x4f,0xc0,0xb1,0x02,0x72,0x85,0xf2,0x5b,0x35,0x48,0x06,0xdd,0x2d,
  0x42,0xbf,0x47,0x0f,0x10,0xb2,0x00,0xa9,0x97,0xba,0x19,0xec,0xb9,0x55,0x44,0xde,0xc1,0x82,0x6a,0x20,
  0x90,0x18,0x88,0x90,0x03,0x4b,0xc3,0x99,0x77,0x52,0x77,0x0e,0x07,0x9d,0x5d,0x7c,0xe7,0x5c,0xbc,0x6f,
  0x18,0x4f,0xb5,0xab,0xbb,0xf2,0x0b,0xad,0xdf,0x36,0xcc,0xae,0x50,0x5e,0x55,0x35,0x75,0x81,0x72,0x11,
  0xf4,0x62,0x09,0xbf,0xd1,0x09,0xae,0xd6,0x3d,0xc7,0x19,0x57,0x86,0xe0,0x61,0xfb,0x84,0x68,0x19,0x4c,
  0x11,0xce,0xce,0xcf,0xcb,0x23,0xbd,0x03,0xb6,0xc8,0x8a,0x06,0x14,0xb4,0x13,0x01,0x52,0x62,0x4a,0x5f,
  0x0a,0x31,0xcb,0x21,0x9d,0x44,0x72,0x4d,0x46,0x78,0x12,0xd1,0xa8,0x99,0x6b,0x03,0x14,0xd6,0xfe,0x30,
  0x9c,0x4f,0xe3,0x00,0x13,0x18,0xcf,0x29,0x13,0x43,0x5b,0x8b,0x78,0xc3,0xfb,0x6f,0x5c,0x3f,0xde,0xe5,
  0x0c,0x7b,0x6b,0xbb,0x5a,0xad,0x81,0x13,0xc1,0x79,0x77,0xdc,0x19,0x5f,0xa1,0xe6,0x35,0x5a,0xed,0x49,
  0x53,0x37,0x50,0x6d,0xd5,0x86,0x07,0x53,0x77,0xf4,0xed,0xe1,0x58,0x67,0x14,0x06,0x6a,0x13,0x75,0x76,
  0xed,0x6c,0x22,0xe2,0x51,0xe0,0x80,0x26,0x78,0xfa,0xe2,0xa5,0x59,0xe3,0xcf,0xff,0x45,0xdd,0x33,0x53,
  0x0a,0x44,0xfd,0xe5,0x7c,0x8a,0xf2,0x69,0x4f,0xa7,0x9e,0xcb,0xfa,0x75,0x13,0x5d,0x74,0x73,0x51,0xc3,
  0xdb,0x48,0xbb,0x85,0x1d,0xa5,0xec,0x64,0x76,0x03,0xbf,0x26,0xde,0x4d,0x49,0x3f,0x48,0x2e,0xec,0x86,
  0x8d,0x19,0xff,0xaa,0x31,0x8a,0xba,0xf8,0xa7,0x46,0xdb,0xba,0x22,0x7c,0x74,0x1d,0x08,0x4e,0x15,0x42,
  0x71,0x07,0x9b,0x17,0xf7,0x01,0xee,0xbc,0x75,0xc3,0x8d,0x6e,0x98,0xd1,0x45,0x60,0x84,0x73,0x93,0xcd,
  0xc6,0xf9,0xb9,0x4d,0x69,0x5b,0xfc,0x2c,0xa1,0x07,0x65,0x72,0x3f,0xe0,0x70,0x54,0xe5,0x37,0xe9,0x18,
  0xf0,0xce,0x75,0xb8,0x8c,0x61,0x80,0x02,0xfc,0x91,0xab,0x26,0x10,0x9d,0xb4,0xf5,0x0d,0x95,0x30,0x03,
  0x92,0x33,0x56,0xb9,0x37,0x6a,0x52,0x50,0xa8,0x01,0x26,0xe7,0xbc,0x2c,0x5f,0xcf,0xe8,0xe3,0x4f,0xbe,
  0x18,0xcc,0x3d,0xf9,0x55,0x28,0xe1,0x03,0xc7,0xe3,0x8e,0x22,0x74,0x23,0x80,0xcd,0x51,0xc4,0x8a,0xac,
  0xd3,0xe7,0xb1,0x52,0x19,0x8b,0x69,0x85,0x8c,0x53,0x2c,0xc3,0x11,0x0a,0x55,0xcb,0xbc,0x53,0x09,0xc0,
  0xa0,0xab,0x8f,0xd8,0x9c,0xa6,0x86,0x5d,0x95,0xcc,0x52,0x03,0x4f,0x15,0xf5,0x2f,0xa8,0x68,0xb5,0x73,
  0xc5,0x69,0x13,0x4d,0xa6,0x79,0xd0,0x15,0xd2,0xfc,0x4c,0xce,0x88,0xf6,0xf3,0x4e,0xe9,0xda,0x1a,0x2f,
  0x40,0x81,0x96,0x6e,0x92,0xbc,0x35,0x0e,0x66,0xd9,0x93,0x9f,0xc1,0x8a,0x70,0x93,0x55,0x30,0xb5,0xc7,
  0x78,0xeb,0x6b,0xa9,0x70,0x67,0x99,0xb2,0x9e,0x0a,0x14,0xa5,0xba,0xd4,0x54,0xea,0xe2,0xc6,0x8f,0xca,
  0xc6,0x5c,0xb1,0x6e,0xaa,0x2b,0x8e,0x42,0x7e,0xa6,0x56,0x9e,0x5e,0xc1,0x35,0x27,0x79,0x6c,0x00,0x26,
  0x01,0x51,0xbc,0x4a,0xdd,0x75,0xdf,0x98,0x65,0x5f,0x20,0x05,0x5f,0x6e,0xed,0x97,0x46,0xcd,0xc3,0x1a,
  0x7e,0xff,0x08,0x5a,0x67,0x17,0x8a,0x42,0x1b,0x4d,0x43,0xd6,0xb2,0xbb,0xe4,0x6c,0x23,0xc4,0x9b,0xf9,
  0xe8,0x2a,0x7b,0xfc,0x6a,0xc4,0x1c,0x5a,0xb3,0xcb,0x0b,0xed,0x5f,0xd0,0xcd,0xd1,0x58,0x4d,0xf9,0xb1,
  0x35,0xf3,0xf2,0x7b,0xb0,0x6a,0xdf,0xe2,0x05,0xaf,0xe0,0x4c,0xcf,0x8d,0x53,0xe5,0xb9,0x1e,0xaa,0x54,
  0x26,0xb4,0x53,0xd7,0x2d,0x63,0x22,0x25,0xbb,0x79,0xdc,0x4f,0x2f,0x80,0xce,0x9a,0xdb,0x46,0xa2,0xae,
  0x4a,0x86,0x1e,0xd4,0xf5,0xc2,0xd0,0x45,0xf6,0x21,0x59,0xe8,0xa4,0x78,0x97,0x30,0x9e,0xd2,0xcf,0xee,
  0xf6,0x34,0x0f,0x17,0xbd,0xab,0x49,0x89,0xb8,0xfd,0xc8,0x15,0x70,0x4a,0xa4,0x66,0x34,0xc3,0xc7,0x75,
  0x9e,0x2d,0xdd,0xd3,0x18,0xa5,0xae,0x44,0xc1,0xa3,0x95,0x79,0x45,0xf8,0xe5,0xa2,0x06,0x31,0xe9,0x82,
  0x65,0x4c,0x98,0x00,0xdf,0xf6,0x3e,0x1a,0xfa,0x95,0x6e,0x32,0x6f,0x84,0xc2,0x25,0x5d,0x60,0xb0,0x01,
  0x07,0x3f,0xd9,0x27,0x6d,0x0b,0x6e,0x0b,0xf1,0xdb,0x1b,0xea,0xfb,0x4d,0xf3,0x30,0xad,0xaa,0xbe,0x68,
  0xbb,0xa6,0x76,0xeb,0xb0,0xe7,0x84,0xf6,0xc9,0xfd,0x11,0x1d,0x70,0xa9,0xd2,0xba,0x69,0x6a,0x3b,0xf1,
  0x4d,0xc5,0x75,0x80,0x9c,0x78,0x2c,0x2b,0x4d,0x49,0xd1,0x85,0xdb,0xfd,0x5f,0xd0,0x81,0x09,0x74,0x5a,
  0xb8,0xe0,0xfc,0x9c,0xff,0x36,0x82,0xa3,0x23,0xc0,0xf2,0x57,0xf8,0x8d,0x68,0x00,0xbd,0x99,0xdf,0x40,
  0x43,0x1b,0x77,0xd4,0xee,0x67,0x47,0xcc,0xdc,0xa1,0x78,0xe6,0xbe,0x13,0xde,0x73,0x2c,0x3f,0x3f,0x6f,
  0xd5,0x4e,0xfa,0xb2,0x1b,0x20,0x20,0x00,0x4b,0xdd,0xd4,0x46,0xf9,0xc2,0x87,0xf4,0x35,0xe9,0x9e,0x2c,
  0xa3,0xaf,0x51,0xf7,0x4f,0x3e,0xa5,0xae,0x55,0x21,0x7f,0x70,0xba,0x3f,0x52,0xa5,0x0c,0x79,0xfc,0x4e,
  0x75,0x04,0x16,0x58,0xee,0xad,0xae,0x98,0x16,0xba,0x86,0xf0,0xae,0x11,0xa1,0xfb,0x56,0xa1,0x16,0x35,
  0xfa,0x97,0x8b,0xf1,0x7b,0xe3,0xa0,0x64,0x5b,0xd3,0x77,0xc6,0xdd,0x10,0x82,0x47,0x33,0x35,0x53,0x94,
  0xe9,0xef,0x4b,0x79,0x69,0xc8,0x67,0xb5,0xfe,0x15,0x2e,0xaf,0x44,0x40,0x14,0x3a,0x0d,0x86,0x23,0x19,
  0x1e,0x80,0x91,0x07,0x25,0xd7,0x4f,0x9b,0x79,0x36,0x44,0xe8,0x53,0x6c,0xc7,0x08,0xa7,0x15,0xf0,0xa8,
  0x7f,0x10,0xbe,0x89,0x70,0x87,0xc9,0x61,0x35,0x3d,0x59,0x56,0xe8,0x57,0x42,0x1f,0x87,0xc1,0x18,0x3c,
  0x4f,0xbc,0x03,0xd7,0xfc,0xc4,0x1a,0x58,0x47,0x96,0x30,0x79,0x02,0xae,0xe7,0xa9,0xf2,0x3d,0x6b,0x6f,
  0x6f,0x6f,0x4b,0x4d,0xc1,0x13,0x47,0x71,0x7f,0xcb,0xaa,0x85,0x84,0xad,0x93,0x7a,0xcb,0xaa,0xc5,0xc1,
  0xb4,0x0f,0x7f,0x06,0x01,0xa8,0xd7,0x49,0x7f,0x54,0xb7,0x76,0x89,0xc8,0x00,0xa9,0x5c,0xbc,0x02,0x3e,
  0x90,0x7d,0xbe,0x24,0xf4,0xa5,0x77,0xb2,0x47,0x78,0x01,0x07,0xa8,0x08,0xf0,0xda,0x3c,0x1f,0xb7,0xcb,
  0x06,0xf2,0x8b,0x1d,0x10,0xbd,0x76,0x78,0xa7,0x18,0x6e,0xb1,0xcb,0x2e,0x11,0x6e,0x98,0x35,0x04,0xa0,
  0x36,0xda,0xb4,0xd4,0x92,0x96,0x4c,0xa2,0xe0,0xb7,0x93,0xf8,0x70,0x10,0x78,0x33,0x8d,0x46,0x03,0x46,
  0xaf,0xe2,0x92,0x4c,0x3f,0x3d,0x31,0xa4,0x0a,0xc1,0x01,0xca,0x0a,0xe9,0x83,0xeb,0xd0,0xa4,0xfa,0x69,
  0xa3,0xd5,0xa9,0xb5,0xaa,0x35,0x2f,0x38,0xe9,0xe3,0xe7,0xcf,0xa1,0x16,0xa8,0xb5,0xe3,0x51,0x1f,0x2a,
  0xdc,0xc6,0x07,0xde,0x73,0x2e,0x51,0x0f,0x32,0x93,0x23,0x0c,0x28,0x4e,0xad,0x53,0x55,0x49,0xd1,0x89,
  0xb1,0x50,0x6f,0x15,0xda,0xf0,0x06,0xee,0x36,0xe6,0x58,0xf3,0x1b,0xe4,0xfb,0x5b,0xfa,0x0e,0x79,0xf0,
  0x21,0x83,0xe9,0xed,0x0a,0xa3,0x17,0xef,0x28,0xae,0x7e,0xea,0x6e,0x6e,0x11,0x99,0x06,0xe2,0xd8,0xf5,
  0x9f,0xc1,0xb0,0x15,0x26,0x28,0x46,0x38,0x2f,0x83,0x0a,0xa1,0x68,0xce,0x45,0xb8,0x39,0x0e,0x8a,0x88,
  0x5c,0xaa,0x8c,0xe9,0x2e,0xdb,0xa4,0x64,0x81,0x58,0x11,0x27,0x5c,0xe7,0x7f,0x01,0x0f,0x34,0x4e,0xb5,
  0x66,0xd5,0xe6,0xb7,0xb7,0xc0,0xc0,0xa6,0xa9,0x85,0x08,0x33,0x0b,0xa9,0x84,0x17,0xf8,0x08,0x24,0x2e,
  0xf0,0x82,0x30,0x1d,0x9b,0xa5,0xda,0x5a,0x02,0x17,0x67,0x3b,0x55,0x0b,0x37,0x35,0x5c,0x36,0x75,0x83,
  0x04,0x97,0x10,0xb2,0x71,0x42,0x1c,0x47,0xe2,0x30,0x4d,0x12,0xd2,0x62,0xa0,0xe2,0x6f,0xe2,0xb3,0xa2,
  0xc8,0xc8,0x43,0x4a,0x67,0xd3,0x6c,0x59,0x08,0xc4,0x11,0x78,0x49,0x48,0x56,0x79,0xd7,0x47,0x04,0xdd,
  0x66,0x9c,0xd4,0xf1,0x77,0xf5,0xd3,0x82,0xa0,0xf1,0x9e,0xca,0xea,0x66,0x05,0xe8,0x2a,0x7f,0xd7,0xe6,
  0x7d,0x49,0x82,0x1c,0x29,0x78,0x38,0x42,0xd7,0x66,0x86,0x39,0x02,0x0c,0x00,0xc0,0x85,0x96,0x5c,0xbf,
  0x6a,0xa2,0x07,0x7b,0x40,0x76,0x8d,0x64,0xef,0x90,0x36,0x02,0x80,0x35,0x34,0xa2,0x51,0xe1,0x54,0x6d,
  0xba,0x4f,0x71,0x94,0xef,0x72,0x91,0xa3,0x28,0xa5,0xaf,0x75,0xae,0x03,0x85,0xda,0xd2,0x0e,0xad,0x28,
  0xb5,0x92,0xb2,0x71,0xaa,0x29,0xce,0xca,0x18,0xca,0x0e,0x87,0xcc,0x4d,0xa5,0x53,0x5f,0xea,0xa5,0x88,
  0x86,0x5a,0xbb,0xd6,0xe4,0xd4,0xc8,0xb3,0x47,0x9f,0x5a,0xd5,0x82,0x6a,0xd1,0x59,0x05,0x4b,0xd1,0x31,
  0x5b,0xa9,0x7c,0x72,0x9c,0xaa,0xa2,0x69,0xa2,0x0c,0x1d,0xac,0x59,0x17,0x4c,0xd7,0xce,0x0a,0x27,0x75,
  0x8b,0x07,0x75,0x17,0x55,0xa9,0x55,0xea,0x9d,0x74,0xc1,0x1e,0x7a,0xe9,0xa7,0xe3,0x5c,0x4f,0xa0,0x7f,
  0x0e,0x40,0xf2,0x13,0x45,0x28,0x58,0xd3,0xd6,0xdb,0x1d,0x02,0x6f,0x91,0xb7,0xb5,0xca,0x0a,0x9f,0xa9,
  0x6d,0x06,0x93,0x69,0xd4,0x7f,0x73,0x06,0xb4,0xe8,0xca,0x4c,0xbb,0x96,0x78,0x36,0x6b,0x84,0xef,0xae,
  0xf9,0x89,0xd8,0x1d,0x6c,0x6f,0xdb,0x10,0x92,0x71,0x4d,0x99,0x8a,0x2f,0xad,0xba,0x33,0xb4,0x6d,0x7b,
  0xcb,0x5c,0xb0,0xd5,0xa7,0xad,0x30,0xd9,0x87,0x37,0xcc,0x1a,0x8d,0x58,0xcd,0xbd,0x63,0x1f,0xd2,0xac,
  0x49,0x30,0x28,0x6d,0xf9,0x8c,0xd3,0xd0,0xc5,0xf1,0x0f,0x97,0xb3,0x1b,0x5e,0x60,0x3b,0x6c,0x1f,0xe6,
  0xb9,0x0c,0x87,0x7e,0x9c,0x48,0x57,0x05,0x5a,0x98,0x2a,0x81,0xba,0x83,0xf7,0x91,0xc6,0x7d,0x6b,0x77,
  0xd7,0x2c,0xdb,0x8c,0xc6,0xbb,0x2e,0x94,0x5a,0x81,0x90,0xbe,0xec,0x35,0xaf,0xc3,0x57,0x4b,0x13,0x1e,
  0x72,0x05,0x49,0xdd,0x47,0x0e,0x83,0xa8,0x95,0x7c,0x6a,0x8b,0xbe,0x94,0xfe,0x0d,0x91,0x62,0xbe,0xe8,
  0xd5,0x69,0x10,0x8e,0xf1,0xe3,0xae,0x7c,0x81,0x78,0xce,0xce,0x51,0xae,0x28,0x07,0x60,0xb6,0x95,0x67,
  0xd3,0x80,0x19,0x81,0xa7,0x0e,0xad,0x2f,0xff,0x8c,0x35,0xe9,0x83,0x1f,0xf8,0xa1,0x07,0xb5,0x54,0x29,
  0x6f,0x74,0xb0,0x23,0xdc,0x7c,0x8d,0xc7,0x1f,0x8f,0x43,0xfb,0x28,0x91,0xa1,0x95,0x23,0x3f,0x60,0xd5,
  0xa0,0x44,0x33,0xcf,0x0f,0x40,0x5b,0xde,0xb8,0x96,0xe9,0x5f,0x5a,0xb1,0xd1,0xf1,0x21,0xf7,0x78,0x60,
  0x2b,0x0c,0x63,0xe1,0x57,0xca,0x78,0xe1,0xca,0xbd,0x5c,0x31,0x26,0xdb,0xb2,0x4e,0x67,0x94,0x96,0x16,
  0x39,0xc1,0xb9,0x93,0x0a,0x9a,0x58,0x27,0x50,0x85,0x14,0x59,0xd7,0x7c,0x8a,0x1f,0xe1,0xc0,0x0f,0xf5,
  0x00,0xd6,0x44,0x3e,0x91,0x0a,0x08,0xc3,0xdd,0x8d,0x8d,0x31,0x48,0x01,0xfc,0xe1,0xdb,0xde,0xd3,0x2c,
  0x78,0xec,0xac,0x06,0x17,0x5d,0xbb,0xd8,0xc9,0xef,0x56,0x90,0xc9,0x55,0x60,0x3e,0xb5,0x41,0x28,0x76,
  0xaa,0x0b,0x1d,0x8f,0xaa,0x38,0xac,0x2e,0x72,0xde,0x71,0x1a,0x08,0x6b,0x5c,0x51,0xb2,0x14,0x91,0xb9,
  0x44,0xf9,0x83,0xad,0xef,0xcd,0x2b,0xd8,0x29,0x8d,0x80,0x21,0xa6,0x45,0x78,0xe8,0x9b,0x10,0xd7,0xd9,
  0xbb,0x9e,0x26,0x0e,0xd7,0xa7,0xb2,0xd4,0x8e,0xa3,0x74,0x09,0x43,0xa6,0x1e,0xb4,0xcf,0x42,0x64,0xbb,
  0x8b,0x16,0x6a,0xb3,0xa1,0xbf,0x7a,0x97,0xa0,0x6d,0x56,0x6b,0x49,0xe8,0xf5,0x7f,0xf3,0xfc,0x4b,0x75,
  0xe2,0x8f,0xae,0x73,0x80,0x67,0xd2,0xeb,0xf7,0xbc,0x60,0x50,0x79,0x53,0xc8,0x12,0x49,0x04,0xd4,0x68,
  0x79,0xc9,0xaa,0x1e,0xd6,0xce,0x70,0x17,0x5b,0x59,0x92,0xa9,0x8a,0xfb,0xb8,0xfc,0x71,0x63,0x04,0x61,
  0x7f,0x1f,0xc6,0xe1,0x27,0xdc,0xd0,0x8d,0x8a,0xa5,0xaf,0x76,0x21,0x49,0x6c,0xd3,0xe2,0xb1,0xc9,0x75,
  0x08,0x3f,0xbc,0xcf,0x57,0x5f,0x16,0x47,0x38,0x81,0xdd,0xc1,0xba,0x66,0x70,0x42,0xbf,0xd5,0x1a,0xf1,
  0xe6,0x42,0x0f,0x7e,0xe4,0x8e,0x9a,0xfb,0x78,0xe5,0xc1,0x10,0x8f,0xe9,0x9e,0xe5,0xdc,0x13,0x75,0x5e,
  0x94,0x5e,0x49,0x75,0xf6,0x86,0xf8,0xaa,0x96,0x5b,0x43,0x21,0xaf,0x66,0xc8,0x07,0x33,0x9a,0x59,0xbd,
  0x3f,0xfe,0x0e,0xea,0x7d,0x61,0x47,0x7e,0x90,0xd5,0xd8,0xef,0x5b,0x59,0x85,0x6f,0xfe,0x3d,0x54,0x78,
  0x06,0x1a,0xf6,0x6d,0xbe,0x12,0x74,0xd3,0xd6,0xba,0xf9,0x6b,0xa8,0xf5,0x1a,0xef,0x9f,0xc3,0xd3,0xd9,
  0xb9,0x5a,0x5b,0x1d,0x88,0xc8,0xe4,0xcf,0xdd,0xb4,0xc5,0xff,0xfd,0xdb,0x3f,0xfc,0x4f,0x68,0xf2,0xd8,
  0x1b,0xd9,0x59,0xed,0x83,0xfe,0x5e,0x47,0x1b,0xf9,0xf7,0x50,0xe1,0x5e,0x90,0x5c,0xfe,0x69,0x9c,0xab,
  0xb3,0x03,0x9e,0x07,0x83,0xb9,0xb3,0x93,0x76,0xbd,0x9b,0x8d,0xb2,0xbb,0x9d,0xf5,0xf1,0xdf,0xfe,0x1d,
  0xa6,0x0c,0x7c,0x3c,0x6f,0x43,0xa1,0xff,0x61,0x4f,0x03,0xe0,0x7f,0xc0,0xbb,0xcf,0x2e,0xbe,0xc5,0x6f,
  0x92,0x40,0xc8,0x5f,0x66,0x32,0xbe,0x62,0xdc,0xf3,0x19,0xda,0xb5,0xdb,0x15,0xd4,0x1d,0xf4,0x60,0x32,
  0x1a,0x01,0x7e,0x51,0x7b,0x82,0x5f,0xd4,0xa6,0xbb,0xe8,0x67,0xad,0x4d,0xf5,0x29,0xbe,0x3b,0xa0,0xe5,
  0xdd,0x38,0x01,0x30,0x3b,0xcd,0x06,0x5e,0xe6,0xb9,0x7d,0xcb,0x0b,0x80,0x19,0xa9,0xa8,0xb5,0xd5,0xd8,
  0x01,0xbf,0xa4,0x7d,0x4b,0xae,0x92,0xf6,0xb5,0xb5,0xe5,0xdf,0x5a,0x93,0x1a,0xa6,0x7c,0x30,0x16,0xff,
  0xad,0x5a,0x42,0xc6,0x42,0xc9,0x1d,0xbf,0xc5,0xb9,0xd7,0x30,0x9c,0xfd,0x6d,0x34,0x15,0xc2,0xf9,0x6d,
  0xab,0x39,0xb9,0xe5,0x80,0x72,0x9a,0xf7,0x73,0x35,0xf2,0x5d,0xfe,0x16,0xc2,0x8a,0xa5,0x22,0xd7,0xbf,
  0x85,0x1a,0xef,0x14,0xb7,0xa2,0xf2,0x7d,0x26,0xbf,0xb4,0x3e,0x57,0x37,0x9a,0x9c,0xc9,0x3d,0x15,0x94,
  0x70,0x7b,0x41,0xbf,0x1b,0x72,0xb9,0xbf,0xd2,0x6a,0x4a,0xde,0x2d,0xee,0x7e,0x28,0x9a,0x3b,0xe5,0x0d,
  0x9d,0x94,0x6f,0xba,0x28,0x75,0xbf,0x4f,0xd4,0x89,0xdc,0x3b,0x8d,0x3c,0xc0,0xd5,0x92,0xee,0xf5,0x4d,
  0x68,0x27,0xbd,0xc2,0x1e,0x35,0x6d,0xb5,0x00,0x54,0x9b,0xfe,0x89,0xf9,0x82,0x12,0x84,0xc8,0x25,0x1d,
  0xb5,0x38,0x68,0xbe,0xe9,0xd2,0xf2,0x8d,0x2e,0xb3,0x59,0x1f,0x3a,0x25,0x54,0x82,0xdc,0x30,0x73,0x7d,
  0x21,0x05,0xd7,0x81,0x91,0xa7,0xb0,0x5c,0x6e,0x9b,0x6c,0x8e,0x4c,0xbd,0x13,0xdc,0x72,0xb0,0xa6,0x8f,
  0x52,0x3e,0xa2,0x9e,0x7e,0x49,0xdd,0x28,0x66,0x2d,0xb5,0xe3,0xbf,0xd0,0x4e,0xa2,0xac,0xad,0x98,0x8f,
  0x3d,0xd3,0x18,0x7a,0xa7,0x76,0xd2,0x20,0xbe,0x24,0xb6,0x51,0x91,0xbc,0x1e,0x98,0x0e,0x85,0xb7,0x7a,
  0xcf,0xb8,0xe3,0xce,0x40,0xd3,0x3b,0xf6,0xfc,0xaa,0xad,0xe0,0xf8,0xb9,0xee,0xd5,0x1b,0xc1,0x69,0x3f,
  0xf9,0x64,0x7a,0x45,0x27,0x3d,0x18,0x27,0x8f,0x46,0xe5,0x50,0xe8,0x73,0x78,0xe3,0x1e,0xde,0x36,0x5f,
  0xb6,0xf0,0x1b,0x54,0xf0,0xbf,0x99,0x39,0x16,0x58,0xb3,0xe8,0xa9,0x9f,0x08,0x31,0xa6,0x3b,0x7f,0xa2,
  0x11,0x5a,0x54,0x14,0x16,0x00,0x74,0x0d,0xef,0xf0,0x38,0x3a,0xe7,0xc0,0x78,0x55,0x4c,0xae,0xe1,0x04,
  0x96,0x89,0x2c,0xe1,0x5a,0x12,0x73,0x68,0x45,0x34,0xfe,0xa7,0x7f,0x50,0x1b,0x48,0x56,0xd5,0x75,0xfd,
  0xac,0x2e,0x44,0x48,0x40,0x0d,0xe5,0x86,0x00,0xe0,0x84,0x57,0xc2,0xdd,0x4a,0x56,0x50,0x7b,0xa3,0xb1,
  0xe1,0x10,0xb4,0x9b,0x78,0x82,0x33,0xe1,0x85,0xf5,0x02,0x7b,0x69,0x55,0xc9,0xef,0x51,0x0c,0x5c,0xe6,
  0xca,0x3c,0x45,0xa5,0xfa,0x18,0x95,0x6a,0x61,0xed,0x33,0x2f,0xde,0x3f,0x35,0x50,0x2a,0x9b,0xd4,0x35,
  0xe0,0xb1,0xc7,0x71,0x62,0x7b,0xee,0x29,0x79,0xe0,0xc1,0xbf,0x28,0x78,0x6b,0xa1,0x52,0x1f,0x0c,0x42,
  0x38,0xf2,0x5f,0x09,0xc2,0x33,0xe3,0x4f,0xc4,0x68,0xe6,0x9e,0x82,0x7f,0x9f,0x5b,0x03,0xd7,0x3f,0x52,
  0x24,0x57,0xc2,0x0d,0x97,0x42,0x00,0x57,0xf6,0x96,0x34,0x4c,0xb9,0x13,0x0e,0x55,0xb3,0xa6,0x5d,0x73,
  0x7e,0x5e,0x7e,0xa6,0x07,0x6d,0xbe,0x5e,0xa3,0x7a,0xb6,0xb4,0x25,0x78,0xbd,0xda,0x65,0x9f,0x78,0xbd,
  0x7e,0x35,0xf1,0x9b,0x49,0x76,0xb4,0x7c,0x63,0x8b,0x79,0x85,0x32,0x5d,0xea,0x7c,0x59,0x57,0xa6,0x55,
  0x7e,0x16,0x3d,0x78,0x05,0x5b,0x6b,0xb8,0xb9,0x83,0x7b,0x44,0xc3,0xcb,0xf7,0x18,0xbf,0xe9,0x84,0x03,
  0x5a,0xcd,0x2e,0xbe,0x9f,0xe2,0x4d,0xad,0x19,0x41,0xcc,0xee,0x1a,0x52,0x97,0x39,0xfb,0xd7,0x62,0xea,
  0x9f,0x00,0xcd,0xb3,0xab,0x00,0x58,0xcb,0xb6,0xd9,0xc7,0xd0,0x3e,0x7c,0xed,0x3a,0xf4,0xad,0x0d,0x5e,
  0xfc,0x63,0x7e,0x24,0x3a,0x9f,0x42,0xa8,0xe9,0x46,0x78,0x1f,0x82,0xad,0x81,0xe4,0xb8,0xc0,0x9b,0xcb,
  0x8b,0xed,0xb4,0x14,0x5d,0x3d,0x93,0xbb,0xdd,0x29,0xd1,0x55,0x5c,0xb7,0xe3,0xe7,0x5c,0x62,0x80,0x82,
  0x1d,0x59,0x63,0x5d,0xb4,0x43,0xa3,0x51,0xc8,0x73,0x9d,0x4e,0x59,0x6a,0xd3,0xaf,0x46,0x5e,0xaf,0x63,
  0xf4,0x37,0xf1,0x64,0xb4,0x32,0x50,0x59,0x7b,0x69,0xa4,0xaa,0x3c,0x54,0x5a,0x41,0xbc,0x73,0xe3,0xcf,
  0xd3,0x4a,0x15,0x99,0xf6,0x2b,0x54,0x52,0x3f,0x64,0x1f,0x6a,0xb1,0x59,0x6f,0xa7,0xb6,0xbc,0x72,0x80,
  0xf6,0x4c,0xfb,0x56,0x26,0xed,0x77,0x9d,0x05,0x9e,0xeb,0xa1,0x8d,0x0e,0x92,0xf4,0xe3,0x9a,0x09,0x7e,
  0xc3,0x2c,0xb9,0xfc,0xc1,0xc5,0xf3,0xda,0xa1,0x80,0x1f,0x13,0x63,0xec,0x06,0xd1,0x18,0x77,0xa8,0x2e,
  0x78,0xfe,0x8e,0x5b,0x7e,0xce,0x25,0x77,0x06,0x2a,0x85,0x13,0x93,0x10,0x65,0xc7,0x9e,0xa0,0x93,0x5a,
  0xda,0x99,0x3c,0x21,0xc5,0x3b,0x0c,0x4a,0x2f,0x9b,0x92,0x71,0x59,0x69,0xb3,0x3b,0x66,0x0b,0xd8,0xb6,
  0x69,0x56,0xd3,0x4b,0x4e,0xb8,0xa3,0x62,0xbd,0xf2,0x8b,0xb5,0xb4,0x9e,0xab,0xbc,0xf2,0xdd,0xfb,0x71,
  0xc0,0xab,0xd1,0xe9,0x18,0xc7,0x50,0xdd,0x6d,0xd7,0x37,0xcd,0x1a,0x5f,0x53,0xa7,0xae,0x92,0xeb,0x37,
  0xb9,0x80,0xae,0xbf,0x93,0x9b,0x9a,0xf8,0x4c,0x01,0x86,0xd7,0xf7,0xe5,0xdd,0x71,0x9f,0x81,0x63,0x84,
  0x27,0x39,0x71,0x22,0xcb,0xd5,0xd7,0xcd,0x44,0xfb,0xde,0xa5,0x59,0xc5,0xe5,0xc4,0xa6,0x99,0x82,0x06,
  0x40,0xe7,0x5e,0xa7,0xa8,0x59,0x1a,0x42,0x0b,0x5b,0xc1,0xc1,0x39,0xa1,0x57,0x74,0x61,0x1e,0x5e,0x15,
  0xa3,0xe6,0x46,0x37,0xdf,0xe1,0xb6,0x44,0xed,0xc3,0x71,0xc5,0x23,0x17,0xb8,0x41,0x4a,0x7d,0xeb,0xad,
  0xb8,0x8d,0x3d,0x77,0x4d,0xdf,0x1d,0x53,0x7d,0xf1,0x34,0xfd,0xe6,0x26,0xa8,0x28,0xfd,0x8b,0xa0,0x40,
  0xe5,0xe5,0x6f,0xc5,0x99,0x25,0x00,0xc8,0x53,0xd0,0x5a,0x2e,0x14,0x40,0x12,0x3c,0x07,0x1d,0x7e,0xd3,
  0x5c,0x0d,0x3d,0x9d,0xf9,0xbc,0x91,0xbe,0x56,0xa7,0xb4,0xd7,0x2f,0xf0,0xa7,0x98,0x32,0xf1,0x3e,0x5e,
  0xbc,0x9b,0x11,0xe2,0xff,0x5f,0xac,0x3c,0xf2,0xfd,0xe3,0x3a,0xcb,0x53,0xf0,0x0a,0x41,0x5c,0xe6,0x9d,
  0x55,0x3c,0x70,0xa5,0xf0,0xe9,0xad,0x96,0x59,0x78,0x49,0x0a,0xd1,0xc1,0x58,0xaa,0x05,0xf1,0x7e,0x8a,
  0xfd,0x94,0xf2,0x55,0x8d,0x3a,0xbd,0x21,0xff,0xcd,0x27,0x4e,0x40,0x76,0x2a,0x9c,0x2e,0x91,0xe7,0x13,
  0xa1,0xad,0x3a,0x87,0x7f,0xeb,0xd6,0xcd,0x37,0xe6,0x03,0x34,0x60,0x66,0x0d,0x82,0xb0,0x9a,0x3a,0x87,
  0xaf,0xdd,0x8c,0x46,0xc7,0xe9,0xab,0xe9,0x1d,0x43,0x25,0xa7,0xe9,0xe9,0xc6,0x24,0x50,0x91,0x53,0xfb,
  0x98,0xb2,0x45,0x15,0x4c,0xda,0x66,0x40,0x15,0x24,0x58,0xbb,0x4b,0x82,0x5c,0xa3,0xde,0x2f,0xae,0x3a,
  0xd5,0xaf,0x71,0xd2,0x3a,0xca,0x31,0xf5,0x71,0xba,0xd5,0xde,0x75,0x1a,0xa4,0x77,0x11,0x70,0x93,0x1b,
  0xda,0x29,0x5f,0xc0,0x12,0x6f,0xf0,0x9d,0x06,0x64,0xdd,0xb9,0x5e,0xda,0xe2,0xb0,0xba,0xfa,0x34,0x3c,
  0x5d,0x22,0x9a,0xe6,0x01,0x53,0x82,0x55,0xaf,0xc0,0x42,0x8e,0x64,0x43,0x25,0x6c,0xf2,0xe8,0xfb,0x49,
  0x16,0x72,0xf1,0x09,0x93,0x3e,0x94,0xfd,0x14,0x17,0xba,0xb6,0xea,0xae,0xd6,0x45,0x95,0xae,0x10,0xcd,
  0xf5,0xbf,0x36,0x80,0xc3,0xbc,0x8d,0x59,0xa3,0x9f,0xe9,0xfd,0xae,0xf2,0x7a,0x57,0x7e,0xb5,0x7a,0xa4,
  0x54,0xbb,0x15,0x34,0x1b,0xee,0x7c,0xcd,0x3e,0x56,0x59,0x72,0xa9,0x0c,0x19,0x52,0x7b,0xc9,0x7d,0x4a,
  0xdb,0x95,0xbc,0xc3,0xa2,0x5e,0xd9,0x1d,0xa2,0x78,0x89,0x26,0x05,0xd2,0xd3,0x06,0xde,0x52,0x4b,0x47,
  0x33,0xe5,0xad,0xa1,0xf2,0x37,0xbc,0xa4,0xcb,0x59,0xec,0x39,0xd8,0x83,0x82,0x95,0xe1,0x13,0x5a,0xba,
  0xd9,0xc1,0xda,0xa8,0x24,0xec,0x89,0x80,0x9f,0x75,0xfc,0x5b,0x00,0x25,0x77,0xc1,0x29,0xdd,0xe1,0x29,
  0x99,0x2e,0x98,0x04,0x61,0xa8,0xd3,0x9a,0x78,0xe4,0x37,0x2f,0xef,0x57,0xd2,0x2b,0x63,0x11,0xc4,0x6a,
  0x2d,0xbb,0x41,0x16,0xc1,0xac,0xd6,0x5b,0x59,0x09,0x8c,0x59,0xbd,0xdd,0xaa,0xb5,0xe4,0xf6,0x7c,0x05,
  0x86,0xea,0x7b,0x1d,0x28,0xaa,0x8e,0x3a,0x38,0x81,0xb7,0xcc,0xf6,0xf3,0x57,0xcd,0xa6,0xdc,0xbc,0xac,
  0xc1,0x6a,0x30,0x93,0x82,0xad,0xa6,0x0c,0x16,0x76,0x00,0x78,0xcb,0xe4,0xe0,0x4c,0x16,0x56,0x33,0x15,
  0x4d,0x8f,0xec,0xa8,0x69,0x7a,0x03,0x75,0xa0,0x96,0x33,0x5f,0x75,0x00,0x50,0xe5,0xd2,0x73,0x07,0x88,
  0xd4,0x41,0x01,0xda,0xb3,0x1a,0x29,0x0f,0x1e,0xbf,0xd6,0x68,0xb4,0x3a,0xea,0x66,0x1c,0xe3,0xc3,0x1f,
  0x04,0xf8,0xdb,0x13,0xf4,0xa4,0xf9,0x1b,0xb4,0xb9,0x9d,0xc1,0x85,0xcb,0x4b,0x95,0x6e,0xcd,0x5d,0x55,
  0x41,0x65,0x9c,0xac,0xce,0x95,0x4b,0x4f,0xb8,0xd6,0x59,0x7a,0xa3,0xf9,0xc4,0x35,0xbe,0x0b,0x72,0xe9,
  0xb5,0xcc,0xb6,0xd6,0x64,0xe0,0xd8,0x93,0xbb,0x73,0x96,0x15,0x18,0x0c,0xe1,0x9e,0x82,0xad,0xca,0xd6,
  0x44,0xb4,0x1d,0x4f,0x3f,0xe9,0x9a,0x8e,0xb3,0xcc,0x95,0xcf,0x3b,0xf1,0x0b,0xda,0x0f,0x89,0x41,0x45,
  0x2f,0x97,0x18,0xee,0xdd,0xb8,0xb1,0xea,0x38,0xb0,0x59,0xfc,0xb8,0xf6,0x95,0x0b,0x28,0x64,0x4b,0x05,
  0x7d,0x80,0x7c,0x9d,0xaf,0x96,0x76,0x58,0xe7,0xef,0x7f,0xd7,0x5d,0x47,0xae,0x49,0xba,0x0e,0xb0,0x59,
  0x6e,0xbf,0xee,0x47,0x6c,0xf4,0xfd,0x98,0x4d,0xbd,0xeb,0x2c,0x7e,0x19,0x78,0x35,0xdc,0xa3,0xb5,0xd0,
  0x57,0x58,0xcf,0xf8,0xc2,0xea,0xae,0x89,0x5b,0x0b,0xeb,0xe0,0x2c,0x03,0x46,0x6c,0x5f,0xc3,0x56,0x7d,
  0xd6,0x82,0x66,0xd4,0x03,0xed,0xcb,0xad,0xd1,0xdd,0x21,0xfa,0x8d,0xb5,0x57,0xe2,0x48,0xdd,0x3e,0x72,
  0x7e,0x6e,0x6e,0x6c,0x60,0xce,0x0f,0x0f,0x74,0x7f,0x5c,0x0f,0x7c,0xa6,0x1c,0x7b,0x78,0x73,0x08,0x3d,
  0x80,0xec,0x4e,0xa7,0x78,0x67,0xd1,0x9b,0x43,0xbe,0xd5,0xef,0xba,0xbd,0xe5,0x6f,0x04,0xc4,0xfe,0x30,
  0x15,0x02,0x7e,0x8f,0x54,0x82,0x1f,0xbd,0x78,0xc5,0x17,0xaa,0x5c,0x67,0xe9,0xaa,0x76,0xd5,0xca,0xd9,
  0xfa,0xb5,0x2d,0x60,0x1a,0x9b,0xb6,0x7c,0xd6,0x4f,0x6d,0x2f,0x18,0xd9,0x3f,0x79,0x75,0xab,0x97,0x0f,
  0x31,0xe5,0x07,0xe7,0x69,0x0f,0xee,0x34,0x70,0x6c,0xf0,0xcf,0xbd,0x86,0xf1,0x7a,0xcc,0xa7,0x36,0xe9,
  0xdb,0xf6,0x32,0x93,0x00,0xff,0x1a,0x17,0xff,0x48,0x77,0x20,0x5e,0xbe,0x8f,0x3f,0x7c,0x43,0xe7,0x1f,
  0xd1,0x7f,0xd8,0xdf,0x94,0xdf,0x0a,0xde,0xdf,0xc4,0xe0,0x0b,0xfe,0x8c,0xe2,0x89,0x77,0x70,0xe3,0xff,
  0x01,0xda,0x0b,0x54,0xb6,0xf2,0xd2,0x00,0x00,
};

// ==================== config.h ====================
// Provisional ESP32-WROOM / generic 4 MB esp32dev. Confirm exact board before
// upload.
namespace cfg {
constexpr const char *CloudUrl = HOME_CLOUD_URL;
constexpr uint32_t CloudIntervalMs = HOME_CLOUD_INTERVAL_MS;
static_assert(CloudIntervalMs >= 1000 && CloudIntervalMs <= 10000, "Interval synchronizace musi byt 1 az 10 s");
// Original kitchen hardware: outdoor DHT22 remains on GPIO32.
constexpr int IndoorDht = 27, OutdoorDht = 32, Sda = 21, Scl = 22;
// Relay 1: light below oven. Relay 2: free spare output.
// PowerStatus is unused (TpsStatusInstalled=false).
constexpr int Relay = 26, Relay2 = 33, Button = 25, PowerStatus = 17;
constexpr uint8_t InaAddress = 0x40;
// Original v1.8.10 confirms both relay modules ACTIVE LOW. -1 disables outputs.
constexpr int RelayActiveLevel = 0;
constexpr bool RelayRestoreOnBoot = false;
constexpr uint32_t RelayMinimumSwitchMs = 500;
constexpr bool RelaySafetyConfirmed =
    false; // Required only to enable restoring ON.
constexpr bool ButtonInstalled = false;
constexpr bool TpsStatusInstalled = false;
// Explicit first-install opt-in for Arduino IDE users; NVS marker prevents
// repeat formatting.
constexpr bool InitializeHistoryOnFirstBoot = false;
// LOW also indicates shutdown. Enable only after validating VIN2 + hardware
// priority mode.
constexpr bool TpsLowIsVerifiedBackup = false;
constexpr uint32_t SensorIntervalMs = 5000, StaleMs = 15000;
constexpr uint32_t HistoryIntervalMs = 300000, CheckpointMs = 1800000;
constexpr unsigned HistoryCapacity = 288, EventCapacity = 48;
constexpr float SolarCurrentSign =
    1.0f; // +1 or -1, verify IN+/IN- and production direction.
constexpr bool SolarDirectionConfirmed = false;
constexpr const char *SolarLocation =
    "NEOVĚŘENO: místo INA219 na solární větvi";
constexpr const char *Hostname = "homeassistant-esp32";
constexpr const char *Timezone = "CET-1CEST,M3.5.0,M10.5.0/3";
constexpr const char *Ntp1 =
    "pool.ntp.org"; // May be changed to a local NTP server.
constexpr const char *Ntp2 = "time.cloudflare.com";
constexpr const char *FirmwareVersion = "3.0.0-railway";
constexpr bool uniquePins() {
  const int pins[] = {IndoorDht, OutdoorDht, Sda,    Scl,
                      Relay,     Relay2,     Button, PowerStatus};
  for (unsigned i = 0; i < 8; ++i)
    for (unsigned j = i + 1; j < 8; ++j)
      if (pins[i] == pins[j])
        return false;
  return true;
}
static_assert(!RelayRestoreOnBoot || RelaySafetyConfirmed,
              "Confirm relay safety before restoring a saved ON state");
static_assert(uniquePins(), "GPIO functions must not overlap");
static_assert(SensorIntervalMs >= 2000, "DHT22 interval must be >= 2 seconds");
constexpr bool criticalPin(int pin) {
  return pin == 0 || pin == 2 || pin == 5 || pin == 12 || pin == 15;
}
static_assert(!criticalPin(Relay) && Relay >= 0 && Relay <= 32 &&
                  !criticalPin(Relay2) && Relay2 >= 0 && Relay2 <= 33,
              "Unsafe relay pin");
static_assert(RelayActiveLevel >= -1 && RelayActiveLevel <= 1,
              "Invalid relay polarity");
static_assert(SolarCurrentSign == 1 || SolarCurrentSign == -1,
              "Invalid current sign");
} // namespace cfg

// ==================== src/core/logic.h ====================
namespace logic {
inline float missing() { return std::numeric_limits<float>::quiet_NaN(); }
inline bool climateValid(float t, float h) {
  return std::isfinite(t) && std::isfinite(h) && t >= -40 && t <= 80 &&
         h >= 0 && h <= 100;
}
inline bool solarValid(float bus, float shunt, float current, bool io,
                       bool overflow) {
  return io && !overflow && std::isfinite(bus) && bus >= 0 && bus <= 26 &&
         std::isfinite(shunt) && std::abs(shunt) <= 320 &&
         std::isfinite(current) && std::abs(current) <= 3200;
}
inline float solarPower(float busV, float shuntMv, float currentMa) {
  return (busV + shuntMv / 1000.0f) * currentMa / 1000.0f;
}
enum class Source { Unknown, Mains, Battery };
inline Source source(bool installed, bool high, bool verifiedBackup) {
  return !installed       ? Source::Unknown
         : high           ? Source::Mains
         : verifiedBackup ? Source::Battery
                          : Source::Unknown;
}
inline const char *sourceName(Source s) {
  return s == Source::Mains     ? "MAINS"
         : s == Source::Battery ? "BATTERY"
                                : "UNKNOWN";
}
struct Climate {
  float temperature = missing(), humidity = missing(), minimum = missing(),
        maximum = missing(), minHumidity = missing(), maxHumidity = missing();
  bool valid = false;
  uint64_t lastSuccessMs = 0;
  unsigned errors = 0;
  void read(float t, float h, uint64_t now) {
    valid = climateValid(t, h);
    if (!valid) {
      temperature = humidity = missing();
      ++errors;
      return;
    }
    temperature = t;
    humidity = h;
    lastSuccessMs = now;
    if (!std::isfinite(minimum) || t < minimum)
      minimum = t;
    if (!std::isfinite(maximum) || t > maximum)
      maximum = t;
    if (!std::isfinite(minHumidity) || h < minHumidity)
      minHumidity = h;
    if (!std::isfinite(maxHumidity) || h > maxHumidity)
      maxHumidity = h;
  }
};
struct Energy {
  double wh = 0;
  double totalWh = 0;
  int day = 0;
  bool partial = true;
  uint64_t previousMs = 0;
  float previousPower = 0;
  bool previousValid = false;
  void sample(uint64_t now, float watts, bool valid, int localDay,
              bool directionVerified) {
    // Wall-clock jumps/day changes break the integration segment. Never bridge
    // reboots/errors.
    if (day > 0 && localDay > 0 && localDay < day) {
      previousValid = false;
      return;
    }
    if (localDay > 0 && localDay != day) {
      wh = 0;
      day = localDay;
      partial = true;
      previousValid = false;
    }
    if (!localDay || !directionVerified) {
      previousValid = false;
      return;
    }
    if (valid && previousValid && now >= previousMs &&
        now - previousMs <= 15000) {
      double increment = (static_cast<double>(previousPower) + watts) * 0.5 *
                         (now - previousMs) / 3600000.0;
      wh += increment;
      totalWh += increment;
    }
    previousMs = now;
    previousPower = watts;
    previousValid = valid;
  }
};
struct RelayState {
  bool on = false;
  uint32_t version = 0;
  bool apply(bool next, uint32_t expected) {
    if (expected != version)
      return false;
    if (next != on) {
      on = next;
      ++version;
    }
    return true;
  }
};
inline bool canSwitchRelay(uint64_t last, uint64_t now, uint32_t interval) {
  return last == 0 || now - last >= interval;
}
inline bool constantEqual(const char *a, const char *b) {
  unsigned diff = 0;
  unsigned i = 0;
  for (; a[i] && b[i]; ++i)
    diff |= static_cast<unsigned char>(a[i] ^ b[i]);
  return diff == 0 && a[i] == b[i];
}
} // namespace logic

// ==================== model.h ====================
struct Solar {
  float bus = logic::missing(), shunt = logic::missing(),
        currentMa = logic::missing(), power = logic::missing(),
        rawCurrentMa = logic::missing(), minimum = logic::missing(),
        maximum = logic::missing();
  bool valid = false;
  uint64_t lastSuccessMs = 0;
  unsigned errors = 0;
};
struct State {
  logic::Climate indoor, outdoor;
  Solar solar;
  logic::Energy energy;
  logic::RelayState relay, relay2;
  logic::Source power = logic::Source::Unknown;
  uint64_t relayAppliedMs = 0;
  bool ota = false, storageReady = false;
  uint64_t cloudLastSuccessMs = 0;
  int cloudLastStatus = 0;
  char bootId[17] = {};
};
extern State state;
extern SemaphoreHandle_t stateMutex;
inline uint64_t monotonicMs() { return esp_timer_get_time() / 1000; }
inline State snapshot() {
  xSemaphoreTake(stateMutex, portMAX_DELAY);
  State copy = state;
  xSemaphoreGive(stateMutex);
  return copy;
}
String isoTime();
int localDay();
template <typename Target> inline void nullable(Target target, double value) {
  if (std::isfinite(value))
    target.set(value);
  else
    target.set(nullptr);
}
void addEvent(const char *kind, const char *detail);

// ==================== src/core/json.h ====================
namespace logic {
template <typename Target> inline void jsonNumber(Target target, double value) {
  if (std::isfinite(value))
    target.set(value);
  else
    target.set(nullptr);
}
inline void climateJson(JsonObject o, const Climate &c, uint64_t now,
                        uint64_t staleMs) {
  bool valid =
      c.valid && now >= c.lastSuccessMs && now - c.lastSuccessMs <= staleMs;
  o["available"] = valid;
  o["stale"] = !valid;
  if (c.lastSuccessMs)
    o["ageMs"] = now >= c.lastSuccessMs ? now - c.lastSuccessMs : 0;
  else
    o["ageMs"] = nullptr;
  jsonNumber(o["temperatureC"], valid ? c.temperature : missing());
  jsonNumber(o["humidityPct"], valid ? c.humidity : missing());
  jsonNumber(o["minTemperatureC"], c.minimum);
  jsonNumber(o["maxTemperatureC"], c.maximum);
  jsonNumber(o["minHumidityPct"], c.minHumidity);
  jsonNumber(o["maxHumidityPct"], c.maxHumidity);
  o["errors"] = c.errors;
  o["extremaScope"] = "since_boot";
}
inline bool validCommand(const JsonDocument &input) {
  if (!input.is<JsonObjectConst>() || !input["state"].is<bool>())
    return false;
  for (JsonPairConst field : input.as<JsonObjectConst>())
    if (strcmp(field.key().c_str(), "state") &&
        strcmp(field.key().c_str(), "requestId") &&
        strcmp(field.key().c_str(), "expectedVersion") &&
        strcmp(field.key().c_str(), "bootId"))
      return false;
  if (!input["expectedVersion"].isUnbound() &&
      !input["expectedVersion"].is<uint32_t>())
    return false;
  if (!input["bootId"].isUnbound() && !input["bootId"].is<const char *>())
    return false;
  if (!input["requestId"].isUnbound()) {
    if (!input["requestId"].is<const char *>())
      return false;
    const char *id = input["requestId"];
    if (!strlen(id) || strlen(id) > 40)
      return false;
    for (unsigned i = 0; id[i]; ++i)
      if (!std::isalnum(static_cast<unsigned char>(id[i])) && id[i] != '-' &&
          id[i] != '_')
        return false;
  }
  return true;
}
} // namespace logic

// ==================== modules.h ====================
void storageBegin();
void storageTask(void *);
void sensorsBegin();
void sensorTask(void *);
void relayBegin();
void relayTask(void *);
void relayPost(uint8_t channel = 1);
void forceRelayOffForOta();
void networkBegin();
void networkTick();
void apiBegin();
void apiTick();
void writeState(JsonDocument &doc, const State &s);
void writeClimate(JsonObject object, const logic::Climate &climate,
                  uint64_t now);
void writeSolar(JsonObject object, const State &s, uint64_t now);
void writeRelay(JsonObject object, const State &s, uint8_t channel = 1);
void writePower(JsonObject object, const State &s);
void writeSystem(JsonObject object, const State &s);
void writeHistory(JsonDocument &doc, unsigned limit);
bool apiAuthorize();
void apiError(int status, const char *code, const char *message);
void apiSend(JsonDocument &doc, int status = 200);
extern WebServer server;

void cloudTask(void *);
void firmwareSetup();
void firmwareLoop();

int executeRelay(uint8_t channel, JsonDocument &input, JsonDocument &doc,
                 uint64_t expires);

// ==================== history.cpp ====================
struct Record {
  uint64_t epoch, uptime;
  char boot[17];
  float ti, to, hi, ho, watts, wh;
};
struct Event {
  uint64_t epoch, uptime;
  char boot[17], kind[16], detail[96];
};
struct Archive {
  uint32_t magic = 0x48413232, version = 2, generation = 0, count = 0, head = 0,
           eventCount = 0, eventHead = 0;
  int day = 0;
  double wh = 0;
  double totalWh = 0;
  Record records[cfg::HistoryCapacity]{};
  Event events[cfg::EventCapacity]{};
};
static Archive archive;
static SemaphoreHandle_t historyMutex;
static bool fsReady = false;
static uint32_t crc(const void *data, size_t size) {
  uint32_t value = ~0u;
  auto bytes = static_cast<const uint8_t *>(data);
  for (size_t i = 0; i < size; ++i) {
    value ^= bytes[i];
    for (unsigned b = 0; b < 8; ++b)
      value = (value >> 1) ^ (0xEDB88320u & -(value & 1));
  }
  return ~value;
}
void addEvent(const char *kind, const char *detail) {
  if (!historyMutex)
    return;
  auto s = snapshot();
  Event e{};
  time_t now = time(nullptr);
  e.epoch = now >= 1700000000 ? now : 0;
  e.uptime = monotonicMs() / 1000;
  strlcpy(e.boot, s.bootId, sizeof(e.boot));
  strlcpy(e.kind, kind, sizeof(e.kind));
  strlcpy(e.detail, detail, sizeof(e.detail));
  xSemaphoreTake(historyMutex, portMAX_DELAY);
  archive.events[archive.eventHead++ % cfg::EventCapacity] = e;
  archive.eventHead %= cfg::EventCapacity;
  archive.eventCount =
      std::min<uint32_t>(archive.eventCount + 1, cfg::EventCapacity);
  xSemaphoreGive(historyMutex);
}
void storageBegin() {
  historyMutex = xSemaphoreCreateMutex();
  configASSERT(historyMutex);
  fsReady = LittleFS.begin(false);
  if (cfg::InitializeHistoryOnFirstBoot) {
    Preferences provision;
    if (provision.begin("home-config", false)) {
      if (!provision.getBool("fs-initialized", false)) {
        if (!fsReady && LittleFS.format())
          fsReady = LittleFS.begin(false);
        if (fsReady)
          provision.putBool("fs-initialized", true);
      }
      provision.end();
    }
  }
  state.storageReady = fsReady;
  if (fsReady) {
    auto loaded = static_cast<Archive *>(malloc(sizeof(Archive)));
    if (loaded) {
      for (const char *path : {"/history0.bin", "/history1.bin"}) {
        File file = LittleFS.open(path, "r");
        uint32_t sum = 0;
        if (file && file.size() == sizeof(Archive) + sizeof(sum) &&
            file.readBytes(reinterpret_cast<char *>(loaded), sizeof(Archive)) ==
                sizeof(Archive) &&
            file.readBytes(reinterpret_cast<char *>(&sum), sizeof(sum)) ==
                sizeof(sum) &&
            loaded->magic == archive.magic && loaded->version == 2 &&
            loaded->count <= cfg::HistoryCapacity &&
            loaded->head < cfg::HistoryCapacity &&
            loaded->eventCount <= cfg::EventCapacity &&
            loaded->eventHead < cfg::EventCapacity &&
            std::isfinite(loaded->wh) && std::isfinite(loaded->totalWh) &&
            sum == crc(loaded, sizeof(Archive)) &&
            loaded->generation >= archive.generation)
          archive = *loaded;
        file.close();
      }
      free(loaded);
    }
  }
  state.energy.day = archive.day;
  state.energy.wh = archive.wh;
  state.energy.totalWh = archive.totalWh;
  state.energy.partial = true;
  addEvent("restart", "Restart ESP32; denní energie může být neúplná");
}
static void checkpoint(const State &s) {
  if (!fsReady)
    return;
  auto copy = static_cast<Archive *>(malloc(sizeof(Archive)));
  if (!copy) {
    addEvent("storage", "Nedostatek paměti pro checkpoint");
    return;
  }
  xSemaphoreTake(historyMutex, portMAX_DELAY);
  archive.day = s.energy.day;
  archive.wh = s.energy.wh;
  archive.totalWh = s.energy.totalWh;
  ++archive.generation;
  *copy = archive;
  xSemaphoreGive(historyMutex);
  uint32_t sum = crc(copy, sizeof(Archive));
  const char *target = copy->generation % 2 ? "/history1.bin" : "/history0.bin";
  File file = LittleFS.open("/history.tmp", "w");
  bool ok =
      file &&
      file.write(reinterpret_cast<uint8_t *>(copy), sizeof(Archive)) ==
          sizeof(Archive) &&
      file.write(reinterpret_cast<uint8_t *>(&sum), sizeof(sum)) == sizeof(sum);
  file.flush();
  file.close();
  free(copy);
  if (ok) {
    LittleFS.remove(target);
    ok = LittleFS.rename("/history.tmp", target);
  }
  if (!ok) {
    xSemaphoreTake(stateMutex, portMAX_DELAY);
    state.storageReady = false;
    xSemaphoreGive(stateMutex);
    addEvent("storage", "Uložení historie selhalo");
  }
}
void storageTask(void *) {
  esp_task_wdt_add(nullptr);
  uint64_t recorded = 0, saved = monotonicMs(), relayChanged = 0;
  bool lastRelay = snapshot().relay.on, persisted = lastRelay;
  bool lastRelay2 = snapshot().relay2.on, persisted2 = lastRelay2;
  uint64_t relay2Changed = 0;
  for (;;) {
    esp_task_wdt_reset();
    uint64_t now = monotonicMs();
    auto s = snapshot();
    if (now - recorded >= cfg::HistoryIntervalMs) {
      recorded = now;
      time_t epoch = time(nullptr);
      Record r{};
      r.epoch = epoch >= 1700000000 ? epoch : 0;
      r.uptime = now / 1000;
      strlcpy(r.boot, s.bootId, sizeof(r.boot));
      r.ti = s.indoor.valid && now - s.indoor.lastSuccessMs <= cfg::StaleMs
                 ? s.indoor.temperature
                 : logic::missing();
      r.to = s.outdoor.valid && now - s.outdoor.lastSuccessMs <= cfg::StaleMs
                 ? s.outdoor.temperature
                 : logic::missing();
      r.hi = s.indoor.valid && now - s.indoor.lastSuccessMs <= cfg::StaleMs
                 ? s.indoor.humidity
                 : logic::missing();
      r.ho = s.outdoor.valid && now - s.outdoor.lastSuccessMs <= cfg::StaleMs
                 ? s.outdoor.humidity
                 : logic::missing();
      r.watts = s.solar.valid && now - s.solar.lastSuccessMs <= cfg::StaleMs
                    ? s.solar.power
                    : logic::missing();
      r.wh = cfg::SolarDirectionConfirmed && s.energy.day == localDay() &&
                     s.energy.day
                 ? s.energy.wh
                 : logic::missing();
      xSemaphoreTake(historyMutex, portMAX_DELAY);
      archive.records[archive.head++ % cfg::HistoryCapacity] = r;
      archive.head %= cfg::HistoryCapacity;
      archive.count =
          std::min<uint32_t>(archive.count + 1, cfg::HistoryCapacity);
      xSemaphoreGive(historyMutex);
    }
    if (s.relay.on != lastRelay) {
      lastRelay = s.relay.on;
      relayChanged = now;
    }
    if (cfg::RelayRestoreOnBoot && lastRelay != persisted &&
        now - relayChanged >= 30000) {
      Preferences prefs;
      if (prefs.begin("home", false)) {
        if (prefs.putBool("relay", lastRelay))
          persisted = lastRelay;
        prefs.end();
      }
    }
    if (s.relay2.on != lastRelay2) {
      lastRelay2 = s.relay2.on;
      relay2Changed = now;
    }
    if (cfg::RelayRestoreOnBoot && lastRelay2 != persisted2 &&
        now - relay2Changed >= 30000) {
      Preferences prefs;
      if (prefs.begin("home", false)) {
        if (prefs.putBool("relay2", lastRelay2))
          persisted2 = lastRelay2;
        prefs.end();
      }
    }
    if (now - saved >= cfg::CheckpointMs) {
      saved = now;
      checkpoint(s);
    }
    vTaskDelay(pdMS_TO_TICKS(1000));
  }
}
void writeHistory(JsonDocument &doc, unsigned limit) {
  doc["capacity"] = cfg::HistoryCapacity;
  doc["intervalSeconds"] = cfg::HistoryIntervalMs / 1000;
  doc["retentionHours"] = 24;
  doc["checkpointSeconds"] = cfg::CheckpointMs / 1000;
  xSemaphoreTake(historyMutex, portMAX_DELAY);
  auto records = doc["records"].to<JsonArray>();
  unsigned count = std::min<uint32_t>(limit, archive.count);
  for (unsigned i = archive.count - count; i < archive.count; ++i) {
    const auto &r =
        archive
            .records[(archive.head + cfg::HistoryCapacity - archive.count + i) %
                     cfg::HistoryCapacity];
    auto o = records.add<JsonObject>();
    if (r.epoch)
      o["epochSeconds"] = r.epoch;
    else
      o["epochSeconds"] = nullptr;
    o["uptimeSeconds"] = r.uptime;
    o["bootId"] = r.boot;
    nullable(o["indoorTemperature"], r.ti);
    nullable(o["outdoorTemperature"], r.to);
    nullable(o["indoorHumidity"], r.hi);
    nullable(o["outdoorHumidity"], r.ho);
    nullable(o["solarPower"], r.watts);
    nullable(o["solarEnergy"], r.wh);
  }
  auto events = doc["events"].to<JsonArray>();
  for (unsigned i = 0; i < archive.eventCount; ++i) {
    const auto &e = archive.events[(archive.eventHead + cfg::EventCapacity -
                                    archive.eventCount + i) %
                                   cfg::EventCapacity];
    auto o = events.add<JsonObject>();
    if (e.epoch)
      o["epochSeconds"] = e.epoch;
    else
      o["epochSeconds"] = nullptr;
    o["uptimeSeconds"] = e.uptime;
    o["bootId"] = e.boot;
    o["kind"] = e.kind;
    o["detail"] = e.detail;
  }
  xSemaphoreGive(historyMutex);
}

// ==================== sensors.cpp ====================
static DHT indoor(cfg::IndoorDht, DHT22), outdoor(cfg::OutdoorDht, DHT22);
static Adafruit_INA219 ina(cfg::InaAddress);
void sensorsBegin() {
  indoor.begin();
  outdoor.begin();
  Wire.begin(cfg::Sda, cfg::Scl, 100000);
  Wire.setTimeOut(50);
}
// Check the raw bus overflow bit in addition to every library transaction
// result.
static bool busRegister(uint16_t &raw) {
  Wire.beginTransmission(cfg::InaAddress);
  Wire.write(0x02);
  if (Wire.endTransmission(false) != 0)
    return false;
  if (Wire.requestFrom(cfg::InaAddress, static_cast<uint8_t>(2)) != 2)
    return false;
  raw = (Wire.read() << 8) | Wire.read();
  return true;
}
void sensorTask(void *) {
  esp_task_wdt_add(nullptr);
  sensorsBegin();
  bool initialized = false;
  TickType_t wake = xTaskGetTickCount();
  for (;;) {
    esp_task_wdt_reset();
    auto old = snapshot();
    auto in = old.indoor, out = old.outdoor;
    auto sol = old.solar;
    auto energy = old.energy;
    uint64_t now = monotonicMs();
    in.read(indoor.readTemperature(), indoor.readHumidity(), now);
    out.read(outdoor.readTemperature(), outdoor.readHumidity(), now);
    if (!initialized) {
      initialized = ina.begin(&Wire);
      if (initialized)
        ina.setCalibration_32V_2A();
    }
    uint16_t raw = 0;
    bool io = initialized && busRegister(raw);
    float v = io ? ina.getBusVoltage_V() : logic::missing();
    io = io && ina.success();
    float shunt = io ? ina.getShuntVoltage_mV() : logic::missing();
    io = io && ina.success();
    float rawCurrent = io ? ina.getCurrent_mA() : logic::missing();
    float current = rawCurrent * cfg::SolarCurrentSign;
    io = io && ina.success();
    uint16_t after = 0;
    io = io && busRegister(after);
    sol.valid =
        logic::solarValid(v, shunt, current, io, (raw & 1) || (after & 1));
    if (sol.valid) {
      sol.bus = v;
      sol.shunt = shunt;
      sol.currentMa = current;
      sol.rawCurrentMa = rawCurrent;
      sol.power = logic::solarPower(v, shunt, current);
      if (!std::isfinite(sol.minimum) || sol.power < sol.minimum)
        sol.minimum = sol.power;
      if (!std::isfinite(sol.maximum) || sol.power > sol.maximum)
        sol.maximum = sol.power;
      sol.lastSuccessMs = now;
    } else {
      sol.bus = sol.shunt = sol.rawCurrentMa = sol.currentMa = sol.power =
          logic::missing();
      ++sol.errors;
      initialized = false;
    }
    energy.sample(now, sol.power, sol.valid, localDay(),
                  cfg::SolarDirectionConfirmed);
    xSemaphoreTake(stateMutex, portMAX_DELAY);
    state.indoor = in;
    state.outdoor = out;
    state.solar = sol;
    state.energy = energy;
    xSemaphoreGive(stateMutex);
    if (in.valid != old.indoor.valid)
      addEvent("sensor",
               in.valid ? "Vnitřní DHT22 obnoven" : "Vnitřní DHT22 nedostupný");
    if (out.valid != old.outdoor.valid)
      addEvent("sensor", out.valid ? "Venkovní DHT22 obnoven"
                                   : "Venkovní DHT22 nedostupný");
    if (sol.valid != old.solar.valid)
      addEvent("sensor", sol.valid ? "INA219 obnoven" : "INA219 nedostupný");
    // Initial failed samples also need an event (initial state is already
    // invalid).
    if (in.errors == 1 && !in.valid)
      addEvent("sensor", "První čtení vnitřního DHT22 selhalo");
    if (out.errors == 1 && !out.valid)
      addEvent("sensor", "První čtení venkovního DHT22 selhalo");
    if (sol.errors == 1 && !sol.valid)
      addEvent("sensor", "První čtení INA219 selhalo");
    vTaskDelayUntil(&wake, pdMS_TO_TICKS(cfg::SensorIntervalMs));
  }
}

// ==================== relay.cpp ====================
struct Command {
  uint8_t channel;
  bool on;
  uint32_t expected;
  char id[41];
  uint64_t expires = 0;
};
struct Result {
  uint8_t channel = 1;
  char id[41] = {};
  bool on = false;
  int status = 0;
  uint32_t version = 0;
};
static QueueHandle_t commands;
static SemaphoreHandle_t relayCommandMutex;
static Result results[8];
static unsigned resultHead = 0;
static uint64_t switchedAt[2] = {};
static bool enabled() {
  return cfg::RelayActiveLevel == 0 || cfg::RelayActiveLevel == 1;
}
void relayBegin() {
  relayCommandMutex=xSemaphoreCreateMutex();
  configASSERT(relayCommandMutex);
  commands = xQueueCreate(2, sizeof(Command));
  configASSERT(commands);
  for (int pin : {cfg::Relay, cfg::Relay2}) {
    if (enabled()) {
      digitalWrite(pin, !cfg::RelayActiveLevel);
      pinMode(pin, OUTPUT);
      digitalWrite(pin, !cfg::RelayActiveLevel);
    } else
      pinMode(pin, INPUT);
  } // External verified inactive bias is required
    // before connecting relay.
  if (cfg::ButtonInstalled)
    pinMode(cfg::Button, INPUT_PULLUP);
  if (cfg::TpsStatusInstalled)
    pinMode(cfg::PowerStatus, INPUT); // External 3.3 V pull-up required.
  if (enabled() && cfg::RelayRestoreOnBoot) {
    Preferences prefs;
    if (prefs.begin("home", true)) {
      state.relay.on = prefs.getBool("relay", false);
      state.relay2.on = prefs.getBool("relay2", false);
      prefs.end();
    }
    digitalWrite(cfg::Relay, state.relay.on ? cfg::RelayActiveLevel
                                            : !cfg::RelayActiveLevel);
    digitalWrite(cfg::Relay2, state.relay2.on ? cfg::RelayActiveLevel
                                              : !cfg::RelayActiveLevel);
  }
}
static int apply(uint8_t channel, bool on, uint32_t expected) {
  xSemaphoreTake(stateMutex, portMAX_DELAY);
  auto &relay = channel == 1 ? state.relay : state.relay2;
  int status = !enabled() || state.ota     ? 503
               : relay.version != expected ? 409
               : relay.on != on && !logic::canSwitchRelay(
                                       switchedAt[channel - 1], monotonicMs(),
                                       cfg::RelayMinimumSwitchMs)
                   ? 429
                   : 200;
  if (status == 200) {
    if (relay.on != on)
      switchedAt[channel - 1] = monotonicMs();
    digitalWrite(channel == 1 ? cfg::Relay : cfg::Relay2,
                 on ? cfg::RelayActiveLevel : !cfg::RelayActiveLevel);
    relay.apply(on, expected);
    state.relayAppliedMs = monotonicMs();
  }
  xSemaphoreGive(stateMutex);
  return status;
}
void forceRelayOffForOta() {
  xSemaphoreTake(stateMutex, portMAX_DELAY);
  state.ota = true;
  if (enabled()) {
    digitalWrite(cfg::Relay, !cfg::RelayActiveLevel);
    digitalWrite(cfg::Relay2, !cfg::RelayActiveLevel);
    state.relay.apply(false, state.relay.version);
    state.relay2.apply(false, state.relay2.version);
    state.relayAppliedMs = monotonicMs();
  }
  xSemaphoreGive(stateMutex);
}
void relayTask(void *) {
  esp_task_wdt_add(nullptr);
  bool raw = true, stable = true;
  uint64_t changed = 0;
  for (;;) {
    esp_task_wdt_reset();
    Command command;
    if (xQueueReceive(commands, &command, 0) == pdTRUE) {
      int status = command.expires && monotonicMs() >= command.expires
                       ? 408
                       : apply(command.channel, command.on, command.expected);
      auto s = snapshot();
      xSemaphoreTake(stateMutex, portMAX_DELAY);
      auto &result = results[resultHead++ % 8];
      strlcpy(result.id, command.id, sizeof(result.id));
      result.channel = command.channel;
      result.on = command.on;
      result.status = status;
      result.version =
          command.channel == 1 ? s.relay.version : s.relay2.version;
      xSemaphoreGive(stateMutex);
      if (status == 200) {
        char detail[64];
        snprintf(detail, sizeof(detail), "Relé %u: GPIO %s", command.channel,
                 command.on ? "zapnout" : "vypnout");
        addEvent("relay", detail);
      }
    }
    if (cfg::ButtonInstalled) {
      bool next = digitalRead(cfg::Button);
      if (next != raw) {
        raw = next;
        changed = monotonicMs();
      }
      if (raw != stable && monotonicMs() - changed >= 50) {
        stable = raw;
        if (!stable) {
          auto s = snapshot();
          if (apply(1, !s.relay.on, s.relay.version) == 200)
            addEvent("relay", "Místní tlačítko: změna GPIO");
        }
      }
    }
    auto old = snapshot();
    auto source =
        logic::source(cfg::TpsStatusInstalled,
                      cfg::TpsStatusInstalled && digitalRead(cfg::PowerStatus),
                      cfg::TpsLowIsVerifiedBackup);
    // Debounce status separately from the physical switch.
    static auto candidate = logic::Source::Unknown;
    static uint64_t since = 0;
    if (source != candidate) {
      candidate = source;
      since = monotonicMs();
    }
    if (source != old.power && monotonicMs() - since >= 250) {
      xSemaphoreTake(stateMutex, portMAX_DELAY);
      state.power = source;
      xSemaphoreGive(stateMutex);
      addEvent("power", logic::sourceName(source));
    }
    vTaskDelay(pdMS_TO_TICKS(10));
  }
}
int executeRelay(uint8_t channel, JsonDocument &input, JsonDocument &doc,
                 uint64_t expires) {
  auto reject = [&](int status, const char *code, const char *message) {
    doc["apiVersion"] = 1;
    doc["error"]["code"] = code;
    doc["error"]["message"] = message;
    return status;
  };
  if ((channel != 1 && channel != 2) || !logic::validCommand(input))
    return reject(400, "invalid_body", "Neplatný příkaz relé.");
  for (JsonPair field : input.as<JsonObject>())
    if (strcmp(field.key().c_str(), "state") &&
        strcmp(field.key().c_str(), "expectedVersion") &&
        strcmp(field.key().c_str(), "requestId") &&
        strcmp(field.key().c_str(), "bootId")) {
      return reject(400, "unknown_field", "Neznámé pole příkazu.");
    }
  if (xSemaphoreTake(relayCommandMutex, pdMS_TO_TICKS(800)) != pdTRUE)
    return reject(429, "busy", "Relé zpracovává jiný příkaz.");
  struct CommandGuard { ~CommandGuard() { xSemaphoreGive(relayCommandMutex); } } guard;
  auto s = snapshot();
  if (input["bootId"].is<const char *>() &&
      String(input["bootId"].as<const char *>()) != s.bootId) {
    return reject(409, "restarted",
                  "ESP32 se restartovalo. Načtěte nový stav.");
  }
  if (!input["bootId"].isNull() && !input["bootId"].is<const char *>()) {
    return reject(400, "boot_id", "Neplatné bootId.");
  }
  if (!input["expectedVersion"].isNull() &&
      !input["expectedVersion"].is<uint32_t>()) {
    return reject(400, "version", "Neplatná verze relé.");
  }
  String id = input["requestId"].is<const char *>()
                  ? input["requestId"].as<const char *>()
                  : String(s.bootId) + "-" +
                        String(static_cast<unsigned long>(esp_random()));
  if (!input["requestId"].isNull() && !input["requestId"].is<const char *>()) {
    return reject(400, "request_id", "Neplatné requestId.");
  }
  if (!id.length() || id.length() > 40) {
    return reject(400, "request_id", "requestId musí mít 1–40 znaků.");
  }
  for (unsigned i = 0; i < id.length(); ++i)
    if (!isalnum(id[i]) && id[i] != '-' && id[i] != '_') {
      return reject(400, "request_id", "Neplatné znaky requestId.");
    }
  bool on = input["state"].as<bool>();
  Result found;
  xSemaphoreTake(stateMutex, portMAX_DELAY);
  for (const auto &result : results)
    if (id == result.id)
      found = result;
  xSemaphoreGive(stateMutex);
  if (found.status) {
    if (found.on != on || found.channel != channel) {
      return reject(409, "duplicate_conflict",
                    "requestId již patří jinému příkazu.");
    }
    if (found.status != 200) {
      return reject(found.status, "command_rejected", "Příkaz nebyl přijat.");
    }
  } else {
    Command cmd{channel,
                on,
                input["expectedVersion"].isNull()
                    ? (channel == 1 ? s.relay.version : s.relay2.version)
                    : input["expectedVersion"].as<uint32_t>(),
                {}};
    cmd.expires = expires;
    strlcpy(cmd.id, id.c_str(), sizeof(cmd.id));
    if (xQueueSend(commands, &cmd, 0) != pdTRUE) {
      return reject(429, "busy", "Relé zpracovává jiný příkaz.");
    }
    uint64_t started = monotonicMs();
    while (monotonicMs() - started < 750 && !found.status) {
      xSemaphoreTake(stateMutex, portMAX_DELAY);
      for (const auto &r : results)
        if (id == r.id)
          found = r;
      xSemaphoreGive(stateMutex);
      delay(5);
    }
    if (found.status != 200) {
      return reject(
          found.status ? found.status : 504,
          found.status == 409 ? "conflict" : "command_failed",
          found.status == 409
              ? "Stav změnil jiný klient. Načtěte jej znovu."
              : "GPIO příkaz nebyl potvrzen. Ověřte konfiguraci relé a "
                "nový stav.");
    }
  }
  doc["apiVersion"] = 1;
  doc["requestId"] = id;
  doc["applied"] = true;
  doc["appliedVersion"] = found.version;
  doc["requestedState"] = on;
  doc["bootId"] = s.bootId;
  auto current = snapshot();
  auto &confirmed = channel == 1 ? current.relay : current.relay2;
  confirmed.on = found.on;
  confirmed.version = found.version;
  doc["channel"] = channel;
  writeRelay(doc["relays"][String(channel)].to<JsonObject>(), current, channel);
  if (channel == 1)
    writeRelay(doc["lighting"]["kitchenLed"].to<JsonObject>(), current);
  return 200;
}

void relayPost(uint8_t channel) {
  if (!apiAuthorize())
    return;
  if (server.header("Content-Type").indexOf("application/json") != 0) {
    apiError(415, "content_type", "Použijte application/json.");
    return;
  }
  if (server.arg("plain").length() > 512) {
    apiError(413, "body_size", "Příkaz je příliš velký.");
    return;
  }
  JsonDocument input;
  if (deserializeJson(input, server.arg("plain")) ||
      !logic::validCommand(input)) {
    apiError(400, "invalid_body",
             "Neplatný příkaz; state musí být boolean a ostatní pole musí "
             "odpovídat API v1.");
    return;
  }
  JsonDocument doc;
  int status = executeRelay(channel, input, doc, 0);
  apiSend(doc, status);
}

// ==================== network.cpp ====================
static bool connected = false, otaStarted = false;
static uint64_t retryAt = 0;
static unsigned backoff = 2000;
static_assert(
    !(HOME_OTA_ENABLED && cfg::RelayRestoreOnBoot),
    "OTA requires RelayRestoreOnBoot=false to guarantee OFF after update");
void networkBegin() {
  retryAt = monotonicMs() + 10000;
  WiFi.persistent(false);
  WiFi.mode(WIFI_STA);
  WiFi.setHostname(cfg::Hostname);
  WiFi.setAutoReconnect(false);
  if (strlen(HOME_WIFI_SSID))
    WiFi.begin(HOME_WIFI_SSID, HOME_WIFI_PASSWORD);
  configTzTime(cfg::Timezone, cfg::Ntp1, cfg::Ntp2);
}
void networkTick() {
  bool up = WiFi.status() == WL_CONNECTED;
  if (up && !connected) {
    connected = true;
    backoff = 2000;
    MDNS.end();
    if (MDNS.begin(cfg::Hostname))
      MDNS.addService("http", "tcp", 80);
    addEvent("wifi", "Wi-Fi připojeno");
    Serial.print("LAN IP: ");
    Serial.println(WiFi.localIP());
    if (HOME_OTA_ENABLED && strlen(HOME_OTA_PASSWORD) >= 16) {
      ArduinoOTA.setHostname(cfg::Hostname);
      ArduinoOTA.setPassword(HOME_OTA_PASSWORD);
      ArduinoOTA.onProgress(
          [](unsigned int, unsigned int) { esp_task_wdt_reset(); });
      ArduinoOTA.onStart([]() { forceRelayOffForOta(); });
      ArduinoOTA.onError([](ota_error_t) {
        addEvent("ota", "Aktualizace selhala; relé zůstává vypnuté");
      });
      ArduinoOTA.begin();
      otaStarted = true;
    }
  }
  if (!up && connected) {
    connected = false;
    MDNS.end();
    addEvent("wifi", "Wi-Fi odpojeno");
  }
  if (!up && strlen(HOME_WIFI_SSID) && monotonicMs() >= retryAt) {
    WiFi.disconnect(false, false);
    WiFi.begin(HOME_WIFI_SSID, HOME_WIFI_PASSWORD);
    retryAt = monotonicMs() + backoff;
    backoff = std::min(backoff * 2, 60000u);
  }
  if (up && otaStarted)
    ArduinoOTA.handle();
}

// ==================== direct-web.cpp ====================
// Local dashboard without a login password.
static bool sameDeviceOrigin() {
  String origin = server.header("Origin");
  return origin.length() && origin == String("http://") + server.hostHeader();
}

void directWebBegin() {
  server.on("/", HTTP_GET, []() {
    server.sendHeader("Content-Encoding", "gzip");
    server.sendHeader("Cache-Control", "no-store");
    server.sendHeader("X-Content-Type-Options", "nosniff");
    server.send_P(200, "text/html; charset=utf-8",
                  reinterpret_cast<const char *>(TABLET_HTML_GZIP),
                  sizeof(TABLET_HTML_GZIP));
  });
  server.on("/favicon.ico", HTTP_GET, []() { server.send(204); });
}

// ==================== api.cpp ====================
WebServer server(80);
static const char *headers[] = {"Authorization", "Origin", "Content-Type", "Cookie"};
static void responseHeaders() {
  server.sendHeader("Cache-Control", "no-store");
  server.sendHeader("X-Content-Type-Options", "nosniff");
  if (strlen(HOME_ALLOWED_ORIGIN) &&
      server.header("Origin") == HOME_ALLOWED_ORIGIN) {
    server.sendHeader("Access-Control-Allow-Origin", HOME_ALLOWED_ORIGIN);
    server.sendHeader("Vary", "Origin");
  }
}
void apiSend(JsonDocument &doc, int status) {
  responseHeaders();
  if (doc.overflowed()) {
    server.send(503, "application/json",
                "{\"error\":{\"message\":\"Nedostatek paměti API.\"}}");
    return;
  }
  // Avoid a second full history-sized allocation; batch TCP writes.
  class BufferedClient : public Print {
    WiFiClient client;
    uint8_t buffer[512];
    size_t used = 0;

  public:
    explicit BufferedClient(WiFiClient c) : client(c) {}
    void flush() {
      if (used) {
        client.write(buffer, used);
        used = 0;
      }
    }
    size_t write(uint8_t c) override {
      buffer[used++] = c;
      if (used == sizeof(buffer))
        flush();
      return 1;
    }
  } output(server.client());
  server.setContentLength(measureJson(doc));
  server.send(status, "application/json; charset=utf-8", "");
  serializeJson(doc, output);
  output.flush();
}
void apiError(int status, const char *code, const char *message) {
  JsonDocument doc;
  doc["apiVersion"] = 1;
  doc["error"]["code"] = code;
  doc["error"]["message"] = message;
  apiSend(doc, status);
}
bool apiAuthorize() {
  String origin = server.header("Origin");
  if (origin.length() && !sameDeviceOrigin() &&
      (!strlen(HOME_ALLOWED_ORIGIN) || origin != HOME_ALLOWED_ORIGIN)) {
    apiError(403, "origin", "Tento původ není povolen.");
    return false;
  }
  return true;
}
static void stamp(JsonObject object, uint64_t ms, uint64_t now, bool valid) {
  object["available"] = valid && now >= ms && now - ms <= cfg::StaleMs;
  object["stale"] = !valid || now < ms || now - ms > cfg::StaleMs;
  if (ms)
    object["ageMs"] = now >= ms ? now - ms : 0;
  else
    object["ageMs"] = nullptr;
}
void writeClimate(JsonObject o, const logic::Climate &c, uint64_t now) {
  logic::climateJson(o, c, now, cfg::StaleMs);
  if (c.lastSuccessMs && isoTime().length()) {
    time_t epoch =
        time(nullptr) - static_cast<time_t>((now - c.lastSuccessMs) / 1000);
    struct tm t;
    gmtime_r(&epoch, &t);
    char text[25];
    strftime(text, sizeof(text), "%Y-%m-%dT%H:%M:%SZ", &t);
    o["readingTimestamp"] = text;
  } else
    o["readingTimestamp"] = nullptr;
}
void writeSolar(JsonObject o, const State &s, uint64_t now) {
  stamp(o, s.solar.lastSuccessMs, now, s.solar.valid);
  bool valid = o["available"].as<bool>();
  nullable(o["voltageV"], valid ? s.solar.bus : logic::missing());
  nullable(o["shuntVoltageMv"], valid ? s.solar.shunt : logic::missing());
  nullable(o["currentMa"], valid ? s.solar.currentMa : logic::missing());
  nullable(o["rawCurrentMa"], valid ? s.solar.rawCurrentMa : logic::missing());
  nullable(o["minPowerW"], s.solar.minimum);
  nullable(o["maxPowerW"], s.solar.maximum);
  o["extremaScope"] = "since_boot";
  nullable(o["energyTotalWh"],
           cfg::SolarDirectionConfirmed ? s.energy.totalWh : logic::missing());
  o["totalScope"] = "monitored_signed_energy_since_installation";
  nullable(o["currentA"],
           valid ? s.solar.currentMa / 1000.0f : logic::missing());
  nullable(o["powerW"], valid ? s.solar.power : logic::missing());
  nullable(o["energyTodayWh"], cfg::SolarDirectionConfirmed && s.energy.day &&
                                       s.energy.day == localDay()
                                   ? s.energy.wh
                                   : logic::missing());
  o["energyPartial"] = s.energy.partial;
  if (s.energy.day)
    o["energyDay"] = String(s.energy.day);
  else
    o["energyDay"] = nullptr;
  o["directionConfirmed"] = cfg::SolarDirectionConfirmed;
  o["measurementLocation"] = cfg::SolarLocation;
  o["errors"] = s.solar.errors;
}
void writeRelay(JsonObject o, const State &s, uint8_t channel) {
  const auto &relay = channel == 1 ? s.relay : s.relay2;
  o["commandedOn"] = relay.on;
  o["version"] = relay.version;
  o["controlAvailable"] = (cfg::RelayActiveLevel >= 0) && !s.ota;
  o["feedbackAvailable"] = false;
  o["physicalOn"] = nullptr;
  o["acknowledgement"] = "gpio_command_only";
  o["appliedUptimeMs"] = s.relayAppliedMs;
}
void writePower(JsonObject o, const State &s) {
  o["activeSource"] = logic::sourceName(s.power);
  o["statusInstalled"] = cfg::TpsStatusInstalled;
  o["backupVerified"] = cfg::TpsLowIsVerifiedBackup;
  o["statusLowAmbiguous"] =
      cfg::TpsStatusInstalled && s.power != logic::Source::Mains;
  o["batteryVoltageV"] = nullptr;
  o["batterySocPct"] = nullptr;
  o["batteryCurrentA"] = nullptr;
  o["batteryChargeStatus"] = nullptr;
  o["switching"] = "hardware_controlled";
  o["tabletPower"] = "independent_mains";
}
void writeSystem(JsonObject o, const State &s) {
  o["firmwareVersion"] = cfg::FirmwareVersion;
  o["buildTimestamp"] = __DATE__ " " __TIME__;
  o["freeHeapBytes"] = ESP.getFreeHeap();
  o["uptimeSeconds"] = monotonicMs() / 1000;
  o["wifiConnected"] = WiFi.status() == WL_CONNECTED;
  if (WiFi.status() == WL_CONNECTED) {
    o["wifiRssiDbm"] = WiFi.RSSI();
    o["ip"] = WiFi.localIP().toString();
  } else {
    o["wifiRssiDbm"] = nullptr;
    o["ip"] = nullptr;
  }
  o["rebootReason"] = static_cast<int>(esp_reset_reason());
  o["timeSynchronized"] = isoTime().length() > 0;
  o["storageReady"] = s.storageReady;
  o["otaEnabled"] = HOME_OTA_ENABLED && strlen(HOME_OTA_PASSWORD) >= 16;
  o["otaInProgress"] = s.ota;
  o["hostname"] = cfg::Hostname;
  o["cloudEnabled"] = HOME_CLOUD_ENABLED && strlen(HOME_CLOUD_TOKEN) >= 32;
  o["cloudConnected"] = s.cloudLastSuccessMs && monotonicMs()-s.cloudLastSuccessMs < 15000;
  o["cloudLastStatus"] = s.cloudLastStatus;
  if (s.cloudLastSuccessMs) o["cloudLastSyncAgeMs"] = monotonicMs()-s.cloudLastSuccessMs;
  else o["cloudLastSyncAgeMs"] = nullptr;
}
void writeState(JsonDocument &doc, const State &s) {
  doc["apiVersion"] = 1;
  doc["deviceId"] = cfg::Hostname;
  doc["bootId"] = s.bootId;
  auto timestamp = isoTime();
  if (timestamp.length())
    doc["timestamp"] = timestamp;
  else
    doc["timestamp"] = nullptr;
  doc["uptimeSeconds"] = monotonicMs() / 1000;
  writeClimate(doc["climate"]["indoor"].to<JsonObject>(), s.indoor,
               monotonicMs());
  writeClimate(doc["climate"]["outdoor"].to<JsonObject>(), s.outdoor,
               monotonicMs());
  writeSolar(doc["solar"].to<JsonObject>(), s, monotonicMs());
  writeRelay(doc["lighting"]["kitchenLed"].to<JsonObject>(), s);
  writeRelay(doc["relays"]["1"].to<JsonObject>(), s, 1);
  writeRelay(doc["relays"]["2"].to<JsonObject>(), s, 2);
  writePower(doc["power"].to<JsonObject>(), s);
  writeSystem(doc["system"].to<JsonObject>(), s);
}
void apiBegin() {
  server.collectHeaders(headers, 4);
  directWebBegin();
  for (const char *path :
       {"/api/state", "/api/climate", "/api/solar", "/api/relay", "/api/power",
        "/api/system", "/api/health", "/api/version", "/api/history",
        "/api/relays", "/api/relays/1", "/api/relays/2"}) {
    server.on(path, HTTP_OPTIONS, []() {
      if (!strlen(HOME_ALLOWED_ORIGIN) ||
          server.header("Origin") != HOME_ALLOWED_ORIGIN) {
        apiError(403, "origin", "Původ není povolen.");
        return;
      }
      responseHeaders();
      server.sendHeader("Access-Control-Allow-Methods", "GET, POST, OPTIONS");
      server.sendHeader("Access-Control-Allow-Headers",
                        "Authorization, Content-Type");
      server.send(204);
    });
    String route(path);
    if (route == "/api/relays/1" || route == "/api/relays/2")
      continue;
    server.on(path, HTTP_GET, [route]() {
      if (!apiAuthorize())
        return;
      JsonDocument doc;
      auto s = snapshot();
      writeState(doc, s);
      if (route == "/api/history") {
        doc.clear();
        doc["apiVersion"] = 1;
        unsigned limit = cfg::HistoryCapacity;
        if (server.hasArg("limit")) {
          String v = server.arg("limit");
          for (unsigned i = 0; i < v.length(); ++i)
            if (!isdigit(v[i])) {
              apiError(400, "limit", "Neplatný limit historie.");
              return;
            }
          limit = v.toInt();
          if (limit < 1 || limit > cfg::HistoryCapacity) {
            apiError(400, "limit", "Limit historie je 1–288.");
            return;
          }
        }
        writeHistory(doc, limit);
      } else if (route == "/api/health") {
        doc.clear();
        doc["apiVersion"] = 1;
        doc["status"] = "ok";
        doc["uptimeSeconds"] = monotonicMs() / 1000;
        doc["sensorDegraded"] =
            !s.indoor.valid || !s.outdoor.valid || !s.solar.valid ||
            monotonicMs() - s.indoor.lastSuccessMs > cfg::StaleMs ||
            monotonicMs() - s.outdoor.lastSuccessMs > cfg::StaleMs ||
            monotonicMs() - s.solar.lastSuccessMs > cfg::StaleMs;
        doc["storageReady"] = s.storageReady;
      } else if (route == "/api/version") {
        doc.clear();
        doc["apiVersion"] = 1;
        doc["firmwareVersion"] = cfg::FirmwareVersion;
        doc["buildTimestamp"] = __DATE__ " " __TIME__;
      }
      // Other GETs share the same versioned envelope, with only their requested
      // section.
      else if (route != "/api/state") {
        const char *section = route == "/api/climate"  ? "climate"
                              : route == "/api/solar"  ? "solar"
                              : route == "/api/relay"  ? "lighting"
                              : route == "/api/relays" ? "relays"
                              : route == "/api/power"  ? "power"
                                                       : "system";
        for (const char *name :
             {"climate", "solar", "lighting", "relays", "power", "system"})
          if (strcmp(name, section))
            doc.remove(name);
      }
      apiSend(doc);
    });
  }
  server.on("/api/relay", HTTP_POST, []() { relayPost(1); });
  server.on("/api/relays/1", HTTP_POST, []() { relayPost(1); });
  server.on("/api/relays/2", HTTP_POST, []() { relayPost(2); });
  server.onNotFound(
      []() { apiError(404, "not_found", "Endpoint neexistuje."); });
  server.begin();
}
void apiTick() { server.handleClient(); }


// Official ISRG Root X1/X2 trust anchors, letsencrypt.org/certificates.
static const char CloudRootCa[] = R"PEM(-----BEGIN CERTIFICATE-----
MIIFazCCA1OgAwIBAgIRAIIQz7DSQONZRGPgu2OCiwAwDQYJKoZIhvcNAQELBQAw
TzELMAkGA1UEBhMCVVMxKTAnBgNVBAoTIEludGVybmV0IFNlY3VyaXR5IFJlc2Vh
cmNoIEdyb3VwMRUwEwYDVQQDEwxJU1JHIFJvb3QgWDEwHhcNMTUwNjA0MTEwNDM4
WhcNMzUwNjA0MTEwNDM4WjBPMQswCQYDVQQGEwJVUzEpMCcGA1UEChMgSW50ZXJu
ZXQgU2VjdXJpdHkgUmVzZWFyY2ggR3JvdXAxFTATBgNVBAMTDElTUkcgUm9vdCBY
MTCCAiIwDQYJKoZIhvcNAQEBBQADggIPADCCAgoCggIBAK3oJHP0FDfzm54rVygc
h77ct984kIxuPOZXoHj3dcKi/vVqbvYATyjb3miGbESTtrFj/RQSa78f0uoxmyF+
0TM8ukj13Xnfs7j/EvEhmkvBioZxaUpmZmyPfjxwv60pIgbz5MDmgK7iS4+3mX6U
A5/TR5d8mUgjU+g4rk8Kb4Mu0UlXjIB0ttov0DiNewNwIRt18jA8+o+u3dpjq+sW
T8KOEUt+zwvo/7V3LvSye0rgTBIlDHCNAymg4VMk7BPZ7hm/ELNKjD+Jo2FR3qyH
B5T0Y3HsLuJvW5iB4YlcNHlsdu87kGJ55tukmi8mxdAQ4Q7e2RCOFvu396j3x+UC
B5iPNgiV5+I3lg02dZ77DnKxHZu8A/lJBdiB3QW0KtZB6awBdpUKD9jf1b0SHzUv
KBds0pjBqAlkd25HN7rOrFleaJ1/ctaJxQZBKT5ZPt0m9STJEadao0xAH0ahmbWn
OlFuhjuefXKnEgV4We0+UXgVCwOPjdAvBbI+e0ocS3MFEvzG6uBQE3xDk3SzynTn
jh8BCNAw1FtxNrQHusEwMFxIt4I7mKZ9YIqioymCzLq9gwQbooMDQaHWBfEbwrbw
qHyGO0aoSCqI3Haadr8faqU9GY/rOPNk3sgrDQoo//fb4hVC1CLQJ13hef4Y53CI
rU7m2Ys6xt0nUW7/vGT1M0NPAgMBAAGjQjBAMA4GA1UdDwEB/wQEAwIBBjAPBgNV
HRMBAf8EBTADAQH/MB0GA1UdDgQWBBR5tFnme7bl5AFzgAiIyBpY9umbbjANBgkq
hkiG9w0BAQsFAAOCAgEAVR9YqbyyqFDQDLHYGmkgJykIrGF1XIpu+ILlaS/V9lZL
ubhzEFnTIZd+50xx+7LSYK05qAvqFyFWhfFQDlnrzuBZ6brJFe+GnY+EgPbk6ZGQ
3BebYhtF8GaV0nxvwuo77x/Py9auJ/GpsMiu/X1+mvoiBOv/2X/qkSsisRcOj/KK
NFtY2PwByVS5uCbMiogziUwthDyC3+6WVwW6LLv3xLfHTjuCvjHIInNzktHCgKQ5
ORAzI4JMPJ+GslWYHb4phowim57iaztXOoJwTdwJx4nLCgdNbOhdjsnvzqvHu7Ur
TkXWStAmzOVyyghqpZXjFaH3pO3JLF+l+/+sKAIuvtd7u+Nxe5AW0wdeRlN8NwdC
jNPElpzVmbUq4JUagEiuTDkHzsxHpFKVK7q4+63SM1N95R1NbdWhscdCb+ZAJzVc
oyi3B43njTOQ5yOf+1CceWxG1bQVs5ZufpsMljq4Ui0/1lvh+wjChP4kqKOJ2qxq
4RgqsahDYVvTH9w7jXbyLeiNdd8XM2w9U/t7y0Ff/9yi0GE44Za4rF2LN9d11TPA
mRGunUHBcnWEvgJBQl9nJEiU0Zsnvgc/ubhPgXRR4Xq37Z0j4r7g1SgEEzwxA57d
emyPxgcYxn/eR44/KJ4EBs+lVDR3veyJm+kXQ99b21/+jh5Xos1AnX5iItreGCc=
-----END CERTIFICATE-----
-----BEGIN CERTIFICATE-----
MIICGzCCAaGgAwIBAgIQQdKd0XLq7qeAwSxs6S+HUjAKBggqhkjOPQQDAzBPMQsw
CQYDVQQGEwJVUzEpMCcGA1UEChMgSW50ZXJuZXQgU2VjdXJpdHkgUmVzZWFyY2gg
R3JvdXAxFTATBgNVBAMTDElTUkcgUm9vdCBYMjAeFw0yMDA5MDQwMDAwMDBaFw00
MDA5MTcxNjAwMDBaME8xCzAJBgNVBAYTAlVTMSkwJwYDVQQKEyBJbnRlcm5ldCBT
ZWN1cml0eSBSZXNlYXJjaCBHcm91cDEVMBMGA1UEAxMMSVNSRyBSb290IFgyMHYw
EAYHKoZIzj0CAQYFK4EEACIDYgAEzZvVn4CDCuwJSvMWSj5cz3es3mcFDR0HttwW
+1qLFNvicWDEukWVEYmO6gbf9yoWHKS5xcUy4APgHoIYOIvXRdgKam7mAHf7AlF9
ItgKbppbd9/w+kHsOdx1ymgHDB/qo0IwQDAOBgNVHQ8BAf8EBAMCAQYwDwYDVR0T
AQH/BAUwAwEB/zAdBgNVHQ4EFgQUfEKWrt5LSDv6kviejM9ti6lyN5UwCgYIKoZI
zj0EAwMDaAAwZQIwe3lORlCEwkSHRhtFcP9Ymd70/aTSVaYgLXTWNLxBo1BfASdW
tL4ndQavEi51mI38AjEAi/V3bNTIZargCyzuFJ0nN6T5U6VR5CmD1/iQMVtCnwr1
/q4AaOeMSQ+2b1tbFfLn
-----END CERTIFICATE-----
)PEM";


class CloudResponse : public Stream {
public:
  String text;
  using Print::write;
  size_t write(uint8_t byte) override {
    if (text.length() >= 4096)
      return 0;
    text += static_cast<char>(byte);
    return 1;
  }
  int available() override { return 0; }
  int read() override { return -1; }
  int peek() override { return -1; }
  void flush() override {}
};

// All TLS work runs separately from sensors, GPIO and the local HTTP server.
void cloudTask(void *) {
  uint32_t sequence = 0, retryMs = 2000;
  JsonDocument ack;
  uint64_t next = 0;
  for (;;) {
    vTaskDelay(pdMS_TO_TICKS(100));
    if (!HOME_CLOUD_ENABLED || strlen(HOME_CLOUD_TOKEN) < 32 || !String(cfg::CloudUrl).startsWith("https://") ||
        WiFi.status() != WL_CONNECTED || time(nullptr) < 1700000000 ||
        snapshot().ota || monotonicMs() < next)
      continue;
    JsonDocument payload, stateDoc;
    writeState(stateDoc, snapshot());
    payload["protocolVersion"] = 1;
    payload["sequence"] = ++sequence;
    payload["state"].set(stateDoc.as<JsonVariant>());
    if (!ack.isNull())
      payload["ack"].set(ack.as<JsonVariant>());
    String body;
    serializeJson(payload, body);
    WiFiClientSecure client;
    client.setCACert(CloudRootCa);
    client.setHandshakeTimeout(5);
    client.setTimeout(3000);
    HTTPClient http;
    http.setConnectTimeout(3000);
    http.setTimeout(3000);
    http.setReuse(false);
    http.setFollowRedirects(HTTPC_DISABLE_FOLLOW_REDIRECTS);
    uint64_t started = monotonicMs();
    int status = -1;
    JsonDocument response;
    if (http.begin(client, cfg::CloudUrl)) {
      http.addHeader("Content-Type", "application/json");
      http.addHeader("Authorization", String("Bearer ") + HOME_CLOUD_TOKEN);
      status = http.POST(body);
      // Bound the response before parsing; the cloud never sends bulk history.
      if (status == 200) {
        CloudResponse incoming;
        if (http.getSize() > 4096 || http.writeToStream(&incoming) < 0 ||
            deserializeJson(response, incoming.text) ||
            response["protocolVersion"].as<int>() != 1)
          status = -2;
      }
      http.end();
    }
    client.stop();
    xSemaphoreTake(stateMutex, portMAX_DELAY);
    state.cloudLastStatus = status;
    if (status == 200) state.cloudLastSuccessMs = monotonicMs();
    xSemaphoreGive(stateMutex);
    if (status != 200) {
      Serial.printf("Cloud: spojeni selhalo (%d), opakovani za %lu ms\n",
                    status, static_cast<unsigned long>(retryMs));
      next = monotonicMs() + retryMs;
      retryMs = min(retryMs * 2, uint32_t(60000));
      continue;
    }
    retryMs = 2000;
    ack.clear();
    next = monotonicMs() + cfg::CloudIntervalMs;
    JsonObject command = response["command"].as<JsonObject>();
    if (command.isNull())
      continue;
    const int channel = command["channel"] | 0;
    const char *id = command["requestId"] | "";
    // A late response must never turn into a fresh command after an outage.
    const uint64_t wall = static_cast<uint64_t>(time(nullptr)) * 1000;
    const uint64_t expiresAt = command["expiresAtMs"] | uint64_t(0);
    const uint64_t validFor = command["validForMs"] | uint64_t(0);
    uint64_t elapsed = monotonicMs() - started;
    if ((channel != 1 && channel != 2) || !strlen(id) || strlen(id) > 40 ||
        !command["state"].is<bool>() ||
        !command["expectedVersion"].is<uint32_t>() ||
        !command["bootId"].is<const char *>() || validFor > 10000 ||
        expiresAt <= wall || validFor <= elapsed)
      continue;
    JsonDocument input, result;
    for (const char *key : {"state", "expectedVersion", "bootId", "requestId"})
      input[key].set(command[key]);
    uint64_t remaining = min(validFor - elapsed, expiresAt - wall);
    int applied =
        executeRelay(channel, input, result, monotonicMs() + remaining);
    ack["requestId"] = String(id);
    ack["channel"] = channel;
    ack["status"] = applied;
    ack["result"].set(result.as<JsonVariant>());
    next = monotonicMs() + 100; // Return GPIO acknowledgement promptly.
  }
}

// ==================== app.cpp ====================
State state;
SemaphoreHandle_t stateMutex;
String isoTime() {
  time_t now = time(nullptr);
  if (now < 1700000000)
    return String();
  struct tm t;
  gmtime_r(&now, &t);
  char text[25];
  strftime(text, sizeof(text), "%Y-%m-%dT%H:%M:%SZ", &t);
  return String(text);
}
int localDay() {
  time_t now = time(nullptr);
  if (now < 1700000000)
    return 0;
  struct tm t;
  localtime_r(&now, &t);
  return (t.tm_year + 1900) * 10000 + (t.tm_mon + 1) * 100 + t.tm_mday;
}

void firmwareSetup() {
  stateMutex = xSemaphoreCreateMutex();
  configASSERT(stateMutex);
  snprintf(state.bootId, sizeof(state.bootId), "%08lx%08lx",
           static_cast<unsigned long>(esp_random()),
           static_cast<unsigned long>(esp_random()));
  relayBegin(); // Before Serial, flash, network or sensor initialization.
  Serial.begin(115200);
  storageBegin();
#if ESP_ARDUINO_VERSION_MAJOR >= 3
  esp_task_wdt_config_t watchdog{};
  watchdog.timeout_ms = 15000;
  watchdog.idle_core_mask = 0;
  watchdog.trigger_panic = true;
  if (esp_task_wdt_init(&watchdog) == ESP_ERR_INVALID_STATE)
    esp_task_wdt_reconfigure(&watchdog);
#else
  esp_task_wdt_init(15, true);
#endif
  esp_task_wdt_add(nullptr);
  configASSERT(xTaskCreatePinnedToCore(relayTask, "relay", 4096, nullptr, 3,
                                       nullptr, 1) == pdPASS);
  configASSERT(xTaskCreatePinnedToCore(sensorTask, "sensors", 6144, nullptr, 1,
                                       nullptr, 1) == pdPASS);
  configASSERT(xTaskCreatePinnedToCore(storageTask, "history", 6144, nullptr, 1,
                                       nullptr, 0) == pdPASS);
  networkBegin();
  apiBegin();
  configASSERT(xTaskCreatePinnedToCore(cloudTask, "cloud", 16384, nullptr, 1, nullptr, 0) == pdPASS);
  Serial.println("Home Assistant ESP32: spuštěno. Žádné přihlašovací údaje se "
                 "nevypisují.");
}
void firmwareLoop() {
  esp_task_wdt_reset();
  networkTick();
  apiTick();
  delay(2);
}

void setup() { firmwareSetup(); }
void loop() { firmwareLoop(); }
