/*
  HOME ASSISTANT ESP32 - PRIMO NA TABLETU, JEDEN SOUBOR
  Web je ulozen v ESP32. Na tabletu otevrete http://IP-ESP32/.
  Pocitac ani samostatny webovy server nejsou pro provoz potreba.
  Rele 1 GPIO26: svetlo pod troubou; rele 2 GPIO33: volne.
  ACTIVE LOW, pri startu vypnute. Bez garaze a Railway.
  DHT22 uvnitr GPIO27, venku GPIO32; INA219 SDA21 / SCL22.
  Panel se otevre rovnou bez prihlasovaciho hesla.
  Wi-Fi, API a OTA pristupy jsou take primo v tomto souboru.
  Knihovny: ArduinoJson 7.4.3, DHT sensor library 1.4.7,
  Adafruit Unified Sensor 1.1.15, INA219 1.2.3, BusIO 1.17.4.
  ESP32 Dev Module, core Espressif 3.3.8, 4 MB, OTA oddily.
  Zadny dalsi soubor .h/.cpp/HTML pro nahrani neni potreba.
  Internet pouziva jen predpoved pocasi a synchronizace casu.
*/

#include <Arduino.h>
#include <cstdint>
#include <cmath>
#include <limits>
#include <ArduinoJson.h>
#include <esp_timer.h>
#include <cctype>
#include <cstring>
#include <WebServer.h>
#include <LittleFS.h>
#include <Preferences.h>
#include <esp_task_wdt.h>
#include <Adafruit_INA219.h>
#include <DHT.h>
#include <Wire.h>
#include <ArduinoOTA.h>
#include <ESPmDNS.h>
#include <WiFi.h>
#include <esp_system.h>
#include <esp_arduino_version.h>

// ==================== secrets.h ====================
// Private local configuration. Do not publish.
#define HOME_WIFI_SSID ""
#define HOME_WIFI_PASSWORD ""
#define HOME_API_TOKEN ""
#define HOME_OTA_PASSWORD ""
#define HOME_ALLOWED_ORIGIN ""
#define HOME_OTA_ENABLED true

// Complete tablet dashboard stored in flash (gzip).
const uint8_t TABLET_HTML_GZIP[] PROGMEM = {
  0x1f,0x8b,0x08,0x00,0x00,0x00,0x00,0x00,0x02,0x0a,0xdd,0xbd,0x5b,0x8f,0xdb,0x58,0xb6,0x18,0xfc,0xee,
  0x5f,0x41,0x57,0xcf,0x98,0x52,0x5b,0x52,0x49,0x54,0xa9,0x2e,0x52,0xa9,0x1c,0xdf,0x7a,0xec,0x9e,0xf6,
  0x05,0xb6,0xc7,0x9d,0xcf,0x46,0x61,0x40,0x89,0xbb,0x4a,0xb4,0x28,0x52,0xe1,0x45,0x65,0x55,0x95,0x80,
  0x39,0x41,0x02,0xcc,0xc3,0x34,0xf2,0x90,0x20,0x99,0x49,0x27,0x38,0xc7,0x0f,0xe7,0x0b,0x1a,0x1f,0x1a,
  0x73,0xde,0x02,0x1c,0xa4,0xfb,0x03,0x4e,0xb9,0x9e,0xcf,0x7f,0x98,0x5f,0x90,0x9f,0x90,0x75,0xd9,0x9b,
  0xdc,0xa4,0x28,0x55,0xb9,0xa7,0xcf,0x4b,0xd0,0x0d,0x97,0xb8,0xb9,0x2f,0x6b,0xaf,0xfb,0x5a,0xfb,0xc2,
  0xfd,0x9b,0x4e,0x30,0x8c,0xe7,0x53,0x61,0x8c,0xe2,0x89,0x77,0x70,0x63,0x1f,0xff,0x18,0x9e,0xed,0x1f,
  0xf7,0x37,0x86,0xd1,0xc6,0xc1,0xfe,0x48,0xd8,0xce,0xc1,0xfe,0x44,0xc4,0xb6,0x31,0x1c,0xd9,0x61,0x24,
  0xe2,0xfe,0x46,0x12,0x1f,0xd5,0x77,0x37,0x64,0xa9,0x6f,0x4f,0x44,0x7f,0x63,0xe6,0x8a,0x93,0x69,0x10,
  0xc6,0x1b,0xc6,0x30,0xf0,0x63,0xe1,0x43,0xad,0x13,0xd7,0x89,0x47,0x7d,0x47,0xcc,0xdc,0xa1,0xa8,0xd3,
  0x43,0xcd,0xf5,0xdd,0xd8,0xb5,0xbd,0x7a,0x34,0xb4,0x3d,0xd1,0x6f,0xd5,0x54,0xab,0xfa,0x91,0x1b,0xf7,
  0x87,0xc1,0x4c,0x84,0xf9,0x5e,0xe3,0x91,0x98,0x88,0xfa,0x30,0xf0,0x82,0x50,0xeb,0xf8,0xb3,0x56,0xab,
  0xd5,0x6e,0xb5,0xa1,0x6a,0xec,0xc6,0x9e,0x38,0x78,0x14,0x4c,0x84,0x71,0x37,0x8a,0xdc,0x28,0xb6,0xfd,
  0xd8,0xf8,0xa7,0xff,0x69,0x3c,0x7c,0xf9,0xbc,0x6d,0xed,0x6f,0xf2,0xeb,0x1b,0xfb,0x51,0x3c,0xc7,0xbf,
  0xdd,0x30,0x08,0xe2,0xb3,0x7a,0x7d,0x70,0xdc,0x95,0x5d,0xf4,0xea,0xf5,0xc8,0x75,0x04,0x3c,0x76,0x5a,
  0x3b,0xad,0x1d,0x7c,0x4c,0xc2,0x23,0x7b,0x88,0x25,0x83,0x96,0x68,0x09,0x28,0x09,0x6d,0x37,0x12,0x4e,
  0xf7,0x33,0xcb,0xb2,0x3a,0x56,0x07,0x0a,0x06,0x41,0xe8,0x88,0x10,0x0a,0x06,0xd6,0x91,0x85,0x35,0x62,
  0xf1,0x3e,0xee,0x7e,0x76,0xd4,0x3c,0x6a,0x8a,0x01,0x3c,0x4e,0x92,0x18,0xeb,0xef,0x59,0x7b,0x7b,0x7b,
  0x5b,0xf0,0x6c,0x4f,0x06,0x58,0x5d,0xec,0x0e,0xb6,0xb7,0x6d,0x78,0x3e,0x0e,0x85,0xf0,0xe1,0xfd,0xf6,
  0xa0,0x63,0x5b,0xf0,0x2c,0xc2,0x30,0xc0,0xf7,0xdb,0x76,0x6b,0xcf,0xee,0xd1,0x64,0x01,0x41,0x38,0xf3,
  0xae,0x63,0x87,0xe3,0xde,0x11,0xcc,0xbb,0x7e,0x64,0x4f,0x5c,0x6f,0xde,0xbd,0x1b,0x02,0xfa,0x6a,0x8f,
  0x84,0x37,0x13,0xb1,0x3b,0xb4,0x6b,0x91,0xed,0x47,0xf5,0x48,0x84,0xee,0xd1,0xe2,0xf3,0xb3,0x41,0xf0,
  0x1e,0xa6,0x73,0xea,0xfa,0xc7,0x5d,0x86,0x11,0x40,0x7d,0xbf,0x18,0x04,0xce,0xfc,0x6c,0x62,0x87,0xc7,
  0xae,0xdf,0x6d,0xf6,0x06,0xf6,0x70,0x7c,0x1c,0x06,0x89,0xef,0x74,0x67,0x76,0x58,0x41,0x64,0x54,0x79,
  0x4c,0xf9,0x8c,0x93,0xa9,0xf2,0x98,0xd0,0x97,0xe8,0xb6,0x3a,0x53,0xe8,0x23,0x89,0xe3,0xc0,0x07,0xf2,
  0x4d,0x93,0xb8,0x16,0x09,0x4f,0x0c,0xe3,0x33,0xac,0xd2,0x75,0xfd,0x11,0x0c,0x1e,0xcb,0x0a,0x67,0xc3,
  0x24,0x8c,0xa0,0xa7,0x69,0xe0,0x02,0xa9,0xc2,0x5e,0x1c,0x24,0xc3,0x51,0xdd,0x1e,0xc6,0x6e,0xe0,0x77,
  0x27,0xb6,0xef,0x4e,0x13,0xcf,0xc6,0x87,0x92,0x11,0x97,0x00,0x63,0xbc,0xc3,0x0b,0x46,0x77,0x6b,0xfa,
  0xde,0x88,0x02,0xcf,0x75,0x0c,0x09,0x37,0x15,0xab,0xd7,0x50,0xdb,0x71,0x93,0xa8,0xdb,0x6a,0x4e,0xdf,
  0xf7,0x26,0xae,0x5f,0x1f,0x09,0xf7,0x78,0x14,0x77,0x3b,0xf8,0x3c,0xb5,0x1d,0x07,0x91,0xd2,0xb2,0xa0,
  0x8f,0xd6,0x6e,0x3a,0x9f,0xee,0x08,0x39,0xee,0x4c,0xf6,0xa0,0x83,0x44,0x24,0xab,0xaa,0x6a,0x8e,0x1b,
  0xd9,0x03,0x4f,0x38,0x67,0xc1,0xd4,0x1e,0xba,0xf1,0xbc,0xdb,0xd8,0xea,0xc9,0x99,0x3a,0xe2,0xc8,0x4e,
  0xbc,0x78,0x91,0xc3,0xcc,0xcf,0x33,0x15,0x80,0xb3,0x04,0x4d,0xe9,0x5c,0xb6,0x96,0x27,0xca,0x50,0x9c,
  0x91,0xa8,0x01,0x26,0x9a,0xbf,0x54,0x13,0x38,0x0a,0x86,0x49,0x54,0x9f,0xb9,0x91,0x0b,0xd3,0x60,0x2a,
  0xe6,0xcb,0xce,0x82,0x24,0xf6,0x5c,0x5f,0x74,0xad,0x02,0x68,0x8c,0x88,0x9e,0x7c,0x5d,0x0f,0x8e,0x8e,
  0x40,0x01,0x74,0xdb,0x30,0x56,0xc3,0x1e,0x0e,0x41,0x1a,0xcf,0x18,0xc4,0xcf,0x40,0x7c,0xec,0xd6,0xee,
  0x32,0x15,0x65,0x07,0xc4,0x4f,0x27,0x0c,0xea,0x20,0xf0,0x9c,0x45,0x83,0xa4,0xa4,0x16,0x4d,0x6c,0xcf,
  0x3b,0xd3,0xa7,0x49,0xe5,0xd5,0x05,0xbf,0xd0,0xd8,0xd0,0xc2,0x31,0x8f,0x83,0xc0,0xc9,0xd5,0x26,0x59,
  0xaa,0x2e,0x1a,0x24,0x43,0xb9,0x37,0x54,0x02,0x6f,0x46,0x20,0xdf,0xb5,0xb7,0xf0,0xaf,0x23,0xfc,0xc3,
  0x33,0x20,0xe5,0xd4,0xb3,0xe7,0x5d,0x3f,0xf0,0xc5,0x4d,0x77,0x82,0xba,0x07,0x54,0xc6,0x62,0xd4,0xaa,
  0x8d,0xac,0xda,0xa8,0x5d,0x9b,0xa6,0x92,0x02,0x65,0xda,0xf0,0x16,0x52,0x43,0x9f,0x44,0xa7,0x09,0x35,
  0x2c,0x1d,0xc0,0xed,0xb2,0x1a,0x6d,0xbd,0xc6,0x56,0x49,0x0d,0x1b,0xf5,0xcf,0xd9,0x34,0x88,0x5c,0x12,
  0x92,0x23,0xf7,0xbd,0x70,0x7a,0xae,0x8f,0x58,0x6e,0x1a,0x76,0x12,0x07,0x46,0xd3,0x68,0xf6,0x24,0x49,
  0x77,0x41,0x16,0x97,0x51,0x8c,0x3d,0x64,0xcc,0x43,0x3d,0xaf,0xe2,0x30,0xc5,0x3d,0xed,0xa6,0x94,0x84,
  0x9e,0x42,0xc8,0x91,0x27,0x00,0x38,0xf8,0xa7,0xee,0xb8,0xa1,0x60,0x89,0x05,0x74,0x26,0x13,0xbf,0x77,
  0x6c,0x4f,0x91,0x19,0x17,0x8d,0x41,0x68,0xfb,0xce,0x59,0xae,0x05,0xbe,0x23,0x99,0xb3,0x3d,0xf7,0xd8,
  0xaf,0xbb,0xb1,0x98,0x44,0x5d,0xe4,0x0b,0x90,0x7e,0x85,0x49,0x98,0xc1,0x56,0x53,0x4d,0x9d,0x31,0x91,
  0x75,0x67,0x0c,0x34,0x0c,0xb5,0xb7,0x0a,0x3c,0x5f,0xc2,0x3d,0x7e,0x10,0x02,0x6b,0x2c,0x7c,0x7b,0x96,
  0x42,0x72,0x1c,0xba,0x4e,0x0a,0x25,0xbc,0x30,0xa4,0x36,0x42,0x89,0xa9,0x13,0x60,0x5d,0x4f,0x1c,0xc5,
  0x3a,0xe6,0x90,0xfe,0xbd,0x9c,0xe0,0xc7,0x00,0x4d,0x34,0xb5,0x43,0x80,0x9d,0xfa,0x68,0xa0,0xda,0x9a,
  0x09,0x5d,0x98,0x3f,0x6b,0x37,0x2d,0xdb,0x6a,0x96,0x40,0x08,0xd2,0x80,0x54,0xa8,0x1f,0xa1,0x81,0xe1,
  0x79,0xd7,0xe3,0x60,0xda,0x45,0x02,0xf6,0xf2,0x4c,0xdc,0x23,0x41,0x92,0x52,0xdb,0x6a,0xec,0xf6,0x4a,
  0x98,0x7f,0x62,0xbb,0xbe,0xea,0x06,0x21,0x97,0x94,0x57,0xd4,0x23,0x66,0x9c,0xd8,0xef,0xeb,0x92,0x2d,
  0xb6,0x9b,0x28,0xfc,0x68,0xa8,0x41,0x9b,0xe5,0xc8,0x53,0x42,0x95,0x77,0x49,0x14,0xbb,0x47,0xf3,0xba,
  0xb4,0xa6,0x5d,0x98,0x33,0x98,0xe7,0x81,0x88,0x4f,0x40,0x92,0x98,0x9e,0xa4,0x5a,0x78,0xf4,0x41,0x00,
  0x98,0x9c,0x74,0xad,0xad,0x74,0x00,0x63,0xaa,0x4f,0xb0,0xa8,0xa4,0x78,0x02,0xfa,0x94,0x49,0x57,0x0c,
  0xbd,0x60,0x38,0xd6,0xe9,0x41,0x6c,0xaa,0x55,0xa3,0x01,0xb8,0x9a,0xc1,0xa2,0xaf,0xe6,0x31,0xc0,0xb2,
  0x22,0x0e,0x35,0x08,0xb6,0xb1,0x21,0x18,0xfe,0x38,0x89,0x96,0x59,0x73,0xb7,0x9c,0x33,0x8b,0xe0,0x39,
  0x81,0xd2,0x9a,0x3b,0xd0,0x40,0xd2,0x06,0x7f,0xe6,0x35,0x72,0xa7,0xf9,0x4b,0x9d,0x87,0xc0,0x04,0x20,
  0xb7,0xdc,0xc7,0xe9,0x03,0x37,0xdb,0xbe,0x0f,0xe8,0xcf,0xdb,0x9a,0xed,0xb4,0x8f,0x4f,0xb2,0x5f,0x39,
  0xdc,0x93,0x98,0x2e,0x0b,0x3d,0xfb,0x29,0xd5,0x32,0xf6,0x69,0xa0,0x40,0x14,0xa4,0x03,0xfe,0x01,0x0b,
  0x32,0x81,0x92,0x98,0x1c,0x2a,0x10,0xec,0xa8,0x1b,0x8a,0xa9,0xb0,0xe3,0x4a,0xbb,0x06,0x86,0x04,0xf8,
  0xa9,0xd2,0xac,0xb5,0x8e,0xc2,0x6a,0x95,0xb9,0x80,0x64,0x74,0x68,0x87,0xce,0xd9,0xea,0xc1,0x3f,0x6d,
  0x6e,0x5b,0x3a,0x0f,0x5b,0xd2,0x7e,0x31,0xde,0x9b,0x3c,0x54,0x9d,0x3c,0xb6,0x4f,0x55,0x31,0x29,0x97,
  0x92,0x8d,0x70,0x81,0xb3,0x75,0xcd,0xdd,0x2a,0xd5,0x29,0x8b,0xc6,0xcc,0xf6,0x12,0xa1,0x55,0xdc,0xda,
  0x5a,0x12,0xce,0x56,0xcf,0x13,0x31,0x8c,0x53,0x47,0x21,0x41,0xa8,0xeb,0xad,0x46,0x27,0x25,0x10,0xd3,
  0xb8,0x29,0x7b,0x32,0x1a,0x09,0x38,0xb7,0xfa,0xc0,0xcd,0x72,0xd9,0x28,0x74,0x09,0xed,0xc3,0xe0,0x24,
  0x3f,0xe5,0xf5,0x32,0x5a,0x82,0x07,0xc2,0x11,0xcd,0x3e,0x4a,0x06,0xe0,0x3f,0x87,0xee,0xb0,0x44,0x1a,
  0xac,0x82,0xe8,0x58,0x9a,0x73,0x44,0x05,0x1a,0xbf,0xf2,0x73,0x39,0x5d,0xf5,0x51,0x8c,0x28,0x0e,0x03,
  0xff,0xb8,0x20,0xae,0x79,0xf9,0x2c,0x68,0xfe,0x25,0x1b,0xd8,0x80,0xf9,0xf9,0xd6,0x19,0xf1,0x28,0xb3,
  0x26,0xce,0xd8,0x37,0x2c,0x7e,0xd3,0x5e,0x7e,0xd3,0x06,0xa4,0x09,0x18,0xae,0xbe,0x84,0xba,0x9f,0xa6,
  0xf1,0x3a,0x64,0x8f,0x12,0x6f,0x90,0x97,0x1a,0xf8,0x05,0x35,0x73,0x9d,0x31,0xbb,0x76,0x76,0x33,0x3d,
  0xd1,0x29,0x95,0xcf,0xbc,0xcb,0xa7,0x6b,0x90,0xbc,0x53,0xc1,0xc3,0x36,0xd0,0x77,0x5e,0xb6,0x7b,0xcb,
  0xb6,0x47,0xcd,0x9b,0xe5,0x44,0xb3,0xb0,0x05,0x34,0xef,0x70,0xcf,0x68,0x06,0xa3,0x15,0xe2,0x54,0x60,
  0x84,0xb4,0xba,0xb2,0x9e,0x58,0xbb,0xdb,0x02,0xe5,0x08,0xe1,0x98,0xeb,0x45,0xba,0xd6,0x6f,0x6d,0x5d,
  0xa9,0xf6,0x97,0x2d,0xdd,0xce,0xa2,0x71,0x14,0x80,0x6b,0x61,0x47,0xf1,0x27,0xe8,0xa6,0x1d,0x52,0x49,
  0xa9,0x32,0xd7,0x81,0x20,0xec,0xa9,0x2e,0x0d,0xc7,0x9d,0xe9,0x06,0x46,0x92,0x6b,0x25,0x5d,0x72,0x7a,
  0x7a,0x6b,0x49,0xd5,0xef,0xe6,0xd1,0x69,0xe5,0x86,0x1a,0xac,0x34,0x4e,0x56,0x3b,0xd3,0x0e,0x7b,0xac,
  0x1c,0x30,0x68,0xd6,0x7d,0x72,0xc5,0x36,0x16,0x11,0x61,0xa5,0xd8,0x30,0x49,0x3c,0x71,0x2c,0x4a,0x5d,
  0xae,0x22,0x2e,0xae,0x45,0x10,0xd5,0x9f,0xe1,0xa6,0x3d,0xba,0x3e,0x11,0x89,0x87,0x67,0x20,0x35,0xd6,
  0xde,0x2d,0x35,0x81,0x72,0xdc,0x50,0x59,0x49,0x90,0x52,0x50,0x69,0xae,0xa6,0x04,0x7e,0xba,0x12,0xb3,
  0x72,0xf1,0xda,0x36,0xa2,0xb0,0x97,0xc6,0xb2,0x6c,0x0e,0x57,0xea,0x24,0x06,0xa2,0xeb,0x01,0x89,0xea,
  0xc3,0x91,0xeb,0x39,0x32,0xb2,0x43,0x15,0x2b,0x5f,0xe6,0x9d,0x97,0xed,0xeb,0x39,0x2f,0xaa,0x2d,0xc5,
  0x4d,0x6f,0x31,0x57,0xd2,0x87,0xe8,0x7c,0x38,0x86,0xe0,0xfa,0x50,0x12,0x16,0xdd,0x97,0x94,0xb0,0x85,
  0xc8,0xac,0xd9,0xe3,0x48,0xa9,0x2c,0xc0,0x54,0x7d,0xa3,0x74,0x29,0x77,0x6e,0x97,0xbc,0xb9,0xf4,0x8d,
  0x01,0x51,0x46,0xc1,0x21,0xa0,0xf7,0x8e,0x6b,0x1f,0x7f,0x92,0x8d,0x4f,0xe5,0x88,0x05,0x07,0xdb,0x97,
  0x2b,0xef,0x82,0x7a,0xd6,0xf9,0x8c,0xa8,0x8d,0x41,0x33,0xd4,0x5e,0x11,0xb4,0xe4,0x94,0x56,0xb3,0xd9,
  0xb4,0xa9,0xc0,0x09,0x83,0x69,0xfd,0xc8,0xf5,0x80,0xce,0x30,0x4a,0x12,0x56,0xa0,0xa7,0x6a,0xef,0x2a,
  0x65,0x9b,0x3a,0x0b,0x88,0xd2,0xd3,0xba,0xeb,0x3b,0xa0,0x92,0xf6,0xf6,0x80,0x8f,0x03,0x84,0x88,0x9c,
  0x13,0x46,0x1a,0xe0,0xbb,0xb2,0x85,0x51,0x4d,0x0d,0x65,0xac,0xda,0xfb,0x99,0x5c,0x96,0x1c,0x3b,0xb6,
  0x59,0x84,0xd2,0xa1,0x8d,0x5c,0xfc,0xc7,0x1e,0xac,0xf6,0x76,0x7a,0x56,0x66,0xfc,0x73,0x2a,0x71,0x3b,
  0xf5,0x24,0x88,0xd3,0x0d,0xab,0x38,0x82,0x54,0xc5,0x9a,0xf6,0xd0,0x85,0x7e,0xbb,0x50,0xdb,0xb3,0x07,
  0xc2,0x2b,0xb7,0xc4,0x92,0x75,0xf6,0xf2,0x6a,0x0d,0x41,0xfe,0x8c,0x3b,0xe0,0x00,0x5a,0x63,0xdb,0x25,
  0x15,0xd3,0xc9,0xb7,0x45,0xd1,0xc0,0xd4,0x12,0x30,0xd2,0xe4,0x4c,0x51,0x96,0x74,0x82,0x2f,0xa2,0xa8,
  0xd2,0xe8,0x74,0xaa,0x8b,0xcf,0xe2,0x00,0xb5,0x7d,0x81,0x51,0xb4,0x98,0xa2,0x47,0xd1,0x0d,0x2a,0x15,
  0x0a,0xbf,0x40,0xc3,0x4e,0x38,0x10,0x43,0x16,0xfe,0xd7,0x95,0x7a,0x07,0x69,0x99,0x89,0xc6,0x1e,0x54,
  0x4c,0x95,0x03,0xc0,0x63,0x50,0x1f,0x3f,0x53,0xe6,0xc8,0xd2,0x79,0xac,0xb9,0x88,0x31,0xe5,0xa3,0x63,
  0x3e,0x8b,0x16,0x3d,0x7b,0x1a,0x89,0xae,0xfa,0x51,0x44,0x4a,0x3c,0xaa,0xc5,0x4e,0x2e,0x0e,0xe8,0x2d,
  0x05,0xa2,0xd7,0xd2,0x68,0xf1,0xe8,0x6c,0x95,0x76,0xca,0x39,0x4f,0xc3,0x10,0x20,0x39,0x43,0xa9,0x3c,
  0xf2,0x82,0x13,0x8e,0x39,0x11,0x67,0x92,0x90,0xed,0x36,0xeb,0x93,0x21,0xa6,0x4a,0xea,0x1c,0x89,0xad,
  0x10,0x5d,0x35,0x7d,0x98,0x6f,0x4e,0x8c,0x65,0xb2,0xf4,0x2a,0x71,0x5d,0x32,0xbf,0xf9,0x51,0x95,0xb6,
  0xc9,0xf0,0x35,0xf4,0xec,0xc9,0xb4,0xb2,0x43,0x62,0xdb,0x99,0x9d,0xd4,0x5a,0xbb,0x4d,0x54,0x0b,0x25,
  0xe1,0x7e,0xbe,0xa3,0x52,0xd1,0x2a,0x1a,0xcf,0x1b,0xff,0x6a,0x22,0x40,0xc9,0x55,0xb4,0x40,0xb9,0x85,
  0xaa,0xb5,0x7a,0xc6,0x39,0x17,0x59,0xd6,0xc9,0x45,0xd6,0x5b,0x18,0xb5,0xa1,0x14,0x2e,0x87,0xe0,0xf9,
  0x8a,0x84,0x53,0x8a,0xb3,0x32,0xdf,0x9b,0xf4,0x51,0x4a,0x78,0xd2,0xb2,0xc5,0x20,0xa3,0xbd,0x9d,0x25,
  0x52,0x0a,0x39,0xd6,0xc5,0x12,0xbc,0x3b,0xbb,0x1a,0xb8,0x29,0xc9,0x30,0xd6,0x75,0x87,0xd2,0x58,0x13,
  0xb1,0x73,0xbc,0x96,0xcb,0x03,0x5d,0xdb,0x78,0x12,0x44,0x35,0x3d,0x8b,0xa1,0x67,0xca,0x72,0xd9,0x16,
  0x32,0xee,0x79,0x6e,0x43,0x14,0x6c,0xe5,0x73,0x2f,0x27,0x23,0x60,0x0d,0x0a,0x72,0x04,0x74,0x71,0x12,
  0xda,0xd3,0x0c,0xcc,0x66,0x09,0x92,0x01,0x54,0xdd,0xec,0x2b,0xdc,0xae,0x33,0x69,0x56,0x21,0x6c,0x5d,
  0x19,0x2d,0x58,0x9a,0xe7,0xb9,0xb6,0xc7,0x2d,0xea,0xa8,0x90,0xf9,0xdb,0x2a,0xa5,0xcd,0xd6,0x0e,0xd1,
  0x66,0x1d,0x98,0xd0,0x97,0x0c,0x6d,0x6a,0xab,0x20,0x6b,0xa9,0xd4,0x48,0x3e,0x6c,0x94,0xd6,0x7d,0x65,
  0xb7,0x06,0x75,0xbd,0xcc,0x6e,0x32,0x05,0xa4,0xfb,0x56,0x94,0xd2,0x03,0x96,0x09,0xe3,0x74,0x12,0xd3,
  0x50,0x1c,0x89,0x30,0xaa,0x87,0xc2,0x49,0x86,0xc2,0xa9,0x4f,0x02,0xe2,0x2b,0x7e,0xac,0x9e,0x7d,0x7e,
  0xc6,0x1a,0x05,0x5c,0xb5,0x91,0x3d,0x73,0x41,0xcc,0x90,0xc6,0x8b,0x4c,0x9e,0xd2,0xa0,0x7d,0x67,0x17,
  0xf8,0xa9,0x6a,0x60,0x16,0xaf,0xa2,0xa7,0xa2,0x99,0x6d,0x89,0xb8,0x3a,0x78,0x86,0x96,0x45,0x2a,0xba,
  0x34,0xab,0xf2,0x4b,0x1c,0x98,0x71,0x6a,0xa5,0xd0,0xc4,0xd2,0x3d,0x45,0x62,0x29,0x32,0x67,0x53,0xfb,
  0x58,0xd4,0x91,0x3d,0x71,0x6d,0xe9,0x4c,0x82,0x34,0xb4,0xbd,0x61,0x05,0xa4,0xdf,0x99,0x8d,0x8c,0xba,
  0xd1,0xea,0x6c,0xa1,0x9a,0xd1,0x40,0x26,0xd7,0xa1,0xe0,0x40,0x41,0x68,0x19,0x75,0x25,0x87,0xb5,0xb6,
  0x49,0x47,0x35,0x90,0x3d,0x8c,0xb4,0xcc,0xa2,0xb2,0x66,0x47,0x2f,0x6c,0x02,0xc4,0xb5,0xc6,0x4e,0x27,
  0x75,0xb6,0xac,0x25,0xa0,0x8c,0x02,0xe5,0xb6,0x54,0xa6,0x48,0x77,0x1a,0x4b,0xdb,0xe4,0xc2,0x3e,0x85,
  0x88,0xdd,0x92,0x01,0x96,0xd4,0x4e,0x96,0xd2,0xeb,0x92,0xab,0xb1,0xd4,0x42,0xcb,0x1b,0xe8,0x46,0xbf,
  0x98,0x21,0x28,0x1b,0x6c,0x39,0x19,0x50,0xc8,0x8a,0x6b,0x1d,0x6e,0x95,0xb4,0x57,0x61,0x6a,0x61,0xdc,
  0xa5,0x7a,0x2a,0x10,0xcd,0x69,0xa6,0x25,0x60,0x48,0xd0,0xd6,0xf8,0xc5,0x44,0x56,0x4a,0xac,0xe7,0xb4,
  0x47,0x1a,0x17,0x2f,0xf5,0x98,0xaa,0x8e,0x54,0x51,0xe9,0xf2,0x05,0x33,0x16,0xf1,0x70,0xb4,0xb2,0x15,
  0xc5,0xa5,0xd7,0x48,0xb2,0x17,0xa3,0xa5,0x82,0x07,0xbc,0xcb,0x51,0xea,0xea,0x61,0xf4,0x34,0xba,0x1e,
  0x85,0x32,0xb5,0x17,0x37,0x1a,0x2c,0x5d,0x72,0x31,0xae,0x2c,0x39,0x54,0x9e,0x62,0x5b,0x34,0x70,0x25,
  0xd6,0xb1,0xe7,0x75,0xfc,0xbb,0x64,0xbb,0x71,0xa8,0x9a,0xd5,0xd8,0x05,0xe3,0xdd,0xde,0x45,0xa1,0x2a,
  0x24,0xd0,0x76,0xcb,0xd2,0xf9,0xb9,0xf4,0x59,0x6a,0x4a,0xea,0x68,0x24,0xba,0xb6,0x3f,0x3f,0x19,0x89,
  0x50,0x64,0xe3,0x92,0x6b,0x5b,0xca,0x58,0x52,0x79,0xd6,0x63,0xd0,0x95,0xa9,0x79,0xb4,0x07,0x60,0xe0,
  0xc0,0x23,0xe8,0x21,0x1f,0xa1,0xcb,0x7e,0x45,0x88,0x47,0x58,0x55,0x08,0xad,0x2b,0x7c,0xd6,0xfd,0x20,
  0xd6,0x67,0xdb,0x6a,0xe5,0xdd,0x38,0x32,0xaf,0x25,0x2e,0x86,0x34,0xd9,0x45,0x6c,0x67,0x3e,0x42,0xfe,
  0x85,0xb2,0x96,0xba,0x2a,0xda,0x2a,0xe8,0xb5,0xcc,0x78,0x31,0x2a,0x28,0x5d,0xb8,0x42,0xc5,0xaf,0xe4,
  0xdd,0xeb,0x98,0xbd,0xd5,0x46,0xae,0x30,0x9b,0x52,0x0e,0x06,0x73,0x02,0xc3,0x82,0x3b,0xbc,0x04,0x9a,
  0xf0,0xb3,0xd5,0x99,0x15,0xf3,0x2f,0xb8,0xd0,0x9a,0x25,0x48,0x7d,0x37,0x04,0x05,0xf8,0xf8,0x86,0xb4,
  0x06,0x2b,0x97,0x02,0x3f,0xd1,0x4c,0xc9,0xe2,0xcc,0x5d,0xde,0x69,0x96,0x58,0x2f,0xe4,0x54,0xab,0xb9,
  0xd2,0x7a,0x35,0x57,0x58,0xaf,0xad,0xd5,0xd6,0x4b,0x0f,0x2c,0xf7,0x94,0x3f,0x74,0x2d,0xe3,0xd5,0x2e,
  0x1a,0xaf,0xe6,0x3a,0xc3,0xd5,0x21,0xc3,0xa5,0x5b,0xa8,0xce,0x76,0xb1,0x04,0x81,0xc9,0xd9,0xac,0xe6,
  0x95,0x36,0xab,0x59,0x0e,0xf2,0x1a,0x33,0xb5,0x7d,0x0d,0x33,0x65,0x65,0x31,0x27,0x5a,0xfe,0x12,0x33,
  0xb5,0x42,0x19,0xe9,0x0d,0x77,0x3f,0xc1,0xbe,0xed,0x16,0xcc,0x1b,0x5a,0x2b,0xc2,0xc0,0xf6,0xa7,0xda,
  0xb9,0x4e,0xde,0xce,0xb5,0x4b,0xed,0x9c,0x37,0x90,0x51,0xc7,0x96,0x96,0x64,0xdb,0xca,0xe7,0x1a,0xad,
  0xce,0xf5,0x4c,0x64,0xa9,0x25,0x66,0x2f,0xd3,0x9e,0x96,0x62,0x3b,0x67,0x92,0x14,0x25,0xb7,0xf2,0x51,
  0x7d,0xeb,0xba,0x36,0xa6,0xb5,0x97,0x61,0x7c,0x8b,0x31,0xbe,0x42,0x89,0x6a,0x32,0xbc,0x5b,0x58,0x06,
  0x5e,0x67,0x6e,0x4b,0x52,0x2c,0x1c,0x26,0xdd,0x40,0x35,0x6c,0x87,0xc2,0xce,0xed,0x40,0xf9,0x97,0xdd,
  0x51,0x92,0xdb,0x75,0xa1,0xe5,0x04,0x42,0x41,0x80,0x01,0xf0,0xb8,0x1b,0xc7,0x2b,0x58,0xbf,0xce,0x42,
  0x81,0xfa,0x49,0xbb,0x2d,0x16,0x8d,0x38,0x08,0xbc,0xfa,0xea,0x6c,0x0e,0x7b,0xd3,0x4d,0xa3,0xd5,0xbc,
  0x5e,0x02,0x33,0x76,0x27,0x30,0x1f,0xd9,0xd3,0x92,0x09,0xa7,0xac,0x59,0xbb,0xd1,0x06,0x13,0xbe,0xb5,
  0x9b,0x86,0xdf,0xd0,0xa1,0x6b,0xc3,0x5f,0x3f,0x81,0xb6,0xee,0xb0,0x1b,0xdb,0xc0,0xbe,0x76,0x88,0xcf,
  0xd1,0x3a,0x9b,0xce,0xfe,0x86,0x1c,0x92,0x32,0xa6,0x2b,0xd6,0x1f,0xf2,0x75,0x64,0xee,0x8a,0xd7,0x1c,
  0xf4,0x75,0xc1,0xeb,0x64,0xb5,0x73,0x1d,0xf1,0x1e,0x98,0xe2,0x02,0x31,0x57,0x81,0xc8,0x27,0x12,0x65,
  0x00,0x15,0xa4,0x97,0x62,0x0b,0xb2,0x5d,0xe4,0x93,0xe0,0x3f,0x85,0x2e,0xf2,0x8b,0x24,0xbd,0x92,0x68,
  0xb7,0xb0,0x16,0xa2,0x39,0x72,0xaa,0x2b,0xea,0x69,0x45,0x6e,0x8f,0xab,0xd9,0xd1,0x18,0x85,0x69,0x72,
  0xf5,0x0a,0x4e,0x2b,0xdf,0x40,0x61,0x41,0xc3,0xa3,0x5a,0xce,0xa1,0x3a,0x9e,0x0b,0x3e,0x01,0xfe,0x53,
  0xa7,0xad,0x71,0xbc,0x1d,0x42,0x81,0xd8,0x4c,0x89,0x49,0x82,0xad,0xe7,0x92,0x2c,0xb4,0xc2,0xf9,0xe0,
  0x5f,0xeb,0xd1,0xf0,0xdc,0x12,0x48,0xad,0xf2,0xa5,0xdb,0x6b,0x25,0x26,0x72,0xfe,0x6f,0x33,0x37,0x54,
  0x4e,0x3a,0xae,0x1c,0xad,0x84,0xb1,0x56,0xf9,0x9d,0xd9,0x18,0xfa,0x76,0xaa,0xf5,0x19,0x7e,0x76,0xc1,
  0x46,0xa1,0xeb,0x8f,0xd7,0xe7,0xfb,0xb3,0xce,0x1b,0x0e,0xe0,0xdc,0x40,0x8d,0xcd,0xcb,0x56,0x8e,0x18,
  0x06,0x21,0x6d,0x8e,0xeb,0x92,0x16,0x89,0x47,0xa0,0xba,0x8e,0x47,0xa5,0xeb,0xfb,0x59,0x2f,0x9a,0xff,
  0x28,0x57,0x26,0x9b,0x45,0x66,0x8b,0xc2,0x7a,0xe0,0x7b,0xf3,0x12,0x0f,0x59,0xb2,0x5e,0x36,0xb1,0x96,
  0x4e,0x5c,0xde,0x32,0xd5,0x1b,0x7a,0xee,0xb4,0x8b,0xae,0x1e,0x04,0x4a,0xf4,0x1f,0xa6,0x75,0x89,0x7f,
  0x6d,0xd0,0x07,0x93,0xb3,0x34,0x67,0x68,0x2d,0xa5,0xfe,0x9d,0x5c,0x4d,0x43,0xcf,0xda,0x2f,0xa7,0x0a,
  0x73,0x55,0x41,0xed,0xaf,0xda,0x06,0xc4,0xf1,0x2c,0xca,0xfd,0xaa,0xfc,0x5e,0xe6,0xe9,0xe9,0xfe,0xdf,
  0x19,0x1b,0x9a,0x11,0xee,0x15,0x5d,0x0e,0xc0,0x57,0x88,0xb7,0xaa,0xb2,0xbd,0x42,0xcd,0xe4,0xfd,0xf4,
  0x55,0x7a,0x96,0xa0,0x5d,0x99,0xde,0x6b,0x8c,0x5d,0x08,0x20,0x05,0xc8,0x31,0x36,0x2f,0xcd,0x5e,0x65,
  0x8a,0xa0,0xa0,0x94,0x56,0xbb,0xec,0x57,0x74,0xda,0x5a,0x9d,0xcf,0xc9,0x21,0x6a,0x75,0x37,0x6d,0xf6,
  0x3a,0xc1,0xd9,0xec,0xb6,0x8c,0x4d,0x43,0x82,0x9a,0xb5,0x3d,0xb0,0xd1,0x26,0xa2,0x6e,0x89,0x47,0xbc,
  0x1c,0x57,0xd9,0xaa,0xe6,0x7a,0x68,0x65,0x3d,0x5c,0xd1,0xb0,0x93,0x6f,0x68,0x95,0x37,0x34,0x52,0xc7,
  0x40,0xb1,0x33,0xa5,0x6c,0x35,0x41,0xdd,0xcb,0x1c,0x0e,0x9e,0xde,0x4a,0xc4,0x96,0x56,0x5a,0x5e,0x8e,
  0x59,0xae,0x47,0x9a,0x55,0xd3,0x98,0xe4,0x80,0x2f,0x8a,0xbc,0x57,0xea,0x21,0x6b,0xfe,0x34,0xd7,0x2c,
  0x5b,0x79,0x6f,0xea,0xac,0x54,0x1e,0xe2,0x2c,0xc5,0x32,0xab,0x39,0xbf,0x38,0xa2,0xee,0xa2,0x6a,0x0a,
  0x6f,0x6b,0x6b,0xa9,0xde,0xba,0x94,0x8d,0x44,0x47,0x4e,0x1a,0x94,0x49,0x69,0x6a,0xde,0xb9,0x5e,0x4f,
  0x99,0xe6,0x52,0x0f,0xb7,0x9c,0xba,0xcd,0xa5,0x11,0x33,0xb7,0x29,0x37,0x9c,0xb1,0xbd,0x92,0xec,0xc5,
  0x5c,0x57,0xde,0x77,0x5e,0x43,0xd7,0xbd,0xce,0x0a,0x62,0x95,0x3a,0xd3,0xfa,0x4c,0xd9,0xec,0xaf,0x8a,
  0xf8,0x77,0x4b,0xdb,0x14,0xd4,0x52,0xa1,0xf1,0xe2,0xe7,0x0a,0x7a,0xb3,0x81,0xd7,0xc6,0x9e,0x6b,0xc2,
  0xcd,0x5d,0x0a,0x25,0x77,0xf5,0x94,0xa8,0xb5,0x25,0x73,0xa7,0x58,0xb8,0x24,0x09,0x67,0x25,0x49,0xcf,
  0xd5,0xb2,0xc9,0xbe,0xd5,0x75,0xa4,0x33,0xbf,0x30,0xd2,0xbc,0x0e,0x49,0xb7,0x9b,0xda,0xd6,0xae,0xa6,
  0xcc,0x9b,0xed,0x6f,0xf2,0xe1,0x81,0xfd,0x4d,0x3e,0x08,0x81,0x4b,0x9e,0x07,0x37,0xf6,0x69,0xa1,0xe4,
  0x60,0x1f,0x22,0x29,0x03,0xbc,0xe8,0x28,0xea,0x6f,0xd0,0x0a,0xca,0x06,0x54,0x38,0xf8,0xcb,0x1f,0xfe,
  0xed,0xfe,0xe6,0xe0,0x60,0x1f,0x55,0x22,0x9d,0x4d,0xd8,0x1f,0x84,0x07,0xe9,0xf1,0x04,0xe8,0x10,0xcb,
  0xf7,0x37,0xa1,0xed,0xc1,0x3e,0xae,0x98,0xa0,0xa7,0xcd,0x6c,0xdb,0xdf,0x78,0xe4,0xd9,0x33,0xff,0xe2,
  0x7b,0x03,0xca,0xdd,0x63,0xf0,0x26,0xb1,0x43,0x9a,0x96,0xe1,0xd8,0xb1,0x5d,0xc7,0x29,0xf4,0x37,0x54,
  0xb0,0xb4,0xa1,0xc6,0xe6,0xad,0xaa,0x1b,0x38,0xb2,0x71,0xcb,0x1f,0x44,0xd3,0x9e,0xf1,0xfc,0xf2,0x4f,
  0x62,0xe4,0x09,0x07,0x20,0xa1,0xf6,0x65,0xfd,0x20,0x2e,0xa0,0xd1,0x1f,0xff,0x97,0x6a,0xf4,0x20,0x98,
  0x5c,0x7c,0x18,0xfa,0x41,0x14,0xaf,0x6b,0x26,0x7c,0x11,0x1e,0xcf,0x37,0x0e,0xfe,0xf9,0x6f,0x55,0xbb,
  0x87,0x58,0xe2,0x8a,0xb5,0x63,0xc1,0xec,0x83,0x10,0x5a,0xfd,0xe5,0x3f,0xff,0xbd,0x6a,0xf6,0x88,0xca,
  0xd6,0xb7,0x53,0xdb,0x20,0xa0,0xe1,0x7f,0xfd,0x93,0x6a,0xf8,0x14,0xe2,0x43,0x7b,0x26,0x00,0x51,0x59,
  0xd3,0x4d,0x40,0x59,0x8e,0x20,0xd9,0x5a,0xd6,0x06,0xd3,0x42,0xbd,0xc0,0xcc,0x11,0x74,0xf7,0x5f,0xfe,
  0x83,0xf1,0xd5,0xb3,0x5f,0x5f,0xfc,0xcd,0x57,0x4f,0x2f,0xbe,0x31,0x5e,0x3c,0xbc,0xfc,0xe1,0xf1,0x13,
  0x45,0x1b,0xa0,0xd7,0xd7,0x62,0x60,0x80,0xc7,0x34,0x9e,0xc7,0xc9,0x3b,0x21,0xcf,0x93,0x40,0x31,0x77,
  0xe4,0x3a,0xaa,0x7b,0x77,0x0a,0x3d,0xfd,0xee,0x3f,0xe5,0x89,0xba,0xc9,0xdc,0x71,0x63,0x1f,0x93,0x48,
  0x7c,0x82,0x46,0x84,0x04,0x1b,0x3c,0xb4,0xa8,0x35,0xf1,0x22,0x19,0x81,0x8d,0x03,0x45,0x2a,0xc3,0x49,
  0xd1,0xef,0x02,0xbb,0xb5,0x0e,0xf6,0xa7,0x59,0xdd,0x28,0x19,0xc8,0xea,0xaf,0x2f,0x3e,0x5c,0x7e,0xc0,
  0xba,0xc1,0x0c,0xd8,0xc4,0x78,0x27,0x1c,0x3f,0x98,0x18,0x93,0x8b,0xef,0xa3,0xf8,0xe3,0xb7,0xfb,0x9b,
  0x53,0x05,0x85,0x86,0x8a,0x7c,0xd2,0x2d,0xe3,0x29,0xec,0x3d,0x8d,0xda,0x79,0x85,0x35,0xb2,0xf1,0x10,
  0x8e,0x41,0x63,0xf5,0x37,0xde,0xd8,0x53,0x1f,0x82,0x55,0x63,0x14,0x80,0x1c,0x05,0xb3,0x8b,0x1f,0xc0,
  0xce,0x07,0x97,0x7f,0x72,0x3f,0x7e,0x83,0x08,0xfc,0x9f,0x29,0x21,0xf1,0xf5,0x3c,0xa3,0x85,0x36,0x34,
  0x65,0x68,0x37,0x34,0xbc,0xc9,0x02,0x0d,0x69,0xb4,0xdf,0x97,0xde,0x01,0xdd,0x85,0x7a,0x85,0x85,0x29,
  0x42,0xf9,0x5f,0x0d,0x91,0xdc,0x55,0xe0,0xfb,0x9c,0x83,0x4c,0x25,0x81,0x93,0x6d,0x06,0xef,0x07,0x2e,
  0xd0,0xdd,0x21,0x4e,0x50,0x83,0xa6,0xf0,0xa4,0x9d,0x50,0xda,0x80,0xc8,0xe1,0x4e,0x83,0x77,0xc9,0x3b,
  0x97,0xc9,0xfe,0x97,0xdf,0xfd,0xbf,0x39,0xf2,0xde,0xd8,0x8f,0xb8,0x7e,0x46,0x9c,0x25,0x81,0x44,0x0d,
  0xb9,0x81,0x6a,0x82,0x5d,0x99,0x14,0x19,0xa0,0xf0,0x36,0xf2,0xe8,0x49,0x9d,0x81,0x02,0xb0,0xb8,0x8b,
  0x75,0x83,0x55,0x09,0x8f,0x3d,0xb2,0x0e,0x7e,0x33,0xf3,0xdd,0xf8,0xf2,0x4f,0x80,0x08,0xab,0x84,0xc8,
  0x94,0x4c,0x53,0xbd,0x90,0x04,0x1d,0xb9,0xc2,0x03,0x10,0xc1,0x3f,0x0f,0x82,0x90,0x14,0xb6,0x8e,0x77,
  0x23,0x37,0x1e,0x6e,0x5e,0xdd,0x38,0xf8,0xa7,0x7f,0xb8,0x9f,0x67,0x65,0x26,0xc3,0x2b,0x31,0xf5,0x82,
  0xd8,0x36,0x66,0x79,0x16,0x95,0x34,0xd2,0x60,0xc8,0x52,0x64,0x1b,0x92,0xdf,0xb9,0xce,0x6b,0x6f,0x34,
  0x26,0xad,0x22,0x9b,0x70,0xfe,0x6c,0x35,0xac,0xa3,0x64,0x92,0x03,0xf5,0x97,0xa8,0x86,0xb9,0x49,0x3a,
  0x6f,0xd5,0xf7,0x13,0xd7,0x6f,0x80,0x03,0x0a,0x8a,0xbc,0x51,0xe8,0xbf,0xac,0x67,0xd0,0xd2,0xc7,0x29,
  0x8f,0xe5,0xba,0x54,0xb2,0xcb,0x24,0xfb,0x39,0x88,0xf7,0xa7,0xff,0xa1,0x11,0xef,0xb5,0xf0,0xc7,0xc9,
  0xa7,0x92,0x0e,0x64,0xef,0xaf,0xa5,0x1d,0x8e,0x1b,0x90,0x4d,0x79,0xf0,0xe8,0x95,0x65,0xfd,0x8b,0x50,
  0x4d,0x81,0xf9,0x2f,0x40,0x36,0xd5,0xf5,0x5f,0x47,0x37,0x43,0x5f,0x4c,0xfa,0x34,0x22,0xfe,0xb7,0xff,
  0x5f,0x23,0xe2,0x03,0x5f,0x5c,0x7e,0x40,0x5c,0x46,0xb3,0x8b,0x0f,0xb1,0x18,0x17,0xe9,0x89,0x1a,0x41,
  0x4f,0x51,0xa7,0x0a,0x21,0x57,0xc8,0xb3,0xd0,0x70,0x01,0xdd,0x46,0x46,0x04,0xa6,0x5f,0xef,0xf9,0xfa,
  0x74,0x7a,0x73,0xf1,0x7d,0x1c,0xda,0x45,0x2c,0xea,0xb0,0x40,0x78,0x11,0x84,0xe0,0xa8,0xfd,0x74,0x04,
  0xd2,0x3e,0x86,0x4f,0xc3,0xdc,0x1f,0xff,0x97,0x86,0xb9,0x67,0xd1,0xec,0xe3,0xb7,0x50,0x15,0x91,0x97,
  0xb7,0x73,0x65,0x02,0x91,0x6e,0xee,0x56,0x13,0x1d,0xb5,0xf3,0xaf,0xe4,0xb0,0x2f,0xa9,0xd3,0x00,0x2c,
  0xb5,0x63,0xc0,0x9c,0x92,0x41,0x80,0x22,0xd6,0x46,0xcb,0xa9,0x33,0x11,0xb5,0x69,0xd5,0xa5,0x55,0x50,
  0x3d,0x51,0x36,0x45,0x62,0xa4,0xcc,0x6a,0x62,0x30,0xb4,0xc1,0xfd,0xe0,0xcf,0xfe,0x46,0x4b,0x4e,0x4a,
  0xc3,0x5a,0xae,0x3a,0xc5,0x44,0x05,0x8f,0x8d,0x86,0xc6,0xa6,0xfc,0x18,0xf8,0xfd,0x8d,0x38,0x04,0x61,
  0x37,0xd4,0xa1,0xc2,0x03,0x69,0x63,0xcb,0x9d,0xa0,0x92,0xe6,0x47,0xb6,0x17,0xe9,0xed,0x5f,0xcf,0x0b,
  0xed,0x19,0xb2,0x69,0x6a,0xf6,0x38,0x30,0xd9,0x38,0x78,0x21,0xbc,0x8b,0xef,0x8c,0x16,0x9e,0x8f,0xfd,
  0xd5,0xf3,0xc7,0xcf,0xac,0x6d,0xfc,0x35,0x0d,0xe2,0x59,0x78,0x1a,0xcc,0x6c,0x1f,0x8c,0xfb,0x14,0x0c,
  0x99,0xa7,0x0e,0xcf,0x4e,0x7f,0x5e,0x65,0xf8,0xc7,0xbf,0xd1,0xb8,0xe1,0x79,0xf0,0xf1,0x1b,0x3b,0x02,
  0x56,0x00,0x08,0x9e,0x8a,0xd1,0xcc,0x3d,0x75,0xe6,0xd7,0xd1,0x8d,0xc8,0xd3,0x27,0xc2,0x8e,0x47,0xe2,
  0x27,0xea,0xc4,0x69,0xa1,0x8b,0xf7,0x71,0x91,0x1d,0x9e,0xda,0x1f,0xbf,0x01,0x79,0xba,0xf8,0x30,0x31,
  0xa6,0xe0,0x98,0x39,0x80,0x93,0x8f,0xdf,0x7e,0xfc,0x0f,0xe4,0x05,0x4c,0xaf,0xa7,0x36,0x51,0x1c,0xcb,
  0xa4,0x51,0x0d,0x7b,0xe2,0xfa,0x4e,0xa9,0x24,0x5e,0xa9,0x7b,0x73,0xdd,0x68,0xda,0xb6,0x44,0x9e,0x97,
  0xe8,0x9f,0x6b,0x8b,0x2b,0x33,0x1b,0x07,0x8f,0x31,0xf3,0xe6,0x8b,0x18,0x3c,0xbb,0x0f,0xb9,0xd9,0x1a,
  0xcf,0xa6,0xc2,0xaf,0x3f,0x11,0xb1,0x08,0xae,0xc1,0x08,0xa4,0x1c,0xda,0x46,0x6e,0xe5,0x26,0xcf,0x1c,
  0x2c,0xc9,0x48,0x78,0x7d,0x10,0xf0,0x5e,0x77,0x0c,0xc7,0x2f,0x63,0x83,0xcc,0x27,0x2c,0x5f,0x55,0x5a,
  0x4f,0xa7,0x9c,0xf3,0xa8,0xf4,0xf2,0x52,0x47,0x29,0xe5,0xd3,0x82,0x12,0x5d,0xb8,0x29,0x9d,0xbd,0x32,
  0xb7,0x8f,0xe2,0xa7,0x9c,0xcb,0x67,0x70,0xd2,0xf4,0xe0,0x67,0x10,0x17,0x5d,0x79,0x96,0xab,0xb9,0xab,
  0x14,0xe7,0x3a,0x1d,0x98,0x6a,0xbd,0xff,0x8b,0xf5,0x9d,0x54,0x72,0x9b,0xc6,0xe3,0xa7,0xa4,0xf4,0xee,
  0xde,0x7f,0xf5,0xf8,0xf5,0x43,0x08,0xfa,0xbe,0xce,0xf3,0xf4,0x5f,0x4d,0xac,0x7f,0xfe,0x5b,0xdd,0xcf,
  0x0b,0x3c,0x1f,0xd4,0x6c,0x88,0xca,0xf6,0xa7,0x11,0xc9,0xfa,0x24,0x22,0x59,0x3c,0xfe,0x4f,0xa0,0x91,
  0xf5,0xd7,0xd1,0xc8,0xfa,0xb9,0x68,0xd4,0x6e,0x13,0x8d,0x2c,0xa4,0x51,0x28,0x4e,0x41,0x4a,0x51,0x25,
  0x40,0xb0,0x19,0xc5,0xc9,0xf4,0x6a,0x52,0x19,0xb9,0x1c,0x35,0xab,0x99,0x8f,0x7f,0xb0,0x23,0xb0,0x69,
  0x1f,0xbf,0x41,0x1d,0x33,0xb3,0x41,0x3f,0x50,0xae,0x00,0xa9,0xa1,0xd4,0x41,0x2e,0x3d,0x99,0x4a,0x71,
  0xa1,0x34,0x0c,0x30,0x0a,0x96,0x1d,0x37,0x9b,0xdd,0x56,0xb3,0xdb,0x6c,0x2e,0xa3,0x59,0x5f,0x19,0x00,
  0x00,0x28,0x97,0x83,0x0e,0x6e,0x12,0xcf,0xf7,0xa9,0x54,0x1b,0x71,0x82,0xc5,0x02,0xd4,0x31,0x1d,0x24,
  0xd9,0xf0,0x13,0x5c,0xdb,0xd8,0xc0,0x64,0x59,0x7f,0xa3,0xb9,0x81,0xfe,0x30,0xb0,0xff,0xd6,0x16,0xfc,
  0x24,0xcb,0x07,0x0f,0xf0,0x93,0x3a,0x99,0x04,0x0e,0x37,0xc0,0x05,0x59,0xd4,0x55,0x3c,0x8e,0x1c,0xee,
  0xa5,0x18,0x27,0xbe,0xb3,0x3c,0x1e,0x68,0xad,0xc0,0x77,0xd6,0x8f,0xd7,0xd9,0x4b,0x47,0xbb,0x6a,0xb0,
  0x15,0x73,0x97,0x09,0xca,0x02,0xa3,0xc9,0xb9,0xc2,0x00,0x1b,0x07,0x1d,0x1c,0xb2,0x9c,0xa1,0xd2,0x6a,
  0x30,0xd5,0x83,0x56,0xf3,0x3a,0x15,0xa1,0xc3,0xd6,0x75,0x7a,0x6c,0x43,0x8f,0xed,0x42,0x8f,0x57,0x4b,
  0x89,0x86,0x3d,0xdc,0x56,0xa5,0xe5,0xd9,0x70,0xb1,0x0a,0xdc,0xce,0x29,0xee,0xd6,0x5b,0x16,0x8f,0xac,
  0xdd,0xd4,0x4e,0x72,0x02,0xf1,0x3c,0x38,0xa5,0x9c,0x95,0xbb,0x24,0x13,0x4b,0x4d,0x09,0x93,0x05,0x86,
  0xe4,0xb2,0x83,0x37,0x61,0x72,0xf9,0x41,0xef,0x62,0x9a,0x07,0x55,0xf7,0x6e,0x53,0xb3,0xcf,0x3c,0xac,
  0x54,0x0a,0xa7,0xce,0x62,0x01,0x4e,0xf8,0x20,0x49,0x45,0xa3,0x71,0x2d,0x8d,0x48,0x8e,0xdb,0xa9,0x0f,
  0x26,0x77,0x3c,0x37,0x40,0xae,0x4e,0xc7,0xf6,0x29,0x0b,0x15,0x31,0x47,0x0a,0x72,0x9a,0x86,0xdf,0x40,
  0x9f,0x00,0xf3,0x8c,0x80,0x0c,0x32,0xdb,0x00,0xc0,0xfd,0xc0,0x78,0x27,0xd0,0xed,0x84,0x91,0x07,0x36,
  0xc6,0x02,0xd0,0xd3,0xc7,0x6f,0x1d,0xb0,0x70,0x77,0x52,0x2e,0x53,0xb9,0x7e,0x9a,0x9e,0xde,0xdc,0xc0,
  0x6c,0x73,0x7f,0x63,0x87,0x18,0x17,0xa2,0x89,0xe3,0x78,0xd4,0xdf,0xd8,0x6e,0x36,0x81,0x6d,0xe9,0x40,
  0xc2,0x28,0xf0,0x1c,0x01,0x43,0x3e,0xb5,0xc1,0x29,0xb8,0xf8,0x7e,0xec,0xd9,0x4e,0xd7,0x78,0x2d,0x3e,
  0x7e,0x23,0x60,0x38,0x1c,0x78,0x66,0x00,0x39,0x7c,0x77,0xe8,0x36,0xc0,0xe3,0x38,0xb5,0xa7,0x60,0xc2,
  0x29,0xc3,0x35,0x0e,0x92,0xa9,0x1b,0x1b,0x13,0xd0,0xda,0xe3,0x00,0x9c,0x08,0x64,0x79,0x05,0x85,0xc2,
  0x33,0x81,0x70,0x4d,0x3c,0xff,0x66,0xec,0x5d,0x7c,0x70,0xc0,0xad,0x8a,0x04,0x5d,0xe3,0x30,0xc1,0x4d,
  0xfb,0x80,0xb6,0x99,0x01,0xbf,0xe3,0xc0,0xa0,0xe3,0x25,0x71,0x72,0x0d,0xc4,0x97,0x85,0x5e,0xa9,0x3f,
  0x75,0xf1,0x5f,0xc7,0x81,0xb7,0xe4,0x33,0x51,0x7a,0x7b,0x18,0x24,0xc8,0xab,0x4d,0xe3,0x74,0x70,0xf1,
  0x03,0x38,0x78,0x05,0xb7,0x88,0xb7,0x09,0xa8,0xca,0xf8,0x94,0xf1,0x5c,0x5a,0x52,0xa0,0xac,0x5c,0x4a,
  0x96,0x64,0xa5,0x6a,0x9c,0x33,0x7b,0x4a,0xb9,0xc1,0x8b,0x7f,0x04,0x60,0x52,0x1a,0x6a,0x8a,0x28,0xad,
  0xa8,0x53,0xcd,0x5a,0x22,0x1a,0x66,0xde,0x40,0x7c,0x0d,0x3f,0xeb,0x0d,0x29,0x01,0x46,0xe1,0xdf,0x24,
  0x6e,0x28,0x9c,0x54,0x58,0x0a,0xe2,0x28,0xdb,0x69,0x92,0x85,0xc0,0x1f,0xec,0x27,0x1a,0x36,0x30,0xd9,
  0x9f,0x9f,0x20,0x95,0x40,0xdd,0xc4,0x4b,0xe5,0x08,0x8b,0x21,0xaa,0x88,0xe7,0x4b,0xd4,0x05,0x8b,0x18,
  0x5f,0x7c,0x3f,0x31,0x2e,0x7f,0x04,0xaa,0xa2,0x7d,0x27,0xe8,0xe6,0x0d,0x83,0xc6,0x16,0xef,0x40,0xa0,
  0xa6,0x64,0xb7,0x98,0xa0,0x59,0x7f,0xd7,0xe5,0x17,0x26,0xa4,0x71,0x7a,0xf9,0xe7,0x08,0x7c,0xda,0x99,
  0xfd,0x0e,0x4c,0x60,0xe2,0x05,0x97,0x3f,0x0a,0x1c,0xed,0x0a,0xae,0x41,0xce,0x50,0x9e,0xa7,0xb2,0x6f,
  0x4b,0x4e,0xed,0x34,0x57,0x2c,0xbd,0x68,0x2d,0xf2,0x5d,0xe7,0xe9,0xca,0x94,0xff,0xa7,0xf8,0xba,0xc0,
  0x91,0x77,0xc7,0x71,0x72,0xf1,0xc1,0x93,0xd6,0x7c,0x1c,0xf8,0x99,0x05,0xbe,0x2a,0xf1,0x15,0x05,0xb8,
  0xd9,0x68,0x1a,0x9c,0xa0,0xe1,0x5d,0x1f,0xe3,0x7d,0x5d,0x96,0xf5,0x7a,0xfc,0xf4,0xae,0xd5,0xda,0xcb,
  0x58,0xfe,0x6a,0xcd,0x26,0xd7,0x30,0x20,0x1e,0x11,0xd1,0xa7,0xc2,0x19,0x07,0x8e,0x3d,0xbf,0x12,0xce,
  0x51,0x09,0xa0,0x84,0x62,0xc6,0xae,0xa4,0x48,0x2e,0xfb,0x7d,0x35,0xd8,0x2f,0x41,0x9d,0x51,0xf4,0xfe,
  0xc1,0x10,0x72,0x06,0x43,0xe1,0x8d,0xc5,0xe4,0xd3,0xe7,0x10,0xdb,0xde,0x4f,0x9a,0xc3,0xc1,0xcb,0x20,
  0x01,0x05,0x1b,0x1b,0xd1,0x18,0x8c,0xee,0xc7,0x6f,0xfc,0x8f,0xdf,0x1a,0x91,0x02,0xeb,0x87,0xe1,0x08,
  0x64,0x25,0x12,0xe3,0xcb,0x3f,0x5f,0x6f,0x5a,0x1c,0x4c,0xe6,0xd5,0x1d,0x9e,0x86,0xc9,0xc7,0xd8,0xa0,
  0xdf,0xc1,0x60,0xa0,0x4f,0x77,0x55,0x6e,0x92,0x67,0x37,0x0b,0xbc,0xd8,0xce,0x12,0x88,0x34,0xbf,0xd7,
  0x6b,0xc2,0xef,0xe7,0x10,0x65,0x39,0xd7,0xed,0x5c,0x5e,0x04,0x92,0xeb,0x7c,0x72,0x77,0x5d,0xee,0xd3,
  0x7e,0xef,0x4e,0x92,0x89,0x01,0xe1,0x1c,0x58,0x76,0x74,0x31,0x92,0xeb,0x8e,0x05,0x0a,0x34,0x37,0xce,
  0xd7,0x9f,0x12,0xfd,0x73,0x17,0x5e,0x30,0xa4,0x7d,0x46,0x59,0x7c,0x31,0xb4,0xfd,0x99,0x1d,0xf1,0x72,
  0x08,0x1e,0x57,0x2f,0xca,0x3b,0x15,0x6e,0xe4,0x17,0x2a,0xe5,0xda,0x9d,0x94,0xec,0x04,0x77,0x6f,0x5d,
  0x7c,0x08,0x13,0x54,0x29,0xdc,0x9d,0x4e,0xe7,0xb5,0x51,0xb4,0x5c,0x19,0xbc,0xb6,0x72,0x29,0xe3,0x90,
  0xd4,0x20,0x3e,0xb5,0x27,0x1f,0xbf,0x25,0xa7,0xe6,0x83,0x31,0x4a,0xd7,0x17,0x51,0x14,0x34,0x47,0x4b,
  0xbc,0xa7,0xab,0xea,0x0e,0x1e,0xd2,0x5f,0xe3,0xcb,0x97,0xcf,0x9e,0x16,0xdd,0xb2,0x25,0x94,0x14,0xc1,
  0x5c,0x87,0x93,0x98,0xd6,0x4b,0x74,0x54,0x94,0xd3,0x43,0xf6,0x09,0x91,0xc3,0x51,0xa0,0x25,0x22,0xaf,
  0x25,0x1e,0xb8,0x1e,0x04,0xfe,0x85,0x87,0x59,0x54,0xe3,0xd4,0x46,0x6f,0xe7,0x34,0x1f,0xe5,0x28,0xa3,
  0x4d,0xa7,0xb9,0xf0,0xb2,0x3c,0x34,0x1e,0xf0,0x87,0x17,0xb2,0xe3,0x10,0x7f,0x52,0xa4,0x04,0x9e,0xce,
  0x88,0x1e,0x5e,0xcd,0xa7,0xe9,0x6f,0xd5,0x39,0x17,0x6c,0x62,0xf5,0x4d,0xd5,0x14,0x17,0xc1,0x19,0x91,
  0x33,0xe0,0xfb,0x88,0x7c,0x25,0x5a,0x18,0x87,0xbf,0x3c,0x48,0x21,0x8f,0xb2,0x96,0x01,0xd2,0x25,0xde,
  0x14,0xe2,0xb4,0xe0,0x4a,0x13,0xf3,0x8a,0x0c,0x22,0xf9,0x0b,0x80,0x17,0xe1,0x2d,0xcf,0x9e,0xfb,0x92,
  0xda,0xe3,0x3e,0x44,0xe5,0x1f,0x8c,0x60,0x10,0xda,0xa7,0xc1,0x6c,0x6c,0xef,0x4f,0x29,0x21,0x35,0xf5,
  0xd1,0x7a,0x07,0x23,0xef,0xe2,0x7b,0xb0,0xb7,0x1f,0xbf,0xa9,0x81,0x7b,0x3a,0x4e,0x1c,0x23,0x35,0xb8,
  0x46,0x32,0x01,0x4b,0x7c,0xf9,0xfb,0xe4,0x9d,0x68,0x68,0x16,0x53,0xe3,0xa8,0xa3,0xc4,0xf3,0x78,0x01,
  0x75,0x63,0x39,0x78,0x5e,0x0a,0x38,0xf2,0x40,0x3d,0x0d,0x40,0x67,0x82,0x8d,0x3c,0x8d,0x3d,0x08,0xb7,
  0x90,0x84,0xd3,0x83,0x37,0xf8,0x1b,0xed,0xe6,0x29,0xad,0x0c,0x83,0x88,0x5f,0x7c,0xf0,0xc7,0x73,0x7d,
  0xf4,0xcc,0xbf,0x72,0xdc,0x89,0x0a,0xef,0xd4,0xc5,0x04,0x79,0xc6,0x5c,0x1a,0x61,0xe3,0x4a,0xa0,0x1e,
  0xa5,0x2b,0xbe,0x97,0x1f,0x44,0x4c,0x4b,0xbe,0x00,0xd6,0x83,0x20,0x9e,0x8f,0x8d,0x19,0x00,0x03,0xba,
  0x97,0x31,0x6e,0x0c,0xc4,0x29,0x38,0xb9,0x53,0x08,0xb8,0xa0,0x88,0xd2,0x1e,0x2b,0x70,0xa4,0x2f,0x30,
  0x1f,0xbc,0x21,0x22,0xb8,0x72,0x69,0x79,0x7e,0x6d,0x64,0xdd,0x4d,0x7d,0x69,0x00,0x6d,0x79,0x59,0x1a,
  0x61,0x14,0x3e,0x5a,0x20,0xcb,0x82,0x50,0xfd,0x2f,0xbf,0xfb,0x8f,0x1d,0xf8,0x83,0x99,0x05,0xb0,0x50,
  0x11,0xb6,0xc1,0xc4,0x73,0xc3,0xe0,0x89,0x9c,0x12,0x10,0xe9,0x4c,0x7c,0xdb,0x68,0x19,0x14,0x3a,0x26,
  0xe5,0x88,0xf6,0x71,0x9f,0x08,0x9f,0x41,0x5e,0x46,0x38,0xfd,0x02,0x5a,0xe9,0x88,0xcf,0x41,0xab,0x60,
  0x44,0xb5,0x6f,0x59,0x10,0xf9,0x18,0x9d,0xab,0xe9,0xf0,0x6c,0x00,0x13,0xc4,0xc0,0x44,0x6a,0xb5,0xef,
  0x97,0xf1,0x1a,0x8a,0x23,0xb0,0x22,0xa3,0x0d,0x55,0xb7,0x88,0xcb,0xf5,0x5e,0x84,0x41,0xfb,0x5b,0xfa,
  0x1b,0x85,0xcd,0xc4,0x2c,0x5e,0x0f,0xc0,0xf0,0xd2,0x3a,0xcd,0xd8,0x56,0xcb,0x02,0x05,0xf9,0x22,0xd3,
  0x5c,0xd2,0x07,0x5e,0x65,0x90,0x37,0xd9,0x5f,0x05,0x63,0xe9,0x0c,0x3e,0x7e,0xbe,0x76,0xa1,0x76,0x7a,
  0x55,0x6e,0xfc,0x6b,0xb7,0xfe,0x85,0x6b,0x44,0xee,0x31,0x28,0x79,0x6f,0x5d,0x57,0x61,0x14,0xb9,0x57,
  0x75,0xf6,0x20,0x80,0x28,0x14,0xa4,0x7f,0x16,0x9c,0x26,0xeb,0xfa,0x4a,0xa6,0x18,0x66,0x5f,0xd5,0xdb,
  0x17,0x6e,0x38,0x39,0x81,0x98,0x71,0x5d,0x4f,0x47,0xb2,0xce,0x95,0x4b,0x00,0x98,0x49,0xfc,0x00,0xbc,
  0x89,0xb4,0xff,0xfb,0x75,0x3d,0x82,0x5a,0xbe,0x12,0x69,0xaf,0x42,0x70,0x00,0x73,0x46,0x71,0x75,0x7f,
  0x58,0xc3,0x5e,0xbb,0xdc,0xba,0x9c,0xc9,0xc3,0x0d,0x33,0xae,0x11,0xcc,0x38,0xec,0x45,0x32,0x67,0xdb,
  0x67,0x28,0x16,0x9f,0x04,0xcc,0x42,0x10,0x33,0x05,0x94,0xba,0xa7,0xf4,0x9c,0xe0,0x9a,0x9c,0x0d,0x68,
  0x18,0x6a,0x45,0x02,0x8a,0x12,0x88,0xb5,0xbe,0xc7,0x85,0x89,0x77,0xc2,0xcf,0x2f,0x4e,0xd8,0x46,0x34,
  0xf7,0x87,0x23,0x80,0xca,0x3d,0x85,0xf0,0x91,0x44,0x7a,0x29,0x26,0xd2,0x2c,0xce,0x26,0xef,0xc3,0x49,
  0x33,0x7f,0x01,0x25,0xff,0xd9,0xb6,0x14,0xc2,0xb0,0xc2,0x9a,0x81,0x7e,0xeb,0xc0,0x86,0x66,0x50,0xb5,
  0xc2,0x5c,0x37,0x2c,0x78,0x1b,0x68,0x36,0x68,0x57,0x34,0xe5,0xd3,0x74,0x85,0xf0,0x1a,0x55,0x27,0x88,
  0x73,0x24,0x8c,0x31,0x6b,0x9d,0x64,0x63,0x79,0xbf,0x0c,0x9e,0x68,0xdc,0xc8,0x76,0xcb,0xd0,0xa3,0xa6,
  0x91,0x53,0x65,0xa7,0x13,0x39,0x5b,0x1f,0x02,0x1f,0x0f,0xac,0x6a,0x6e,0x9f,0x8d,0xa4,0xe0,0x54,0x7b,
  0xaf,0xed,0xb5,0x99,0x66,0xb2,0x00,0x5a,0x51,0x4c,0x10,0x3a,0xa9,0xe3,0xe3,0x0c,0xce,0xb2,0x3d,0x39,
  0x37,0x0a,0xe9,0x54,0xda,0xbd,0x9d,0x22,0x4a,0x5e,0x14,0x53,0xc0,0x91,0xed,0x89,0x30,0x06,0xb5,0xe1,
  0x05,0xc7,0x12,0x37,0x13,0x08,0x9f,0x3c,0x95,0x83,0xce,0xb0,0x05,0x86,0x6f,0x30,0xcf,0xf5,0x9c,0xe6,
  0xe0,0x35,0x84,0x65,0x9b,0xca,0x49,0x65,0x15,0x81,0x51,0x4d,0xd0,0xcf,0x49,0xd3,0x5d,0x46,0x32,0xf5,
  0xe6,0x7e,0x22,0xbd,0x85,0xa9,0xdc,0x52,0x85,0x6c,0xc4,0x49,0xe3,0x29,0x4c,0x1e,0x58,0x0d,0x54,0x34,
  0xb8,0xb6,0x1f,0xbf,0x71,0x3d,0x50,0xd9,0xd3,0x00,0x63,0x1c,0xe6,0xb2,0xa5,0x9c,0x1d,0x0f,0x05,0x62,
  0x33,0x5d,0xca,0x15,0xbe,0x91,0x79,0x3f,0x18,0x33,0x38,0x0d,0x42,0x30,0x4d,0xf9,0x6d,0x6b,0x9a,0x50,
  0x01,0x63,0xb9,0xd3,0xf8,0xe0,0x86,0x99,0x00,0x01,0x22,0x5c,0x59,0x8c,0xcd,0xde,0x8d,0xcd,0x4d,0xe3,
  0xfe,0xa9,0x80,0x30,0x0a,0xef,0x4c,0xf6,0x1d,0x3b,0xec,0x1a,0xa3,0x38,0x9e,0x46,0xdd,0xcd,0xcd,0x63,
  0x37,0x1e,0x25,0x83,0xc6,0x30,0x98,0x00,0xb7,0x1f,0x0b,0xc7,0xde,0x8c,0x66,0x76,0x3c,0x9e,0xd7,0xed,
  0xa9,0x0b,0xe1,0xa4,0x23,0xde,0x45,0x46,0xe5,0x37,0xbe,0xe7,0x02,0x28,0x91,0xa8,0x36,0x6e,0x0c,0x03,
  0x3f,0x8a,0x8d,0xfb,0x6f,0x1e,0xde,0x7f,0xf4,0xdb,0xa7,0x77,0x9f,0x3c,0x7c,0x70,0xf7,0xff,0x79,0xd9,
  0x3f,0xdb,0x68,0xb6,0x9a,0xad,0x8d,0xee,0xdb,0x0d,0x30,0x9d,0xe0,0x1c,0x01,0x93,0xcd,0x8d,0xc8,0x9e,
  0x04,0x28,0x14,0xfe,0xc5,0x77,0xa3,0x40,0x1a,0x4f,0xfc,0x85,0xd9,0x89,0x38,0xd9,0xa8,0x6d,0x70,0xca,
  0x27,0x0c,0xc6,0x1b,0x87,0x35,0xec,0xc0,0xda,0xe8,0x6e,0x3c,0x9a,0xfb,0x62,0xbc,0x41,0x8f,0x6d,0x78,
  0xbc,0x27,0x1c,0xe0,0xd3,0xe1,0x88,0x4b,0xb6,0xb0,0x42,0x72,0x1c,0xf0,0x53,0x07,0x9e,0x5e,0xf2,0x56,
  0x07,0x42,0xf7,0x50,0x70,0xf9,0x36,0x94,0x7f,0x65,0x27,0xa1,0xcd,0x8f,0x3b,0xf0,0xf8,0xa5,0x1d,0x06,
  0xb8,0x39,0x42,0x16,0xed,0x42,0xd1,0xb3,0x68,0x6c,0x87,0xfc,0xb8,0x87,0x80,0x7f,0x05,0xd2,0x86,0xaf,
  0x5f,0xda,0x93,0x44,0x78,0x0c,0x51,0xab,0x09,0x15,0x1f,0x1f,0x07,0x5c,0xaf,0x05,0x13,0xdc,0xf8,0x42,
  0x78,0xee,0x7b,0x7e,0x44,0x70,0x1f,0x73,0x97,0x16,0x4e,0x7e,0xe3,0xd7,0xc0,0x78,0xbe,0x7c,0xc6,0x97,
  0x4f,0x85,0x27,0x9f,0x70,0x2a,0x77,0x7d,0x71,0xf9,0xe3,0x58,0x16,0xe0,0x4c,0x1e,0x86,0xae,0x7a,0xc4,
  0xa9,0xbc,0x71,0xc7,0x93,0xc4,0x77,0xb8,0x60,0x9b,0x81,0x9e,0xb8,0x1e,0x3f,0xe3,0x24,0x9e,0xdb,0x48,
  0x4f,0x57,0x70,0x09,0xce,0xe1,0x57,0x09,0x32,0x06,0x3f,0xef,0xe1,0x10,0xce,0xc5,0x77,0x72,0x48,0x04,
  0xfd,0xed,0xc6,0x33,0xf0,0x47,0x67,0xd4,0xe2,0x99,0xe7,0xa2,0xd3,0x74,0x48,0xef,0x88,0x52,0xcf,0xed,
  0x09,0xe0,0x0e,0xac,0xf2,0xa9,0x88,0x80,0x91,0x31,0xcc,0x86,0x7a,0xaf,0x82,0x81,0x8b,0xac,0x2c,0x6b,
  0xe2,0x34,0xee,0x79,0xb6,0xcf,0x80,0xb6,0x69,0x9a,0x2f,0x6c,0x07,0xe0,0x92,0x05,0xb2,0x02,0x38,0xbd,
  0xef,0xb8,0xa0,0x4d,0x88,0x90,0x80,0xb7,0x69,0xa2,0x2f,0x5c,0x8c,0x74,0x1c,0x2e,0xc0,0xa9,0xde,0xf5,
  0xc4,0x7b,0x55,0x1f,0x67,0xfa,0xca,0x06,0xb3,0x2f,0x3b,0xdc,0xe1,0x11,0x02,0x70,0x5d,0x43,0x2e,0xc1,
  0x99,0x3e,0x71,0xbd,0x04,0xbc,0x48,0x2e,0xc0,0xa9,0xde,0x43,0xd5,0x8d,0x24,0xa5,0x22,0x22,0xd4,0xbd,
  0x60,0x94,0xa8,0x71,0x89,0x56,0x8f,0x92,0x01,0xe8,0x09,0x7e,0xb6,0x88,0x59,0xec,0x38,0x50,0x6d,0xb6,
  0x68,0x2e,0xe0,0x9d,0x30,0xc5,0xb6,0x68,0x26,0x8c,0x72,0x59,0x80,0x33,0x79,0x19,0x0b,0xf5,0xb8,0xc5,
  0xe4,0x56,0xd5,0x71,0x1e,0xbf,0xc6,0x45,0x55,0xad,0x47,0x9c,0xcb,0x03,0xdb,0x73,0x07,0xcc,0x31,0x5b,
  0x4c,0x36,0x60,0x70,0x10,0x6a,0x7a,0xc6,0xa9,0x3c,0x08,0xc0,0x3f,0x74,0xc7,0x5c,0x80,0x53,0xf9,0x12,
  0x38,0x0f,0x98,0xfc,0xf2,0x03,0x23,0x79,0x8b,0x26,0xf3,0x45,0x68,0xfb,0x31,0x94,0xb1,0x30,0x6c,0xb5,
  0x24,0x7f,0x09,0x8f,0x1f,0x09,0xed,0x76,0x08,0x03,0x51,0x9b,0x0e,0x4f,0x06,0x86,0x96,0x08,0xe8,0xd0,
  0x74,0xc0,0x31,0x09,0x03,0x35,0xa1,0x8e,0x24,0xcd,0xa9,0xab,0x50,0xdb,0xa1,0x39,0x3d,0x71,0x35,0xd9,
  0xe8,0xf0,0xbc,0x3c,0x3b,0x71,0x98,0xd1,0x3a,0x3c,0x29,0xec,0x48,0xcd,0xb3,0x43,0xd3,0x42,0x41,0x8f,
  0x3c,0x4c,0xd0,0xa0,0x4f,0x0c,0xba,0x05,0x70,0x11,0x06,0xa7,0xf0,0x6f,0x14,0x5f,0xfe,0xd9,0xb8,0x3f,
  0x0f,0x61,0x5c,0xb0,0xb3,0x4f,0x20,0xb6,0x72,0x3e,0x7e,0xfb,0x4e,0xf6,0x86,0x18,0xf8,0x75,0x08,0x0e,
  0x04,0x70,0x99,0xcf,0x45,0x44,0x4e,0xf0,0x27,0x22,0x7a,0xa4,0xd9,0x3f,0xf4,0x52,0x74,0x74,0x68,0xea,
  0x00,0xa4,0x6b,0x4f,0xf8,0x99,0x08,0xe5,0xc6,0xfc,0x7a,0x9b,0x66,0xfe,0x0a,0xf0,0x67,0x8c,0x43,0x0c,
  0x37,0x67,0x17,0xdf,0x71,0x39,0x56,0x7b,0x6d,0xb3,0x50,0xc3,0x63,0x5b,0x9b,0x2a,0x97,0xe0,0xe4,0x5f,
  0x83,0x3a,0x4c,0x3c,0x59,0xa5,0x23,0x59,0x2f,0xab,0x82,0x73,0x7f,0x1a,0x84,0x8a,0x8d,0xb6,0xd3,0x99,
  0x27,0x53,0x18,0x8b,0xec,0xc0,0x04,0xe6,0x12,0xda,0xc6,0x97,0xc0,0x18,0xc6,0xa3,0x24,0x92,0x5d,0x91,
  0x86,0xf1,0x74,0xb2,0x6e,0xcb,0x79,0x7a,0x22,0xed,0x9e,0xa6,0xfa,0xc8,0xf6,0x81,0xb3,0xf9,0x19,0xa7,
  0xf2,0x95,0x3b,0x00,0xfd,0xce,0x4d,0x68,0xaa,0x4f,0xdc,0x31,0x48,0xe7,0x07,0xae,0xb3,0x43,0xd3,0x7d,
  0xed,0x7a,0x13,0x9b,0x1f,0x69,0x96,0x02,0x85,0x61,0x2c,0x4b,0x70,0xa2,0xaf,0x70,0x7b,0x94,0x6a,0xb1,
  0x85,0xd2,0xfe,0x48,0x84,0x40,0x76,0xea,0xf7,0x91,0xb8,0xfc,0xd3,0xc4,0xf6,0x49,0xc2,0x77,0x58,0x8b,
  0xc6,0x76,0x26,0x4c,0x3b,0x38,0xeb,0xb7,0x1b,0x2f,0xe1,0x31,0x40,0x19,0x7d,0x3c,0x03,0xff,0x4c,0x56,
  0xde,0x91,0x62,0x96,0xf2,0xcb,0x0e,0xcd,0xf4,0x2b,0xdb,0x91,0x4f,0x38,0xc7,0x17,0xe2,0x58,0x8e,0xd4,
  0xdc,0xa1,0x29,0x7e,0x09,0x6a,0xea,0xe2,0x07,0x55,0x82,0x13,0x78,0x69,0x47,0x63,0xe6,0xaf,0x1d,0x66,
  0x65,0xe1,0xbf,0xb3,0x11,0x3e,0x2c,0xda,0xa5,0x39,0x7e,0xfc,0x83,0x88,0x62,0xc5,0xa9,0xbb,0x4d,0xc6,
  0x84,0x27,0x07,0xda,0xa5,0x59,0xfe,0xca,0x1e,0x80,0x17,0xea,0xc9,0x12,0x52,0xa9,0x13,0xf9,0xd0,0x91,
  0x74,0x9a,0x81,0xff,0xf1,0xf1,0xdb,0xd3,0x28,0x86,0x1f,0xfc,0x06,0x49,0xfa,0x04,0xec,0x1c,0xeb,0xa3,
  0x5d,0x9a,0xd2,0x53,0x29,0x46,0xbb,0x34,0x9b,0x97,0x01,0x50,0x40,0x61,0x63,0x97,0xa6,0xf4,0x84,0x8e,
  0xb2,0x72,0x1d,0x9a,0xd2,0x6b,0x60,0x76,0xf9,0xd8,0x52,0xaa,0x47,0xc1,0x4a,0x33,0xca,0x54,0x03,0x55,
  0xdb,0x63,0xba,0x21,0xfc,0x3e,0x3f,0x63,0xa5,0xbb,0x53,0x60,0x07,0x5f,0x56,0x68,0x6b,0x52,0x3f,0x96,
  0x65,0x38,0xa7,0x07,0xc0,0x1e,0xaa,0x11,0x4e,0xeb,0x7e,0xac,0xf4,0xcb,0x1e,0x4d,0x26,0x25,0x9e,0x6c,
  0x43,0x2c,0x1a,0xda,0x23,0x7d,0x70,0x9c,0xd6,0x8b,0x60,0xa2,0xba,0xd9,0x23,0x65,0xe1,0x2b,0xdc,0xed,
  0xb1,0xb1,0xb8,0xfc,0xbb,0x58,0x1c,0x51,0x95,0x97,0x17,0x1f,0x42,0x26,0xf9,0x9e,0x9a,0x9e,0x82,0x9b,
  0x26,0xf7,0x1a,0x4f,0x19,0x4a,0x0c,0xb5,0x9a,0x34,0xb5,0x7b,0xe0,0x16,0xe9,0x65,0x44,0xaf,0xe0,0x9d,
  0x44,0x0a,0x14,0xb4,0x89,0x6f,0xc7,0x14,0x38,0x70,0x09,0x4d,0xce,0x0e,0xdf,0xd9,0xfc,0xd8,0x49,0x2d,
  0x89,0x2f,0x4b,0x70,0x76,0xbf,0x72,0x63,0xf9,0xb4,0xc3,0x56,0x7a,0x20,0xed,0xc0,0x5d,0xe0,0x70,0x0f,
  0xba,0x3a,0xa4,0x97,0xbb,0x24,0xec,0x33,0x90,0x37,0x5f,0x0c,0xb9,0x3e,0x4e,0xf2,0x71,0x38,0xe1,0xd6,
  0x44,0xb4,0x27,0xca,0x3e,0xc3,0x33,0xc2,0xfc,0x70,0x86,0x83,0xf1,0x33,0x29,0x95,0xc4,0x63,0xd8,0x5a,
  0xcd,0x6c,0xd6,0x36,0x17,0x10,0x97,0x06,0x29,0x70,0x2d,0x69,0xd2,0x41,0xb3,0x79,0xb2,0x80,0xec,0xc3,
  0x29,0x7a,0x9d,0xb2,0xa0,0x23,0x4d,0x0e,0x53,0xa1,0xc5,0x8e,0xc9,0xbd,0x30,0xf1,0x03,0x7e,0xdc,0x21,
  0x1d,0x71,0x2c,0x5f,0xe2,0x0c,0xde,0x24,0xa7,0xe9,0x80,0x7b,0xcc,0xc1,0x6e,0xc4,0xcf,0x34,0x01,0x18,
  0x2f,0x24,0xbb,0xd9,0x62,0x67,0xe4,0x09,0x86,0x2a,0x3e,0x3f,0x5b,0x4c,0x53,0xaa,0xcd,0xee,0xc8,0xf3,
  0x10,0x24,0x58,0x51,0x84,0x3d,0x12,0x14,0x6a,0xa9,0x5d,0x5a,0xec,0x95,0x5c,0xfe,0x51,0x8c,0x20,0x14,
  0xe0,0x82,0x2d,0x89,0x84,0x24,0xe2,0xe7,0x0e,0x79,0x1d,0x3e,0x2a,0xd6,0x21,0x97,0x6c,0x13,0x14,0xe0,
  0x76,0x32,0xa2,0x2c,0xa9,0x11,0x80,0xf8,0x63,0x7e,0x26,0xfd,0xee,0x11,0xff,0xd0,0xb3,0x92,0x1e,0xae,
  0xae,0xc8,0x30,0x24,0x3b,0xd6,0xb2,0x98,0xbb,0x84,0x2f,0x1c,0xe0,0x0c,0x2e,0x21,0x30,0xdd,0x49,0xc0,
  0x40,0xb2,0xc7,0xf1,0xd0,0x91,0x5c,0xc0,0xfe,0x06,0x08,0x9f,0x3f,0x54,0x6a,0xb4,0xc5,0x2e,0xc7,0x8b,
  0xcb,0x3f,0xa7,0xc4,0x61,0xaf,0x03,0x9c,0x0c,0xd2,0x80,0x2d,0xf6,0x39,0x5e,0x8a,0x70,0x26,0xa7,0xd1,
  0xce,0xa6,0xc1,0x2a,0xa7,0xc5,0x6e,0x07,0x00,0x06,0x1e,0xaa,0x1a,0x69,0x97,0xfb,0x50,0x5d,0xe2,0x44,
  0xbe,0x4a,0x58,0xf2,0x5a,0xec,0x70,0xbc,0xc0,0x14,0xb1,0xac,0x4e,0x33,0x79,0xe5,0xa6,0xef,0x2d,0xaa,
  0xce,0xde,0x5a,0x6b,0x4b,0xf9,0x4d,0x68,0x2e,0xb9,0x80,0xad,0x13,0x74,0x8f,0x9a,0x91,0x8b,0xda,0xc8,
  0xe0,0x2f,0x2e,0xfe,0x11,0x11,0xf1,0xc4,0x8e,0xe7,0x9e,0x43,0x32,0xd8,0x62,0xd7,0xe3,0xb5,0x0b,0x73,
  0xf6,0x87,0x5c,0x95,0x64,0x05,0x88,0x70,0x24,0x67,0xc4,0xae,0xc7,0x8b,0xc0,0xb3,0xc9,0x81,0x6c,0xb1,
  0xe7,0x01,0xfe,0x42,0xe0,0x49,0x55,0xdc,0xda,0x92,0x13,0x52,0x00,0xec,0x31,0x44,0x63,0x7e,0xc9,0xec,
  0x75,0xac,0xa6,0xc3,0xfe,0xc6,0x4b,0x5c,0x45,0xe4,0x47,0x9a,0xce,0xc5,0x0f,0xec,0x14,0xb4,0xd8,0xdd,
  0xb8,0x8b,0x41,0x01,0x3f,0xb2,0x49,0x46,0xe9,0xb3,0xb9,0x00,0x49,0xf2,0xd8,0x91,0x0f,0x44,0x0d,0xdf,
  0x46,0xbf,0xff,0x54,0x75,0x80,0x33,0xb8,0xfc,0x21,0x38,0x52,0xcf,0x08,0x3f,0xee,0x7a,0xe4,0xa7,0x9d,
  0xcc,0x2d,0x22,0xaf,0xb4,0xc5,0x8e,0xc3,0x23,0x5b,0xf5,0x4f,0x7e,0x13,0x4e,0x97,0x9f,0x09,0xfc,0x57,
  0x22,0x14,0xa7,0xf2,0x99,0x2c,0xa9,0x08,0x40,0xbf,0x3a,0x5c,0x60,0xf1,0x74,0x65,0x03,0xf6,0x1a,0x40,
  0x93,0x86,0xb6,0xc3,0xcf,0x34,0xc1,0x77,0xc9,0x40,0xbe,0x6e,0x4b,0x9b,0x29,0x2d,0xff,0x43,0xe2,0x83,
  0x43,0x7a,0x45,0x72,0x1e,0x0a,0xd5,0x11,0xc9,0x08,0xf0,0xff,0x64,0x1e,0x79,0x5c,0x82,0x53,0x79,0x33,
  0x98,0x43,0x98,0x36,0xe6,0x82,0x1d,0xc9,0x3a,0xcc,0x8e,0xec,0x1c,0x7c,0x09,0x94,0x1b,0xcd,0x27,0x5c,
  0xc0,0xbc,0xa5,0xbc,0xea,0x96,0x72,0x0c,0x66,0x2c,0x25,0xdb,0xec,0xaf,0x3f,0x8b,0x27,0x14,0xb0,0x3c,
  0xb1,0x47,0x49,0x06,0x0e,0x4d,0xec,0xae,0x37,0x50,0x64,0x66,0x07,0x21,0xd5,0xff,0x5c,0x24,0x8d,0x67,
  0x6a,0x11,0x5a,0xec,0x25,0xbc,0xc6,0x7b,0x6e,0xa5,0xc7,0xd8,0xda,0x61,0x57,0x3d,0x71,0x02,0xef,0x88,
  0x9f,0x3b,0x1c,0xb4,0xc4,0xb2,0x05,0xc9,0x4c,0xf6,0x76,0x27,0xd5,0x3f,0xf2,0x3d,0xce,0xea,0xb9,0x88,
  0x43,0xf9,0x88,0x73,0x7a,0x6a,0x83,0x7e,0xbc,0xfc,0x91,0xf9,0x80,0x7d,0x81,0x47,0xc2,0x99,0xb1,0xab,
  0xd2,0x62,0x57,0x00,0xad,0xf4,0x20,0x78,0x27,0x8c,0x53,0xdb,0x88,0x66,0xc1,0x20,0x70,0x12,0xf0,0x1a,
  0x1d,0x31,0x09,0xc6,0xa1,0x3d,0x74,0x5d,0xae,0x69,0xa5,0x16,0x0b,0x9f,0x77,0x53,0x6b,0x9a,0x5a,0x1c,
  0xf6,0x10,0x7e,0xe5,0x9e,0x4a,0xf5,0xcb,0x1e,0xc2,0x43,0x27,0x61,0x43,0xdf,0x62,0xff,0x00,0x24,0xee,
  0xe2,0x3b,0xa9,0x8c,0xd8,0x49,0x78,0x0a,0xfa,0x19,0xec,0x2b,0x17,0x6c,0x4b,0x27,0xc3,0xe7,0xc7,0xd4,
  0x92,0xa2,0x15,0x93,0x55,0x88,0x0d,0x85,0x52,0x0b,0xec,0x1d,0xfc,0x3a,0x9c,0x5f,0x7e,0x88,0x03,0x42,
  0x0c,0xbb,0x07,0x5f,0x25,0x63,0xe9,0x7f,0xb5,0xd8,0x41,0x20,0xe3,0xcb,0x4d,0x5a,0x3a,0x35,0xb0,0x84,
  0x7d,0x83,0x07,0x41,0x32,0x00,0x85,0xcd,0xa8,0x61,0xf7,0x80,0x02,0xbe,0x31,0x3f,0xb7,0x89,0xe1,0x23,
  0x71,0xc4,0x8f,0x44,0x2b,0xcc,0xaa,0x66,0x9d,0x74,0x28,0x3e,0x09,0xf8,0x61,0x9b,0xf9,0x9f,0x41,0x60,
  0x9f,0x00,0x1c,0x2a,0xc5,0x92,0xec,0x10,0x00,0xc7,0x81,0x57,0x24,0x0b,0xf6,0x28,0x02,0x65,0x5a,0xef,
  0xb1,0x9a,0xc6,0xa8,0x4d,0x62,0x93,0xdd,0x80,0xbb,0xde,0xe5,0x8f,0xe0,0x1a,0xa9,0x4a,0x08,0xe2,0xc3,
  0x28,0x16,0xc8,0x94,0x16,0x7b,0x01,0x8f,0x3d,0xd6,0xdb,0x16,0x3b,0x00,0xec,0x01,0x93,0x04,0x5b,0xec,
  0x01,0xf0,0x36,0x54,0x5b,0x55,0xda,0x4a,0xcd,0x81,0x2c,0xe8,0xb0,0xec,0xc8,0xb8,0xc7,0x62,0x1f,0x80,
  0x7c,0x29,0x59,0x61,0x87,0x46,0x79,0x27,0x9f,0x76,0xc9,0x7c,0x84,0x3e,0x13,0xd9,0x62,0xa3,0xff,0xcc,
  0x13,0xc7,0xf4,0xc4,0x9e,0x1a,0x78,0xf8,0xc2,0x63,0x3d,0x6f,0xb1,0xdd,0x7f,0xea,0x8e,0x03,0x39,0xa0,
  0x64,0xac,0x63,0x16,0x2d,0x4b,0x1a,0x7e,0x69,0xd4,0x2d,0x36,0xfb,0x5f,0x09,0x0e,0x7f,0x2d,0x36,0xfa,
  0xa0,0x45,0x18,0xb8,0x96,0x32,0x33,0xef,0x41,0xeb,0x86,0xb2,0x46,0x87,0xfc,0x1e,0xe9,0x8d,0x5b,0x6c,
  0xf3,0xef,0x7a,0x01,0x05,0x37,0x16,0xdb,0xfc,0xd7,0xd2,0x27,0x65,0xca,0x59,0x6c,0xfa,0xbf,0x0c,0x46,
  0x12,0x2b,0x2d,0x69,0x33,0xe3,0x80,0xe3,0x02,0x8b,0x6d,0xff,0xbd,0xd0,0x3d,0x66,0xfa,0x58,0x2d,0x49,
  0x0d,0xa9,0x9c,0x2c,0x36,0xfe,0xc0,0xc9,0xec,0x11,0x41,0x09,0x3b,0x00,0xe4,0xc2,0x4b,0x0f,0xcc,0x62,
  0x07,0x00,0x05,0x94,0x9f,0xda,0xcc,0x21,0x3c,0xa6,0x4c,0x48,0x90,0x3f,0xa4,0x7a,0xe8,0x90,0x3f,0x4d,
  0xca,0xc1,0x62,0xc3,0xff,0xdc,0x9e,0x79,0xb2,0x3a,0x4b,0xff,0xb1,0x83,0xf2,0xa4,0xba,0xd8,0xd5,0x82,
  0x03,0x2e,0x61,0x3f,0x53,0x3a,0x5d,0x16,0x5b,0xff,0x97,0x98,0xd7,0x94,0xcf,0xa4,0x84,0xc5,0xf0,0xe2,
  0x7b,0x05,0x36,0x4d,0xe4,0xf2,0xef,0xd0,0xfc,0xe3,0x33,0x5b,0xff,0x37,0x8e,0x62,0x5c,0x8b,0xed,0x3f,
  0xc5,0xf1,0x53,0x2f,0x91,0x45,0x6d,0x66,0x7c,0xee,0x94,0x6d,0xff,0xeb,0xe0,0x1d,0xa0,0x98,0x19,0x8f,
  0xcd,0x3f,0x29,0x0b,0x85,0x0b,0x76,0x00,0xa0,0xdf,0xcb,0xdf,0x8f,0x65,0xab,0x1d,0x0e,0xbd,0x02,0xf9,
  0x9e,0xe2,0x80,0x94,0xac,0x32,0xe5,0x00,0xe8,0xe6,0x47,0x69,0x6e,0x02,0x47,0x56,0xe7,0xe8,0xdc,0x13,
  0x13,0x4c,0xd7,0x51,0x81,0xa5,0xd4,0x2b,0x35,0x60,0xfb,0x0f,0x32,0xcf,0x6a,0xc3,0x62,0xf3,0x0f,0x24,
  0x86,0xb8,0x98,0x9f,0xb5,0x70,0x86,0x0b,0xb6,0xa4,0x45,0xa5,0xb0,0xc5,0x62,0x8b,0xff,0xa5,0xad,0x9a,
  0x73,0x7a,0xc8,0xe7,0x87,0x1d,0x15,0x52,0xcb,0x18,0xcb,0x62,0x53,0x7f,0x0f,0x94,0x73,0xe0,0x05,0x93,
  0x74,0x8c,0x3d,0x99,0x08,0x53,0x58,0x60,0xa3,0xff,0x54,0x52,0x83,0x4d,0xfe,0xc3,0x49,0x4a,0x0c,0x32,
  0xfa,0x6f,0x81,0x29,0xf0,0xf5,0x5d,0x87,0xa2,0x6f,0x08,0x11,0x3e,0x7e,0xeb,0x84,0x17,0x3f,0x80,0x82,
  0xa6,0x00,0xd2,0xea,0xa8,0xa9,0xb1,0xae,0xb1,0xd8,0x17,0xf8,0xca,0xf5,0x64,0xbc,0x64,0xb1,0x2f,0x80,
  0x2e,0x20,0x07,0xfc,0x56,0x47,0x49,0x3d,0x4b,0x11,0xbb,0x02,0xaf,0x5d,0x29,0x91,0xec,0x09,0x3c,0x66,
  0x3f,0xc9,0x92,0x9e,0x80,0x3d,0x4e,0x06,0xfc,0xb8,0xcb,0x02,0xe8,0x4e,0xf8,0x91,0xb4,0x96,0x67,0x33,
  0x96,0xd9,0x0b,0xb8,0x27,0xa4,0x13,0x63,0x75,0x64,0xd2,0x24,0x16,0xca,0x31,0xb1,0xd8,0x0f,0x68,0x35,
  0xd4,0x11,0x29,0x88,0x0f,0x3f,0xf8,0xbc,0xb2,0x89,0xaf,0xd9,0x2d,0x78,0xc3,0xd1,0xa0,0xb5,0x2d,0x73,
  0x28,0x61,0x10,0xcb,0xe7,0x36,0x87,0x98,0x7e,0xc2,0x54,0x62,0x5f,0xe0,0x59,0x1c,0xf0,0x03,0xce,0xe3,
  0x0b,0x98,0xf8,0x94,0x1f,0xd9,0x5e,0xaa,0xb8,0xd1,0x62,0x37,0xe0,0xae,0xaf,0x9e,0xa4,0x06,0x96,0x8c,
  0xcd,0x3e,0x00,0xf9,0xf7,0xfc,0x9e,0xd3,0x20,0xac,0xfe,0x2d,0xce,0x0c,0xdc,0x0d,0xe3,0x24,0xe4,0x47,
  0x4b,0xc6,0x6b,0x1f,0xbf,0x9d,0x4a,0xac,0x96,0x4e,0x09,0x09,0xc4,0x0e,0xc1,0x63,0x9f,0xf6,0x44,0xd0,
  0xb3,0xa5,0x69,0x2d,0x2e,0x69,0x53,0x26,0x8c,0x67,0xc9,0x7e,0x80,0x4a,0x98,0x72,0x49,0x87,0x4d,0x27,
  0x18,0x65,0x5b,0xb6,0xe0,0x1c,0x6b,0x6a,0x7e,0x2d,0xf6,0x07,0x30,0x2a,0xd6,0x9a,0x51,0x12,0x24,0xb6,
  0xc7,0xaa,0x11,0x3b,0x6d,0xbe,0xb4,0x8c,0xd6,0x0e,0x87,0x9d,0x6f,0x02,0x41,0x9c,0x65,0x87,0x78,0x40,
  0x94,0x61,0xa6,0xf9,0xfe,0x6b,0xa5,0x8b,0xd8,0xfc,0x5f,0xfe,0x60,0x4b,0x67,0xc4,0x62,0xfb,0xff,0x0c,
  0x18,0x5e,0xf2,0x2a,0x5b,0xff,0xaf,0x54,0x0c,0x6e,0xb1,0xf5,0x7f,0x19,0x5c,0xfe,0x5e,0xd6,0xdf,0x4a,
  0xdd,0x1d,0x05,0xde,0xae,0xe4,0x3b,0x50,0x60,0x13,0x7e,0xde,0x96,0x6e,0x5a,0xd6,0xc9,0x4e,0x1a,0xb3,
  0xf2,0x33,0x79,0xd0,0xc9,0x31,0xa7,0x33,0xb8,0x88,0x72,0xc7,0xaf,0xc1,0x99,0xe3,0x6e,0xd1,0x9b,0x91,
  0x99,0x6e,0xce,0x73,0xd3,0xd2,0x27,0x4d,0x8a,0x3d,0x03,0x4a,0x4a,0x9c,0x82,0x7d,0x48,0xca,0xf2,0xe3,
  0x01,0x66,0xd4,0x84,0x5f,0x4c,0x94,0x5b,0xd2,0x89,0xc0,0x8d,0x7c,0xfc,0x68,0x65,0xf9,0x4e,0x9a,0xe1,
  0x9e,0xd4,0x94,0x69,0x22,0xc0,0x62,0x17,0xe2,0x51,0x10,0xce,0xd5,0x7c,0xd8,0x89,0x78,0x65,0x5f,0xfe,
  0x3d,0x70,0x88,0xac,0xc3,0x7e,0x84,0x32,0x24,0xec,0x44,0x3c,0xb1,0xdf,0x43,0xb7,0x4a,0x5c,0xf7,0x38,
  0x1d,0x24,0x0d,0xc7,0x73,0x72,0x4a,0x0f,0xa9,0x5c,0x79,0x80,0xb2,0xab,0x5d,0xb2,0x20,0x42,0x05,0x1c,
  0x16,0xfb,0x14,0xe4,0x45,0x90,0xb4,0xb0,0x57,0xf1,0xd2,0xf5,0x38,0x21,0x6d,0xb1,0x4f,0xf1,0x46,0x4a,
  0xe6,0x9e,0x8c,0xc0,0x65,0xa4,0xd7,0x66,0x7f,0x02,0x40,0xa3,0xf8,0xb6,0xcd,0xde,0xc3,0xdd,0xd0,0x07,
  0x35,0x13,0x73,0xc1,0x16,0xe7,0x0b,0x52,0x3f,0xb7,0xcd,0xde,0xc3,0x17,0x22,0x74,0xa0,0x4f,0x8a,0x83,
  0xda,0xec,0x3f,0x5c,0xfe,0x1d,0xc4,0xa3,0x63,0xd9,0xad,0x0a,0x58,0x5d,0xce,0x6e,0xb5,0x65,0xee,0xc0,
  0x43,0x57,0xd5,0x97,0x75,0x88,0x51,0x31,0xa9,0x76,0xf1,0xc3,0x84,0x4a,0x58,0xe1,0x83,0xe1,0x97,0xbc,
  0xdb,0x66,0x47,0xe2,0x19,0x46,0x28,0x82,0xbb,0x91,0x9e,0xc4,0x8c,0xa4,0xac,0xcd,0x8e,0x04,0x6a,0x3d,
  0x1e,0x97,0x5d,0x87,0x5f,0xc3,0xdb,0x80,0x1f,0x3b,0x2a,0x4d,0x2e,0x5f,0x93,0x5f,0x83,0xab,0xd1,0x43,
  0x7e,0xde,0x95,0xf6,0x56,0x62,0xb3,0xcd,0x4e,0x40,0x2a,0xf2,0xb2,0x57,0x19,0x2d,0x7b,0x33,0x11,0x01,
  0x79,0x16,0xb4,0xd2,0x03,0x61,0xff,0x71,0x22,0x70,0x31,0x56,0x6c,0xe2,0xd2,0x92,0x01,0x3a,0x08,0xde,
  0x83,0x93,0x1d,0x8f,0xe4,0x32,0x10,0x9e,0xe9,0x84,0x0a,0xf3,0x88,0x6e,0xf1,0x88,0x47,0xc2,0xc0,0x75,
  0x36,0xda,0x9a,0x60,0xd0,0xa2,0x5f,0xe3,0xc6,0x51,0xe2,0xf3,0x1e,0x9b,0x29,0x75,0xf7,0x1c,0xe8,0x1c,
  0x55,0xb0,0xcf,0xaa,0x71,0x76,0xc3,0x30,0x42,0x01,0xba,0xc8,0x37,0x9e,0x0d,0xde,0x89,0x61,0xdc,0x38,
  0x02,0xa3,0xf2,0xd0,0x07,0x67,0x55,0x44,0x15,0x5f,0x9c,0xe0,0x12,0xac,0xd7,0x78,0x00,0x95,0x5f,0xc1,
  0xf8,0x5f,0xe0,0xf5,0xeb,0x71,0xc5,0x14,0x7e,0xfd,0x57,0xf7,0xcc,0x1a,0x35,0x37,0x0c,0x84,0xec,0x4d,
  0xe0,0x8b,0xae,0xf9,0x30,0x09,0x83,0xa9,0xd8,0x64,0xb0,0xe1,0xfd,0x5c,0xd8,0x61,0xd7,0x94,0xc7,0x06,
  0xe0,0x19,0x7c,0x81,0x78,0xd4,0x35,0xad,0xba,0x83,0x0e,0x10,0x14,0x00,0xe0,0xda,0x23,0xf5,0x36,0x0a,
  0x92,0x50,0xaf,0xc2,0x9b,0xf7,0xf5,0x12,0xac,0x71,0x7f,0x8e,0x77,0x02,0x99,0x23,0xab,0x6d,0x42,0xab,
  0x45,0x15,0x2f,0x0a,0x04,0xd0,0x5e,0x05,0xda,0xec,0x1a,0xfc,0x1d,0x82,0xca,0xb4,0x7f,0x30,0x6d,0xe0,
  0xfe,0x8c,0x9b,0xfd,0xbe,0xe9,0xb9,0x50,0x64,0x7b,0x66,0xb5,0x31,0xb1,0xa7,0xf8,0xea,0x2d,0xbf,0xab,
  0x4d,0xf9,0xfe,0xc9,0xc3,0x6a,0xb5,0x77,0x63,0x91,0xe1,0x8c,0x30,0xf9,0x35,0x1e,0x17,0x3f,0xd1,0x70,
  0xc6,0x2b,0x67,0xd3,0xfe,0x12,0x46,0x15,0xbc,0xfd,0xa7,0x74,0xb2,0xa2,0x32,0x6d,0x20,0xb4,0xd5,0xcf,
  0xb7,0x9b,0xb7,0xd3,0x12,0xae,0x01,0xc3,0xa4,0xb8,0xe7,0x92,0x83,0xbe,0x65,0x41,0xc5,0xf3,0x73,0x7e,
  0xdc,0xef,0xc0,0x43,0x1e,0x16,0xf1,0x3e,0xbe,0x8f,0x34,0x7d,0x12,0x38,0xa2,0x82,0x67,0x32,0x6a,0xe0,
  0x85,0xe0,0x89,0x82,0x1a,0x0e,0x5e,0x3b,0xb1,0xc7,0xe2,0x37,0x7e,0xec,0x7a,0x4f,0x22,0x1d,0x4c,0x9a,
  0x42,0x5f,0xd6,0xbc,0x75,0x6b,0x69,0x46,0x08,0x88,0x7b,0x44,0xfd,0xf5,0x01,0x43,0xf4,0xde,0xbc,0x75,
  0xeb,0x26,0xfd,0xa8,0x4a,0x10,0x4d,0xb3,0x50,0xcd,0x94,0x3d,0xdd,0xba,0x85,0x9d,0x34,0x8e,0x45,0x8c,
  0x1c,0x52,0xa9,0x1e,0xf4,0x75,0x30,0x54,0x6b,0xee,0x54,0x9f,0x32,0x74,0x93,0x9b,0x9c,0x5a,0xcf,0x7c,
  0x0a,0x0c,0x7d,0x3d,0x4c,0xf3,0x19,0x95,0xfc,0xf2,0x25,0x50,0x13,0x78,0xea,0x36,0x20,0x19,0x59,0xed,
  0x50,0x1b,0xf0,0x6e,0x18,0xda,0xf3,0x86,0x1b,0xd1,0xdf,0x0a,0xb5,0xad,0xde,0xa1,0x3f,0x8d,0x77,0x81,
  0xeb,0x57,0x4c,0x08,0x55,0xcd,0x6a,0x97,0xdf,0x9c,0x9f,0x9b,0xf7,0xc4,0xa9,0x91,0xcc,0x84,0x23,0x58,
  0xa7,0x93,0x49,0x1e,0x27,0x26,0x71,0x47,0x06,0xb5,0x3c,0x6d,0x84,0x53,0x0f,0x5f,0xbb,0xe2,0xa4,0x42,
  0x2b,0xc0,0x35,0xc3,0x0f,0x4e,0x18,0x7e,0xf7,0xc8,0xe0,0xb2,0x06,0xce,0xd8,0x00,0xcc,0x19,0x66,0x98,
  0xf8,0xbe,0xeb,0x1f,0x9b,0x55,0x29,0x40,0x3c,0xc7,0x50,0xe0,0xc6,0x04,0xfc,0xb4,0x4c,0xdf,0x00,0x7f,
  0x72,0xd4,0xe0,0xeb,0xa8,0x0d,0x6e,0xed,0x08,0xdb,0xc1,0x9b,0xe0,0x8c,0x3a,0xf5,0xdd,0xa3,0x86,0x72,
  0x6a,0x67,0x69,0xd3,0x9a,0x71,0x04,0x7f,0xa3,0x91,0x70,0xba,0x7a,0x7f,0x30,0x68,0x73,0x81,0x4d,0x16,
  0x37,0x4a,0x1a,0x75,0x4b,0x86,0xcb,0x1a,0x9f,0x9f,0x1b,0xcd,0xaa,0xde,0x6f,0x71,0x36,0x78,0x73,0x9d,
  0xb9,0xc8,0xd1,0x12,0x3f,0xec,0xfb,0x08,0xcf,0x69,0xe0,0x5e,0xfe,0x8a,0x4e,0x48,0xe1,0xc1,0xec,0x5c,
  0xc7,0xe8,0x1f,0x18,0x4e,0x30,0xc4,0xed,0x67,0x31,0xb2,0xce,0x43,0x76,0xb8,0xef,0xcd,0x1f,0x3b,0x15,
  0xd7,0xa1,0xd9,0xa5,0x9d,0x81,0x1b,0xe5,0x54,0xc6,0x62,0x0e,0x30,0xd8,0x9e,0x87,0x97,0xca,0x41,0x87,
  0x46,0x1c,0xce,0xe1,0x5f,0x89,0x39,0xfb,0xa4,0x8f,0xdb,0x58,0xbd,0x97,0xbc,0x53,0x05,0x7b,0x7c,0x1c,
  0x8b,0x09,0xb6,0xaa,0xf6,0xd4,0x84,0xb1,0x56,0xbf,0xef,0x27,0x9e,0x77,0x47,0x75,0xd4,0xc5,0xbd,0x9e,
  0x8d,0x29,0x7e,0xc7,0xb8,0x02,0xaf,0xa1,0xee,0x02,0xf8,0x10,0x28,0x0a,0x5d,0xcb,0x56,0xaa,0x2a,0xbe,
  0x5a,0xe8,0x60,0xe1,0xce,0x35,0x06,0x8b,0x38,0xa6,0x26,0x6f,0x19,0xc9,0x60,0xcb,0x41,0x14,0x65,0x10,
  0xd5,0x68,0x87,0x69,0x03,0x57,0xf4,0xfd,0x63,0xf7,0x48,0xf1,0x22,0x0c,0x0e,0xd2,0x25,0x3b,0x11,0x9e,
  0xfa,0xd5,0xc0,0x93,0x12,0xf7,0xe5,0xb7,0x8e,0xcd,0xdf,0xf0,0x19,0x80,0x60,0xe9,0x08,0x80,0x99,0x4e,
  0x13,0xf7,0x4d,0xe8,0xf3,0xb8,0x76,0xa7,0x78,0xcf,0x90,0x3c,0x90,0x8f,0x47,0xed,0x80,0xed,0x1b,0xc6,
  0x9b,0x09,0x5a,0x52,0x3c,0x97,0x81,0xdb,0xf9,0x70,0xeb,0x8d,0x13,0x18,0xa7,0x98,0x9c,0xa7,0x9a,0xe9,
  0x46,0xc4,0x6c,0x78,0x3a,0xfb,0xa7,0x90,0x85,0x9b,0x25,0x89,0x5d,0xfa,0x44,0x44,0x53,0x44,0xd3,0xb6,
  0x55,0xcf,0x9d,0xd0,0x43,0x2b,0x82,0xbc,0xd4,0x35,0x5d,0xc7,0x03,0x9b,0x91,0x71,0x25,0x9e,0xe3,0x69,
  0x36,0x17,0xc0,0x7b,0xb8,0x82,0x19,0x10,0xe5,0xe0,0x37,0xee,0xad,0xa0,0x7d,0x41,0x80,0x36,0x2a,0x93,
  0x7a,0xe9,0x26,0x75,0x87,0xec,0x7a,0xf3,0xad,0xec,0x2b,0x15,0xb4,0x9a,0x49,0x27,0xb0,0x1c,0xf8,0x41,
  0xdc,0x7a,0xd8,0x70,0xfd,0xa1,0x97,0x38,0x60,0xe3,0x32,0x6e,0xae,0x62,0x5b,0xed,0x19,0x95,0x9c,0xea,
  0xe0,0xd6,0xad,0xca,0x4d,0xd6,0xdf,0xa0,0x41,0xbe,0x40,0xf6,0x16,0x95,0xbc,0x5c,0x56,0xcf,0xcf,0xf3,
  0x05,0x07,0x68,0x34,0x1b,0x20,0xab,0x95,0xea,0xed,0xdd,0xed,0x2d,0x9a,0x4d,0xb5,0x38,0xc6,0xcd,0x6b,
  0x8d,0x91,0xe2,0x24,0x1d,0x24,0x2d,0xd9,0x6f,0x2e,0x15,0x1d,0xc0,0x68,0x9d,0x3d,0x1a,0xad,0xca,0xc8,
  0x5f,0x8f,0xe0,0x9c,0xb0,0xf1,0x37,0x8b,0x85,0xf3,0x24,0x42,0xb1,0x65,0xf1,0x9a,0x28,0x63,0x06,0x0c,
  0x64,0xe6,0x8e,0x2d,0x82,0x15,0x65,0xe6,0xad,0x45,0xcb,0x75,0xe4,0x51,0xc3,0xb4,0x4e,0x4f,0x72,0x48,
  0x3a,0x47,0xa4,0xe2,0x31,0x34,0x99,0x54,0x6f,0xdd,0x5a,0x2a,0x8c,0xa0,0x70,0x72,0xd0,0x6f,0xc2,0xbf,
  0xfb,0x7d,0x3c,0x01,0x79,0xeb,0x56,0x44,0x8f,0xd1,0x7e,0xbf,0xb3,0x77,0xa7,0x32,0x41,0x93,0x1a,0x55,
  0x3f,0x6f,0xc1,0x14,0xba,0xcd,0x5e,0x4e,0x34,0xa7,0xa1,0xc0,0x4f,0xb7,0xde,0x45,0xb6,0xa9,0x54,0xcf,
  0x48,0x1c,0x91,0x43,0x88,0x8f,0xaa,0x72,0x56,0xf4,0xb6,0x7f,0x42,0x76,0xb0,0x41,0x0f,0x24,0x10,0xef,
  0xe3,0xf3,0x73,0x59,0x78,0x22,0x06,0xc0,0xaa,0xfa,0xab,0x1e,0xf4,0x42,0xcf,0x55,0xc9,0x92,0xe0,0x20,
  0xc9,0x51,0x7a,0x0b,0x64,0x42,0x3b,0x7b,0x09,0x04,0x89,0x12,0x34,0x88,0x0d,0x92,0xc4,0x4a,0xa5,0xda,
  0x3f,0x38,0x5b,0x40,0x3d,0x7a,0x3c,0x5b,0xe4,0x20,0x1e,0x08,0x31,0x05,0x48,0x53,0x20,0xcf,0xcf,0xb9,
  0x0f,0x94,0xd7,0x1c,0x93,0x48,0x83,0xda,0x83,0x39,0x9d,0x81,0xcb,0x53,0x41,0x09,0x73,0xfb,0xcd,0x9e,
  0xbb,0xdf,0xee,0xb9,0xb7,0x6f,0xab,0xc9,0x05,0xd1,0xb0,0xcf,0x3d,0x0c,0x41,0xf2,0x62,0xf1,0x2c,0x1a,
  0xba,0x1e,0x08,0x31,0xb4,0xa8,0xd6,0x8e,0x81,0xfe,0xb9,0xb7,0xbf,0x82,0x02,0x28,0xa7,0xa3,0x07,0xea,
  0x05,0x1f,0x62,0x40,0xbb,0x76,0xdb,0xfd,0xbc,0xd1,0xee,0xf4,0xa0,0x4b,0x70,0x0e,0xc5,0xbf,0x49,0x84,
  0x3f,0x9c,0x33,0x49,0xfb,0xbb,0xbb,0xcd,0x1e,0xf6,0xd6,0xa0,0x7f,0x40,0xc7,0xbd,0xc6,0xe2,0xbb,0xec,
  0x09,0x34,0xb9,0xc3,0xaa,0x56,0x03,0xe5,0xc2,0x0e,0x5f,0xd8,0x93,0xe9,0xab,0x40,0xaf,0xda,0x68,0x6d,
  0x73,0xe5,0xdb,0x8d,0x66,0xab,0x73,0x9d,0x16,0x4d,0x55,0xdf,0x6a,0x57,0x09,0x34,0x79,0x71,0x53,0x05,
  0x5b,0xc9,0x0e,0x54,0x11,0xcf,0x08,0x84,0x1d,0x13,0xdc,0x88,0x6e,0x6e,0x41,0x1d,0x54,0x24,0x8c,0x5c,
  0x10,0x4c,0x2b,0xaa,0x5b,0x80,0x62,0x51,0x4a,0x2a,0xac,0x75,0x17,0x95,0x10,0xd0,0x0b,0x7c,0x50,0x3b,
  0x54,0xca,0xa8,0x92,0x53,0x4d,0xd5,0x5e,0x89,0xa6,0xca,0x84,0x83,0x5e,0x82,0x68,0xf0,0x5e,0xb8,0x3e,
  0x29,0xed,0xdc,0x30,0xb6,0x1c,0x02,0x59,0x62,0x55,0x33,0xc5,0x0c,0x2b,0xbb,0x65,0x65,0x5c,0x78,0x4d,
  0x1b,0xd3,0x4c,0xf4,0x98,0x87,0x09,0x48,0x79,0x8f,0x79,0xaf,0x00,0x2e,0xda,0x2b,0x35,0x2f,0xac,0x50,
  0xdb,0x42,0x85,0x52,0x10,0x33,0x11,0xe2,0x2d,0x76,0x12,0x48,0xb2,0x87,0xe5,0x1a,0x9e,0xfe,0x54,0xab,
  0x9a,0x6a,0x20,0x33,0x64,0x16,0xec,0x50,0x76,0x4c,0x7b,0x80,0x4b,0x0d,0x17,0xdf,0xa3,0xb6,0x17,0x60,
  0x94,0xbc,0x53,0x3c,0xac,0xf9,0x8e,0x4f,0xc0,0xb9,0x31,0xee,0xcf,0xe5,0x8d,0x69,0x45,0x23,0x94,0x03,
  0x2f,0x99,0xa2,0x9f,0x08,0xd0,0xa1,0x8c,0xe0,0x55,0x0f,0xfd,0x15,0xce,0x5a,0xa6,0xa8,0xab,0x28,0xe0,
  0xab,0x2c,0x00,0x76,0xd1,0x50,0x6e,0x10,0x68,0x15,0x5d,0xb5,0x92,0x55,0xd1,0x54,0x2b,0x68,0xd5,0x14,
  0x3b,0xbd,0xc5,0x52,0xa7,0x54,0xbd,0x2a,0x49,0xdc,0x93,0x5a,0x36,0xea,0xe7,0x2b,0x91,0xba,0xbe,0xa3,
  0x2b,0xe4,0x2e,0x81,0x90,0x39,0x7b,0x52,0xc3,0xf6,0xc9,0x7d,0x1b,0x0a,0xd7,0xab,0x4c,0xa2,0x4d,0x54,
  0x88,0xd5,0xda,0x88,0x0b,0x8f,0xbc,0x00,0x44,0x5e,0xd6,0xdb,0x6c,0x6f,0xe3,0xab,0x49,0xc9,0xab,0x5f,
  0xe2,0xab,0xcd,0xed,0x26,0x2a,0x72,0x55,0x04,0xc1,0x47,0x46,0x31,0x79,0x06,0xbe,0x40,0xb2,0xb7,0xa3,
  0xda,0xa4,0x16,0x1d,0x52,0x28,0xf5,0xbe,0x7f,0xf0,0x92,0x5c,0x9a,0xca,0xfb,0x2a,0xb8,0x54,0xce,0x4b,
  0x12,0x2f,0xab,0x66,0x36,0xcd,0x6a,0x55,0xba,0xd8,0x5d,0x53,0xcd,0x96,0xef,0x28,0xec,0x97,0xe3,0x5a,
  0x99,0x34,0x55,0x2e,0x8d,0x77,0x2f,0xc7,0x40,0x61,0x0c,0xc0,0xa8,0x13,0xd5,0xd7,0xec,0x88,0xf0,0x5e,
  0xd2,0x8d,0x3e,0xa7,0xd2,0xa1,0xef,0x98,0xcf,0x71,0x0d,0xeb,0xe3,0x37,0xc0,0x9f,0x31,0x4c,0x43,0x1e,
  0xf9,0xd6,0xfb,0xa2,0x9a,0xe5,0x20,0xe9,0x0a,0xbc,0x87,0x5a,0x9b,0x71,0xc0,0x27,0x09,0x82,0x23,0xe3,
  0x6d,0xc1,0xaa,0xd6,0x0a,0x16,0xf4,0x10,0x45,0x87,0x6a,0x6b,0xdd,0x33,0x06,0xcb,0x67,0x98,0xba,0xd6,
  0xa0,0xad,0xc3,0xf9,0x4b,0x62,0xa1,0x20,0xbc,0xeb,0x01,0xb0,0x6f,0xf5,0x13,0xf1,0x87,0xa4,0x06,0xc2,
  0x87,0x36,0xd8,0xa7,0x41,0xff,0x60,0x70,0xad,0xde,0xab,0xbd,0x2b,0x04,0xb9,0x9c,0x16,0x77,0xcc,0x67,
  0x72,0xd7,0xac,0x12,0x6f,0xc3,0x05,0x37,0x56,0xa6,0xcd,0xbe,0x07,0x5f,0xf5,0x14,0xf7,0x7c,0x5d,0xfe,
  0x38,0xc6,0xe5,0xd4,0x86,0xd9,0x5d,0x41,0x88,0x4c,0x4b,0xd0,0xc1,0xf1,0x53,0x75,0xf9,0xe3,0x0f,0x4b,
  0x4d,0x08,0x5a,0x6e,0xa0,0xb6,0xf8,0x42,0x1d,0x73,0xc5,0x99,0x77,0xd6,0x1e,0xcb,0xbc,0x61,0x3b,0xce,
  0x43,0x3c,0xd7,0xf4,0x15,0x08,0x33,0x1e,0x84,0xab,0x98,0x43,0xcf,0x1d,0x8e,0xcd,0x1a,0x19,0x74,0xa6,
  0xa4,0x93,0xf0,0x5d,0xdd,0x2b,0x98,0xa7,0xe0,0xa0,0x75,0x75,0x99,0x46,0x8d,0xa3,0x9a,0xef,0xf7,0x9b,
  0xa0,0x57,0x70,0x3f,0x7a,0xc5,0x7c,0x63,0xf3,0x39,0x62,0xd0,0x80,0xb8,0xc1,0xfb,0xf7,0x74,0xb3,0x63,
  0x02,0xfe,0x19,0xde,0xeb,0x90,0x40,0x80,0x29,0xde,0xcd,0x2e,0x7e,0xb8,0xfc,0x20,0x0c,0x74,0x8e,0x38,
  0x83,0x00,0x11,0x6c,0x67,0x4f,0x56,0x69,0x98,0xca,0xe1,0xea,0x2d,0xf2,0xfe,0x50,0x4f,0xb3,0x60,0xbd,
  0x9c,0x16,0x4b,0xdd,0x65,0xe5,0xc3,0x76,0x35,0x1f,0x56,0x01,0xa9,0x69,0x39,0x55,0xa4,0x2b,0x3b,0xa5,
  0x75,0x7b,0x0b,0x8a,0xe2,0x96,0xe5,0x63,0x3d,0x3e,0x73,0xaa,0xb2,0xcc,0xf1,0x61,0x84,0x7f,0x82,0x3a,
  0x2f,0xa8,0xed,0x14,0x3e,0x85,0x9c,0x1c,0x06,0x54,0x98,0x90,0xcd,0x31,0xaf,0x72,0xd7,0xcc,0x54,0x8b,
  0x57,0xc1,0x78,0x82,0xd9,0x59,0x89,0xe6,0xa2,0x1f,0xae,0xb3,0x43,0xf9,0x00,0x39,0x44,0x52,0xff,0xeb,
  0x10,0x49,0x15,0x0a,0xd8,0xcf,0x59,0xfe,0xf5,0x24,0x90,0xf0,0x93,0x94,0x97,0x5d,0x07,0xaa,0xb9,0x0e,
  0x8b,0xb2,0x51,0x4a,0x07,0x80,0xb8,0x17,0x5c,0x6a,0xdf,0xac,0x09,0x26,0xb2,0x68,0x40,0x09,0xca,0xc8,
  0xc3,0x68,0x68,0x4f,0x81,0x2f,0xce,0x44,0x63,0x1a,0xd2,0x01,0xc2,0x07,0xe2,0xc8,0x4e,0xbc,0x98,0x48,
  0x74,0x7d,0x48,0xf4,0x3e,0x5f,0xd9,0x83,0xf2,0x0e,0xaf,0xf0,0x84,0x16,0x3c,0x9f,0x9f,0xac,0x3d,0xd7,
  0xe3,0x75,0x65,0xf4,0xd4,0x07,0xbd,0x0b,0xdd,0xc2,0x5c,0x65,0x6a,0x30,0xea,0xad,0x8c,0xa2,0xfa,0x60,
  0x4e,0x75,0xce,0x63,0xd6,0xcb,0x4c,0x8a,0x73,0x7d,0x7b,0xe2,0x94,0xd1,0x89,0xac,0x8c,0x59,0xe3,0x11,
  0xf2,0xd8,0x58,0xae,0x4c,0x1f,0x30,0x71,0x3d,0x37,0x9e,0x0f,0x47,0x78,0x21,0x63,0x26,0xc3,0x37,0xd3,
  0x56,0xd2,0x53,0x2d,0x08,0x4b,0xfa,0xa8,0xfb,0x99,0x5c,0x58,0xeb,0xa0,0xa3,0x99,0x25,0x2f,0xf1,0x96,
  0x8d,0x5c,0xfa,0x40,0xbb,0x00,0x04,0x66,0x26,0xcd,0x91,0x5e,0xa8,0x50,0x85,0x69,0x5d,0xc0,0x06,0xf7,
  0x00,0x6c,0xc1,0x19,0x17,0xf3,0x0e,0x15,0x34,0x22,0xdc,0xf2,0x04,0x71,0x04,0x46,0xc1,0xd5,0x2e,0xa7,
  0x37,0x97,0x7b,0x5a,0x89,0x21,0x9c,0xa9,0xee,0xf2,0xe6,0xa0,0x5a,0x01,0x51,0xcd,0xd4,0xef,0x0c,0x31,
  0x99,0x78,0x94,0x23,0xc1,0xab,0x21,0x4a,0x26,0x49,0xe5,0x66,0xed,0xed,0x21,0x69,0xb2,0x9b,0xf9,0x14,
  0x26,0xbd,0x84,0x10,0x9f,0xda,0xbe,0x3d,0xec,0xf1,0x0f,0xfa,0x57,0x65,0xbe,0xe3,0xfe,0x41,0x7c,0xeb,
  0x96,0xc4,0x43,0x4c,0x46,0x5a,0x43,0x84,0xf6,0xc6,0x75,0xb4,0xf2,0x6a,0x8a,0x1b,0xf0,0x25,0x39,0x4f,
  0x0e,0x1d,0x55,0xce,0x5c,0xa7,0x8b,0x35,0x6b,0xd8,0x4d,0x97,0x7b,0x4b,0x6b,0x5a,0xe8,0x59,0xa2,0xc1,
  0x85,0x17,0xf8,0x07,0xba,0xc3,0x98,0x46,0x31,0x68,0xa6,0x1b,0x7d,0x47,0x84,0xaf,0x10,0xc6,0x8a,0x8a,
  0x55,0xf1,0xe6,0x8d,0x3e,0x31,0xbc,0xba,0x87,0xc3,0xc4,0x0f,0xc7,0x45,0x31,0xa8,0x5d,0xba,0x10,0xe4,
  0x3e,0xde,0xfa,0x0f,0x2d,0x95,0x00,0xa7,0xf7,0x72,0x68,0xf1,0x13,0xcd,0x9a,0xef,0x12,0x39,0x68,0x66,
  0xd5,0xe8,0xd6,0x93,0xa2,0x7b,0x52,0xc0,0xd0,0x4d,0x86,0xb8,0x2a,0x9b,0xdf,0x36,0xd5,0x15,0x29,0xba,
  0xaf,0x86,0x8d,0x50,0xb4,0x18,0xe9,0x29,0xe4,0xfd,0x94,0xcf,0x39,0x92,0x96,0x79,0xcc,0x8a,0xe9,0xb9,
  0x66,0xb5,0xc6,0xa7,0xbc,0x56,0x56,0xc1,0xb7,0x50,0x8b,0x4e,0x8a,0xae,0xac,0xc5,0xec,0x56,0x25,0xa4,
  0xaf,0xac,0x84,0xa7,0xc0,0xa1,0x0e,0x98,0x14,0x50,0x93,0x2b,0x6b,0xf1,0x21,0x23,0x42,0x6e,0x83,0x8e,
  0x25,0x21,0x53,0x37,0xe2,0xe0,0xf8,0xd8,0x03,0x36,0xe6,0x10,0x06,0xe7,0xc7,0xe8,0xe8,0x11,0x5c,0xb4,
  0x36,0xd2,0x37,0xd5,0xb9,0x56,0x53,0x96,0xca,0xd3,0xad,0xfd,0xb4,0x3a,0x7d,0x0d,0x6f,0x09,0xcd,0x54,
  0x20,0x9b,0x94,0x28,0x47,0x5d,0x69,0xa4,0x3d,0xf5,0x73,0x23,0x5c,0x13,0xd6,0x65,0x49,0x94,0xa2,0x43,
  0x7f,0x6a,0xa6,0x7e,0xf7,0x8a,0x59,0xfd,0xd9,0xf8,0x63,0x81,0x36,0x0a,0x71,0x2e,0xd1,0x24,0x31,0x9c,
  0x16,0xea,0xd1,0xed,0xc5,0x7f,0x49,0xcb,0x41,0xe9,0xdd,0x8d,0x41,0xd6,0xa0,0x3a,0x40,0x9d,0x1d,0x71,
  0x03,0x75,0xf6,0x72,0x62,0x9f,0xda,0x31,0xdf,0x27,0xd3,0x35,0xcc,0xdb,0x29,0x16,0xd3,0x91,0xd6,0x1b,
  0x99,0x15,0x4a,0x00,0x3c,0x29,0x2c,0xfb,0x64,0x44,0xe5,0xe4,0x15,0xa7,0x4b,0x70,0x36,0xec,0xe9,0x14,
  0x5e,0x54,0x88,0x46,0x35,0x86,0x0e,0xe8,0x24,0x4b,0xa9,0x8a,0xe4,0x45,0x29,0xc8,0xea,0x8d,0x8b,0x36,
  0x56,0x79,0x0c,0xea,0x5a,0xa1,0x52,0x2d,0x8b,0xb7,0x69,0xe2,0x62,0x1f,0xba,0x0b,0x25,0x86,0x5c,0x0a,
  0x25,0xca,0x44,0xda,0x17,0x3e,0x29,0x4d,0xdb,0x00,0xec,0x4e,0xd8,0xb9,0xbe,0x49,0xf0,0x49,0x6f,0x0f,
  0xdd,0x4b,0x5d,0x55,0xf4,0x51,0xc3,0x29,0x97,0xfb,0x09,0x6e,0xba,0x30,0xa0,0x84,0xd1,0x7f,0xf9,0x67,
  0xbc,0x14,0xea,0x9d,0x83,0x1b,0x77,0x66,0xc2,0xc0,0x7d,0x4b,0x80,0x4e,0x3c,0x70,0x39,0xb1,0x2f,0x7f,
  0x04,0x1f,0x53,0xf3,0xb0,0xb9,0x53,0x08,0x0a,0x47,0xa4,0x26,0x33,0x17,0x14,0x58,0x56,0x46,0xc5,0xed,
  0xed,0xea,0x6d,0xb3,0x6e,0xde,0xa6,0xe0,0x1b,0xbf,0x0e,0x10,0x4c,0x0a,0xaf,0xa5,0x32,0xb5,0xaa,0x52,
  0xc3,0x96,0xeb,0x57,0xca,0xe9,0x2c,0x7e,0x3a,0xcb,0xeb,0x68,0xea,0x9b,0xe6,0x32,0x89,0x69,0x89,0x48,
  0x2f,0xc3,0x05,0x2f,0x46,0xf8,0x2f,0xfa,0x60,0x28,0x0e,0xd6,0x2c,0xdc,0xd4,0xfc,0xa3,0x7e,0xc5,0xaf,
  0x39,0xfd,0x16,0x30,0x63,0x31,0x99,0xed,0x57,0xef,0xf8,0x30,0xe1,0xaf,0x70,0x5d,0x44,0xc8,0x69,0x9b,
  0xc3,0xa8,0x7e,0xff,0x8d,0x59,0xc3,0x0f,0x3f,0xe0,0x25,0x28,0x5f,0x84,0x7c,0x2d,0xfd,0x03,0x5c,0xeb,
  0x8d,0xba,0x4e,0x6d,0xc2,0x97,0xa3,0x14,0xcb,0x17,0x60,0xb2,0xff,0xf2,0xbb,0xff,0x04,0x56,0x1b,0xed,
  0x27,0xa5,0x49,0x79,0x81,0x40,0x5e,0xa2,0xd1,0x07,0x37,0x76,0x18,0x84,0x4e,0xd4,0x7d,0x7b,0x58,0xe3,
  0x7b,0x29,0xe0,0xd7,0xa2,0xe6,0x81,0x06,0x01,0xbd,0x45,0x48,0xac,0x0d,0x92,0x68,0x2e,0x7f,0x4e,0x03,
  0x0f,0x02,0x9e,0x63,0xf9,0x84,0xbb,0x4b,0x5e,0x26,0xc3,0xa1,0x88,0xa2,0x7e,0xb3,0x46,0x9f,0x1e,0x48,
  0x1d,0x50,0x40,0x30,0xb2,0x0b,0x45,0x1d,0x35,0x79,0x81,0xea,0x17,0xf8,0xd1,0x57,0xe8,0xb6,0xa9,0x0a,
  0x80,0x01,0x6c,0xb9,0x38,0x91,0xda,0x3e,0x3a,0x4d,0x5d,0xc1,0xf5,0xfa,0x1a,0x27,0xc4,0xcf,0xae,0x74,
  0x34,0xe5,0x01,0x6c,0xf3,0x36,0xb6,0xba,0x6d,0x6e,0xe8,0x1e,0x27,0x58,0x96,0x03,0x10,0x45,0x5d,0xc7,
  0x70,0xb7,0xda,0x3a,0x1c,0x33,0xf6,0x04,0xa6,0x01,0x53,0xa8,0x9e,0xfd,0x02,0x58,0x00,0x4b,0x0a,0x0a,
  0x4f,0xbe,0xef,0x69,0xaf,0x73,0xf9,0x43,0xca,0x72,0xe2,0x7c,0x83,0x24,0xae,0x64,0x93,0x87,0xa8,0x26,
  0xfd,0x8d,0xf9,0x42,0x55,0x03,0xf5,0xd0,0x72,0x57,0xe8,0x0d,0xb0,0xaf,0xa5,0xc1,0x27,0xaf,0xda,0x4b,
  0x5d,0x01,0xba,0xb9,0xa0,0xcf,0x34,0xba,0x75,0x8b,0xa8,0x7a,0xeb,0x56,0x26,0x4c,0x75,0x8d,0x2e,0xfb,
  0x2d,0xf0,0x13,0x9b,0x57,0x67,0x3a,0xe8,0x7a,0xca,0x82,0xa7,0x2e,0x47,0x03,0xa8,0x71,0x84,0x3b,0x0d,
  0xaa,0x13,0xdd,0x69,0xbc,0xcd,0x1c,0x71,0x6e,0xd6,0xd3,0x32,0x22,0x37,0x09,0xb8,0xf3,0x73,0x64,0x9a,
  0xf3,0xf3,0x9b,0xe1,0x1d,0xcc,0x2f,0xc7,0x61,0xe0,0xdd,0x9d,0xd9,0xae,0x87,0x75,0xce,0xcf,0x43,0x3c,
  0x7c,0x3b,0x01,0xd9,0x16,0xce,0x33,0x1f,0x5c,0xa0,0x4a,0xd6,0x61,0x80,0xcf,0x26,0x62,0xc1,0xac,0x2e,
  0x74,0x1c,0x24,0xbe,0xad,0x3a,0xc8,0x28,0x95,0x63,0xc0,0xde,0x5b,0x53,0xbb,0xb4,0x1f,0x8c,0x44,0x76,
  0x2d,0x3e,0x3c,0xe8,0x97,0xc2,0x6b,0x8f,0xfc,0x52,0xbb,0x38,0x2b,0x7d,0x92,0x97,0x1f,0xa5,0xcf,0x32,
  0xd5,0x6f,0x1e,0xa6,0x28,0x1a,0xf7,0x0f,0x98,0x59,0xc7,0x35,0x12,0x32,0x70,0xe2,0xf8,0xd9,0xcc,0x5d,
  0x1b,0x8b,0xe6,0x2a,0xb6,0x67,0x86,0x2f,0xf0,0x24,0x3e,0xa6,0x51,0xcc,0x7c,0x45,0x6b,0x5d,0x45,0x60,
  0x91,0xec,0x63,0x0b,0x40,0x9f,0xcc,0xca,0xb3,0xe9,0xa8,0x98,0xf8,0x65,0x8e,0xb5,0x15,0xc1,0x6c,0x80,
  0x06,0x0c,0xc3,0x20,0x2c,0x56,0x53,0x5a,0xae,0x8c,0xcd,0x53,0xa6,0x5b,0xdc,0xb0,0xf1,0xe6,0x00,0x2d,
  0xe7,0x3e,0x75,0x2b,0x53,0x90,0xdf,0x5a,0x30,0xa5,0x4f,0x63,0xf4,0xcf,0x16,0x8a,0x33,0x25,0xad,0x3d,
  0x60,0x75,0x5a,0xf4,0x19,0x04,0x21,0x75,0xcc,0x65,0x95,0x2a,0xe5,0xb8,0x01,0xf7,0x45,0x41,0xc8,0xda,
  0x35,0x6c,0x6c,0x03,0x35,0x77,0x28,0x93,0x8e,0x0b,0x38,0x6a,0xdd,0x3f,0x9a,0xc2,0x0f,0xd1,0xb7,0x4f,
  0x6c,0x17,0x64,0x00,0x75,0x49,0xc5,0xdc,0x04,0x60,0x36,0xcd,0xdb,0x04,0xce,0x19,0x38,0x72,0x20,0x43,
  0xb1,0x0b,0xe2,0xd8,0x35,0x23,0xd0,0x05,0xf5,0x00,0xb7,0x10,0x43,0x38,0x3d,0x04,0x7a,0x89,0x2e,0xc4,
  0x15,0x18,0xcb,0x86,0x40,0xd4,0x46,0xa3,0x21,0xa1,0xaf,0xe1,0x95,0x18,0xb6,0xd7,0xd5,0x40,0xe0,0x12,
  0x34,0xe3,0xa0,0x34,0x91,0x33,0x09,0x0c,0xfc,0x21,0x07,0x57,0xb0,0x34,0xde,0x45,0x01,0xf8,0xdb,0x72,
  0x01,0x04,0x3f,0x3e,0x77,0x62,0xe0,0xbc,0x1f,0x22,0xb2,0x2b,0x26,0xdd,0xdc,0x00,0x05,0x53,0xdc,0xb0,
  0x85,0x37,0x11,0x7b,0x98,0xc3,0xfb,0x40,0x5d,0x82,0x59,0xc4,0x60,0xfc,0x66,0xda,0x55,0x30,0xa6,0x05,
  0x82,0xf4,0x99,0x79,0x02,0xa4,0x61,0xab,0xd9,0xaa,0x9e,0xe9,0xec,0x6f,0xde,0x7d,0xfe,0x58,0xbf,0xbc,
  0xc8,0x98,0xcd,0x2f,0x7f,0xb4,0x1d,0xbc,0x33,0xe2,0x9d,0xeb,0x07,0x89,0x01,0x2a,0xf8,0xd4,0x35,0xe4,
  0x8d,0x19,0x09,0x1a,0xe0,0x85,0xdc,0x56,0x80,0x70,0xf5,0x33,0x08,0x09,0x10,0x2a,0xbc,0xd3,0x90,0x74,
  0x3f,0x3f,0x37,0xef,0x8f,0xe6,0x03,0xdb,0xc0,0x41,0xcc,0xdb,0x05,0x70,0xc0,0x40,0x62,0x6d,0x05,0x5c,
  0xe1,0x6d,0x8f,0x31,0x40,0x55,0x16,0x72,0x19,0x13,0x87,0x58,0x1c,0xb9,0x80,0x4f,0x6f,0x7e,0x96,0x57,
  0x91,0xfc,0xb7,0xba,0xd0,0xa4,0x9c,0x2d,0x6a,0x25,0xc2,0xb4,0x10,0xda,0xaa,0x48,0xba,0x30,0xc3,0x7e,
  0x04,0x0c,0xed,0x4e,0xa0,0xec,0xfc,0xfc,0x6c,0x51,0x23,0x91,0x84,0x32,0xfa,0xcb,0x25,0xf3,0x08,0x9f,
  0xe7,0xe0,0x19,0x4d,0xb0,0x40,0x0b,0x4a,0x68,0xef,0x17,0xc5,0xfb,0xac,0x11,0x32,0xf1,0x87,0x10,0x5f,
  0x72,0xd7,0xac,0x3f,0x7c,0x8b,0xf5,0x0e,0xa9,0x33,0xb0,0x10,0x60,0xc1,0x67,0x8d,0x14,0xe7,0x32,0x4e,
  0xbb,0x75,0xeb,0xe6,0x0c,0xe7,0xea,0xc1,0x2f,0x78,0x7b,0x2c,0x9e,0x44,0xfb,0x7d,0xd6,0xb0,0x99,0xd9,
  0x02,0xf7,0x85,0x95,0x8c,0x7f,0x54,0xa1,0x8e,0xee,0xcc,0x1a,0x58,0x20,0x42,0xc0,0x51,0x28,0xee,0x77,
  0xd1,0xe0,0xa5,0xba,0x42,0xb6,0x20,0x3d,0xa4,0x35,0xc0,0x7d,0x8e,0x8e,0x1b,0xcf,0x9f,0x0f,0x63,0xaa,
  0x5f,0x6b,0x16,0x5b,0x84,0x1c,0x15,0x60,0x1b,0xcc,0x87,0xbc,0xd2,0x46,0x00,0x0f,0xca,0xd8,0x04,0xe2,
  0xf1,0x3b,0xfb,0x7d,0xf1,0xdd,0x3f,0xfd,0xc3,0x7d,0xe0,0x3e,0x39,0x71,0x9a,0x2a,0xe1,0xb1,0x6c,0xba,
  0xfc,0x42,0x4e,0x59,0xd6,0xca,0x4d,0x3b,0xc5,0x32,0xa1,0xaf,0x86,0x1b,0x37,0x9c,0x43,0xc2,0xf6,0x5b,
  0x53,0x29,0x54,0xfa,0xfb,0xb5,0x59,0xb3,0x0e,0x6b,0x6f,0xcd,0x4c,0xaf,0xca,0x5f,0xaf,0xe5,0x0b,0xa5,
  0x60,0x6b,0xea,0xd7,0x13,0xdb,0xac,0xb5,0x0e,0x0f,0xab,0x52,0x57,0xb2,0x1a,0x66,0x23,0x9f,0xa1,0x8a,
  0x4a,0xdf,0xc2,0xb0,0x87,0x8c,0x27,0x27,0xd3,0xc2,0xda,0x35,0x83,0x84,0x27,0x06,0x9f,0x6f,0x69,0x7b,
  0x85,0xa5,0x5f,0x8f,0x6a,0xd6,0x72,0x75,0x98,0x6b,0x49,0x75,0x28,0x2d,0xab,0x0e,0xd8,0xd5,0x2a,0xc3,
  0xd3,0x73,0x9a,0x2b,0x55,0xfc,0x05,0xee,0x00,0x4c,0x2f,0x29,0x2c,0xa8,0x59,0x6e,0x90,0x7e,0x0f,0x1c,
  0x8a,0x51,0x5e,0x85,0x73,0x27,0x37,0x2e,0x6e,0xe4,0x02,0x75,0x76,0xc7,0x7c,0x2a,0x2e,0xfe,0x71,0xea,
  0xf9,0xbc,0x0d,0x1d,0x6f,0x66,0x4a,0xef,0x0a,0xfc,0x8e,0x6f,0x0a,0x9c,0x9b,0x5d,0xf3,0x49,0x7a,0x89,
  0x9b,0xbc,0xd5,0xd0,0x04,0xf7,0x0f,0x7c,0xf3,0x69,0x38,0xc3,0xfd,0x8e,0xf8,0x16,0x3c,0xf7,0x68,0xf2,
  0xf1,0xdb,0x10,0x17,0x07,0x13,0x27,0x31,0xf8,0xca,0x47,0x13,0x61,0xcd,0xdf,0x73,0x57,0x0a,0xee,0x44,
  0xd8,0x11,0x30,0x11,0x7a,0x12,0x5f,0xc9,0x7a,0xa0,0x2f,0x54,0x1f,0x19,0x2f,0x0c,0x47,0x2c,0x6f,0x2d,
  0x20,0xa6,0x95,0x09,0x19,0x4a,0x6c,0xea,0x44,0x0c,0x47,0x87,0x39,0x2b,0x68,0xde,0x1e,0x42,0xd0,0x98,
  0x9a,0xc2,0xf0,0x4e,0x25,0xe7,0x26,0xdc,0x31,0xf1,0x86,0xb0,0x24,0x0e,0x60,0x9e,0x78,0x51,0x36,0xfe,
  0xa2,0xd9,0xa5,0xdb,0x70,0x40,0xcd,0x5d,0xe9,0xe6,0xf0,0xed,0xdf,0x3c,0x54,0x99,0x9b,0xb8,0x1c,0x43,
  0x03,0x26,0x6a,0xe4,0xc4,0xe8,0x0e,0x0b,0x0a,0x47,0xb5,0xba,0x90,0xe0,0xbb,0x20,0xeb,0xa0,0x78,0x1a,
  0xee,0x14,0x90,0x41,0x8e,0x00,0xa2,0x53,0x7d,0xea,0xaa,0x88,0x48,0x59,0x51,0xe1,0xb9,0x31,0x02,0xf8,
  0x91,0xa5,0x53,0x64,0x44,0x91,0xcb,0x2c,0x05,0x35,0x4f,0xdc,0x23,0xf7,0x05,0x14,0x3c,0x18,0x4c,0x40,
  0x03,0x80,0xe8,0x3a,0xf7,0x26,0x99,0xf7,0xc0,0xb7,0x2b,0x99,0x35,0x6d,0xa1,0xb2,0x12,0x35,0xb8,0xf4,
  0x25,0x27,0x31,0xcf,0xcf,0x9b,0x55,0x5e,0xd0,0x84,0xc6,0x23,0x43,0xc6,0x55,0xab,0xeb,0xa6,0x2b,0x9c,
  0x50,0x1d,0xb4,0x4a,0x36,0x96,0xba,0x7f,0x89,0xa7,0xaa,0x9e,0x5e,0x63,0x16,0x9e,0x98,0x80,0xe7,0x2d,
  0x2b,0xe3,0xd5,0x4a,0xe9,0x1c,0xc0,0x21,0x14,0x8f,0xa0,0xe0,0xde,0x3c,0x16,0xb8,0xee,0x6a,0x6d,0xf1,
  0x54,0xc6,0xf7,0xb2,0x06,0xf2,0xee,0x24,0xee,0x5c,0x3e,0xbc,0x10,0xb6,0x33,0xbf,0x63,0xde,0x1d,0xc7,
  0x2e,0xde,0x11,0x0b,0x74,0x7f,0x1e,0x24,0xa7,0xc2,0x78,0x71,0xf7,0xc9,0xb5,0xfc,0xa2,0x52,0x8f,0x67,
  0xd9,0x31,0x2a,0x73,0x9f,0xca,0xfc,0x22,0x69,0xcd,0xa7,0xfc,0xa1,0x2b,0xdc,0x5c,0x06,0x52,0x78,0xf9,
  0xa3,0x3b,0x93,0x06,0x1d,0x1f,0x41,0x39,0x81,0x6d,0x45,0x4f,0xbc,0xa2,0xb9,0xa6,0xd5,0x34,0x9a,0x43,
  0xd3,0x97,0x8f,0xe8,0xaa,0x6b,0xfc,0x2c,0x79,0x45,0x99,0xdc,0x38,0xc0,0xee,0xfe,0xf9,0xb9,0x0c,0xc1,
  0x54,0xa8,0xae,0x22,0x32,0xda,0x1a,0x91,0x79,0x4b,0x91,0xf4,0x54,0xd0,0x57,0x33,0xc9,0x96,0x9a,0x14,
  0xe6,0x47,0x0d,0x28,0x91,0x54,0xbb,0xd9,0xef,0xb7,0xc0,0x45,0x8f,0x1a,0x83,0x20,0x88,0x1f,0x3b,0xf4,
  0x93,0xc5,0xb3,0xba,0xe4,0xca,0x3c,0x05,0x27,0xc6,0x99,0x06,0xa1,0xfc,0xe6,0x09,0x2e,0x0d,0xea,0x2e,
  0x08,0xfa,0x18,0xba,0x33,0x9e,0x05,0x23,0xbd,0xd4,0xa4,0xb3,0x97,0x54,0x11,0x79,0x67,0x46,0xd0,0xd7,
  0xe9,0xd1,0xe9,0x27,0x67,0x91,0x86,0x33,0xef,0xa4,0xae,0x13,0x0e,0x3a,0xbb,0xf8,0xde,0xb9,0xf8,0xd0,
  0x30,0x9e,0x69,0xd7,0x64,0xe5,0x17,0x35,0xbf,0x6b,0x98,0x5d,0xa1,0x3c,0x98,0x6a,0xea,0x6e,0xe4,0xa2,
  0xd5,0xc5,0x12,0x7e,0xa3,0x13,0x5c,0x19,0x7b,0x81,0x33,0xae,0x0c,0xc1,0x9b,0xf5,0x09,0xd1,0x32,0x70,
  0x21,0x9c,0x9d,0x9f,0x97,0x47,0x55,0x07,0x6c,0xfd,0x14,0x0d,0x28,0x40,0x26,0x02,0xa4,0xc4,0x94,0x7e,
  0x0b,0x62,0x96,0xc3,0x27,0x89,0xe4,0x9a,0x8c,0xa6,0x24,0xa2,0x51,0x0b,0xd6,0x06,0x28,0x18,0xfd,0x61,
  0x38,0x9f,0xc6,0x01,0x26,0x0b,0x5e,0x50,0xd6,0x83,0xb6,0xf1,0xf0,0xe6,0xf2,0xdf,0xb8,0x7e,0xbc,0xcb,
  0xd9,0xec,0xd6,0x76,0xb5,0x5a,0x03,0x83,0xcd,0x39,0x6e,0xdc,0x85,0x5e,0xa1,0xe6,0x35,0x5a,0x59,0x49,
  0xd3,0x24,0x50,0x6d,0xd5,0xe6,0x02,0x53,0x77,0xaa,0xed,0xe1,0x58,0x67,0x14,0x06,0x6a,0x13,0xf5,0x63,
  0xed,0x6c,0x22,0xe2,0x51,0xe0,0x80,0xd4,0x3d,0x7b,0xf9,0xca,0xac,0xf1,0x67,0xe4,0xa2,0xee,0x99,0x29,
  0x05,0xa2,0xfe,0x6a,0x3e,0x15,0x20,0x94,0xf6,0x74,0xea,0xb9,0xac,0xcb,0x36,0xd1,0x1d,0x36,0x17,0x35,
  0xbc,0xd5,0xb2,0x5b,0xd8,0xbd,0xc9,0x0e,0x5d,0x37,0xf0,0x6b,0xe2,0xfd,0x94,0xd6,0xf1,0x24,0x17,0x76,
  0xc3,0xc6,0x8c,0x7f,0xd5,0x18,0x45,0x5d,0xfc,0x53,0xa3,0x2d,0x54,0x11,0x3e,0xba,0x0e,0x04,0x82,0x0a,
  0xa1,0xb8,0x5b,0xcc,0x8b,0xfb,0x00,0x77,0xde,0x92,0xe0,0xa6,0x32,0xcc,0x9e,0x22,0x30,0xc2,0xb9,0xc9,
  0x2a,0xfa,0xfc,0xdc,0xa6,0x14,0x29,0x7e,0xde,0xce,0x83,0x32,0xb9,0xf7,0x6e,0x38,0xaa,0xf2,0x9b,0x74,
  0x0c,0x78,0xe7,0x3a,0x5c,0xc6,0x30,0x40,0x01,0xfe,0xc8,0x55,0x13,0x88,0x4e,0xda,0x66,0x86,0x0a,0x8f,
  0x01,0xc9,0x19,0x86,0xdc,0x1b,0x35,0x29,0x28,0xd4,0x00,0x93,0x73,0x5e,0x96,0xaf,0xe7,0xf4,0x11,0x21,
  0x5f,0x0c,0xe6,0x9e,0xfc,0xba,0x90,0xf0,0x81,0xe3,0x71,0xf7,0x0e,0x9a,0x6c,0x60,0x73,0x14,0xb1,0x22,
  0xeb,0xf4,0x79,0xac,0x54,0xc6,0x62,0x5a,0x8d,0xe2,0x74,0xc6,0x70,0x84,0x42,0xd5,0x32,0xef,0x54,0x02,
  0x30,0x9e,0xea,0x63,0x28,0xa7,0xa9,0x11,0x55,0x25,0xb3,0xd4,0x98,0x52,0x45,0xfd,0x4b,0x1c,0x5a,0xed,
  0x5c,0x71,0xda,0x44,0x93,0x69,0x1e,0x74,0x85,0x34,0x3f,0x97,0x33,0xa2,0xbd,0xb3,0x53,0xba,0x22,0xc6,
  0x0b,0x50,0xa0,0xa5,0x4b,0x22,0x6f,0x68,0x83,0x59,0xf6,0xe4,0xe7,0x94,0x22,0xdc,0xd0,0x14,0x4c,0xed,
  0x31,0xde,0x1e,0x5a,0x2a,0xdc,0x59,0x56,0xaa,0xa7,0x82,0x32,0xa9,0x2e,0x35,0x95,0xba,0xb8,0xf1,0x93,
  0x32,0x1f,0x57,0xac,0x51,0xea,0x8a,0xa3,0x90,0x0b,0xa9,0x95,0xa7,0x32,0x70,0x7d,0x47,0x6e,0xd1,0x87,
  0x49,0x40,0xc4,0xac,0xd2,0x64,0xdd,0xb7,0x66,0xd9,0x97,0x2c,0xc1,0x6f,0x5a,0xfb,0xc5,0x4a,0xf3,0xb0,
  0x86,0xdf,0xd1,0x81,0xd6,0xd9,0xd7,0x47,0xa1,0x8d,0xa6,0x21,0x6b,0xd9,0xbd,0x6d,0xb6,0x11,0xe2,0x2d,
  0x78,0x74,0x25,0x3a,0x7e,0x7d,0x60,0x0e,0xad,0xd9,0xbd,0x84,0xf6,0x2f,0xe9,0x06,0x62,0xac,0xa6,0x7c,
  0xc6,0x9a,0x79,0xf9,0x03,0x58,0xb5,0xef,0xf0,0xa2,0x50,0x70,0x5c,0xe7,0xc6,0xa9,0xf2,0x12,0x0f,0x55,
  0xda,0x10,0xda,0xa9,0x6b,0x7b,0x31,0x69,0x91,0xdd,0x60,0xed,0xa7,0x17,0x09,0x67,0xcd,0x6d,0x23,0x51,
  0x57,0xee,0x42,0x0f,0xea,0x9a,0x5a,0xe8,0x22,0xfb,0x20,0x29,0x74,0x52,0xbc,0x93,0x16,0x4f,0xc4,0x67,
  0xf7,0x68,0x9a,0x87,0x8b,0xde,0xd5,0xa4,0x44,0xdc,0x7e,0xe2,0x6a,0x33,0x25,0x2d,0x33,0x9a,0xe1,0xe3,
  0x3a,0x2f,0x92,0xee,0x44,0x8c,0x52,0x57,0xa2,0xe0,0x3d,0xca,0x1c,0x1e,0xfc,0x72,0x51,0x83,0x98,0x74,
  0x51,0x2f,0x26,0x27,0x80,0x6f,0x7b,0x9f,0x0c,0xfd,0x4a,0x97,0x94,0x37,0x1d,0xe1,0xf2,0x29,0x30,0xd8,
  0x80,0x03,0x8d,0xec,0xd3,0xa8,0x05,0xb7,0x85,0xf8,0xed,0x2d,0xf5,0xfd,0xb6,0x79,0x98,0x56,0x55,0x5f,
  0x46,0x5d,0x53,0xbb,0x75,0xd8,0x73,0x42,0xfb,0xe4,0xfe,0x88,0x0e,0x93,0x54,0x69,0x8d,0x32,0xb5,0x9d,
  0xf8,0xa6,0xe2,0x3a,0x40,0x4e,0x3c,0x02,0x95,0xa6,0x7f,0xe8,0xe2,0xe6,0xfe,0x2f,0xe8,0x70,0x02,0x3a,
  0x2d,0x5c,0x70,0x7e,0xce,0x7f,0x1b,0xc1,0xd1,0x11,0x60,0xf9,0x6b,0xfc,0xd6,0x30,0x80,0xde,0xcc,0x6f,
  0x56,0xa1,0x4d,0x32,0x6a,0xa7,0xb1,0x23,0x66,0xee,0x50,0x3c,0x77,0xdf,0x0b,0xef,0x05,0x96,0x9f,0x9f,
  0xb7,0x6a,0x27,0x7d,0xd9,0x0d,0x10,0x10,0x80,0xa5,0x6e,0x6a,0xa3,0x7c,0xe1,0x23,0xfa,0x2a,0x71,0x4f,
  0x96,0xd1,0x57,0x8d,0xfb,0x27,0x9f,0x53,0xd7,0xaa,0x90,0x3f,0x5c,0xdc,0x1f,0xa9,0x52,0x86,0x3c,0x7e,
  0xaf,0x3a,0x02,0x0b,0x2c,0xf7,0x31,0x57,0x4c,0x0b,0x5d,0x43,0x78,0xd7,0x88,0xd0,0x7d,0xab,0x50,0x8b,
  0x1a,0xfd,0xcb,0xc5,0xf8,0xdd,0x6a,0x50,0xb2,0xad,0xe9,0x7b,0xe3,0x6e,0x08,0x81,0x9a,0x99,0x9a,0x29,
  0xca,0xaa,0xf7,0xa5,0xbc,0x34,0xe4,0xb3,0x5a,0x6b,0x0a,0x97,0xb3,0xfe,0x10,0xf1,0x4d,0x83,0xe1,0x48,
  0xba,0xe2,0x60,0xe4,0x41,0xc9,0xf5,0xd3,0x66,0x9e,0x0d,0xd1,0xf0,0x14,0xdb,0x31,0xc2,0x69,0xb5,0x39,
  0xea,0x1f,0x84,0x6f,0x23,0xdc,0xcd,0x71,0x58,0x4d,0x4f,0x71,0x15,0xfa,0x95,0xd0,0xc7,0x61,0x30,0x06,
  0xcf,0x13,0xef,0x9b,0x35,0x3f,0xb3,0x06,0xd6,0x91,0x25,0x4c,0x9e,0x80,0xeb,0x79,0xaa,0x7c,0xcf,0xda,
  0xdb,0xdb,0xdb,0x52,0x53,0xf0,0xc4,0x51,0xdc,0xdf,0xb2,0x6a,0x21,0x61,0xeb,0xa4,0xde,0xb2,0x6a,0x71,
  0x30,0xed,0xc3,0x1f,0xfe,0xf2,0x7a,0x7f,0x54,0xb7,0x76,0x89,0xc8,0x00,0xa9,0x5c,0x28,0x02,0x3e,0x90,
  0x7d,0xbe,0x22,0xf4,0xa5,0x77,0x7b,0x47,0x78,0xd9,0x05,0xa8,0x08,0xf0,0xda,0x3c,0x1f,0xb7,0xa6,0x06,
  0xf2,0xcb,0x0f,0x10,0x29,0x76,0x78,0x57,0x16,0x6e,0x67,0xcb,0x2e,0xec,0x6d,0x98,0x35,0x04,0xa0,0x36,
  0xda,0xb4,0xd4,0xf2,0x91,0x4c,0x58,0xe0,0x37,0x78,0xf8,0x20,0x0e,0x78,0x33,0x8d,0x46,0x03,0x46,0xaf,
  0xe2,0xf2,0x47,0x3f,0x3d,0x9d,0xa3,0x0a,0xc1,0x01,0xca,0x0a,0xe9,0xc3,0xdd,0xd0,0xa4,0xfa,0x79,0xa3,
  0xd5,0xa9,0xb5,0xaa,0x35,0x2f,0x38,0xe9,0xe3,0x67,0xb4,0xa1,0x16,0xa8,0xb5,0xe3,0x51,0x1f,0x2a,0xdc,
  0xc6,0x07,0xde,0xdf,0x2d,0x51,0x0f,0x32,0x93,0x23,0x0c,0x28,0x4e,0xad,0x53,0x55,0x49,0xd1,0x89,0xb1,
  0x50,0x6f,0x15,0xda,0xf0,0x66,0xe9,0x36,0xe6,0x33,0xf3,0x9b,0xd1,0xfb,0x5b,0xfa,0x6e,0x74,0xf0,0x21,
  0x83,0xe9,0xed,0x0a,0xa3,0x17,0xef,0x03,0xae,0x7e,0xee,0x6e,0x6e,0x11,0x99,0x06,0xe2,0xd8,0xf5,0x9f,
  0xc3,0xb0,0x15,0x26,0x28,0x46,0x38,0xaf,0x82,0x0a,0xa1,0x68,0xce,0x45,0xb8,0x11,0x0d,0x8a,0x88,0x5c,
  0xaa,0x8c,0xe9,0x2e,0xdb,0xa4,0x64,0x81,0xb8,0x0c,0x27,0x5c,0xe7,0x7f,0x01,0x0f,0x34,0x4e,0xb5,0x66,
  0xd5,0xe6,0xb7,0xb7,0xc0,0xc0,0xa6,0x61,0x7c,0x84,0x51,0x7c,0x2a,0xe1,0x05,0x3e,0x02,0x89,0x0b,0xbc,
  0x20,0x4c,0xc7,0x66,0xa9,0xb6,0x96,0xc0,0xc5,0xd9,0x4e,0xd5,0x22,0x49,0x0d,0x97,0x28,0xdd,0x20,0xc1,
  0x74,0x7d,0x36,0x4e,0x88,0xe3,0x48,0x1c,0xa6,0x09,0x39,0x5a,0x78,0x53,0xfc,0x4d,0x7c,0x56,0x14,0x19,
  0x79,0x20,0xe8,0x6c,0x9a,0x2d,0xc1,0x80,0x38,0x02,0x2f,0x09,0xc9,0x2a,0xef,0xfb,0x88,0xa0,0xdb,0x8c,
  0x93,0x3a,0xfe,0xae,0x7e,0x5e,0x10,0x34,0xde,0xbf,0x58,0xdd,0xac,0x00,0x5d,0xe5,0xef,0xda,0xbc,0x2f,
  0x49,0x90,0x23,0x05,0x0f,0x47,0xe8,0xda,0xcc,0x30,0x47,0x80,0x01,0x00,0xb8,0xa8,0x91,0xeb,0x57,0x4d,
  0xf4,0x60,0x0f,0xc8,0xae,0x91,0xec,0x3d,0xd2,0x46,0x00,0xb0,0x86,0x46,0x34,0x2a,0x9c,0xaa,0x0d,0xee,
  0x29,0x8e,0xf2,0x5d,0x2e,0x72,0x14,0xa5,0x54,0xb1,0xce,0x75,0xa0,0x50,0x5b,0xda,0x01,0x11,0xa5,0x56,
  0x52,0x36,0x4e,0x35,0xc5,0x59,0x19,0x43,0xd9,0xe1,0x90,0xb9,0xa9,0x74,0xea,0x4b,0xbd,0x14,0xd1,0x50,
  0x6b,0xd7,0x9a,0x9c,0x86,0x78,0xfe,0xf8,0x73,0xab,0x5a,0x50,0x2d,0x3a,0xab,0x60,0x29,0x3a,0x66,0x2b,
  0x95,0x4f,0x8e,0x53,0x55,0x34,0x4d,0x94,0xa1,0x43,0x2c,0xeb,0x82,0xe9,0xda,0x59,0xe1,0x54,0x6c,0xf1,
  0x50,0xec,0xa2,0x2a,0xb5,0x4a,0xbd,0x93,0x2e,0x8e,0x43,0x2f,0xfd,0x74,0x9c,0xeb,0x09,0xf4,0xcf,0x01,
  0x48,0x7e,0xa2,0x08,0x05,0x6b,0xda,0x7a,0xbb,0x43,0xe0,0x2d,0xf2,0xb6,0x56,0x59,0xe1,0x33,0xb5,0xa4,
  0x3f,0x99,0x46,0xfd,0xb7,0x67,0x40,0x8b,0xae,0xcc,0x6a,0x6b,0x49,0x5e,0xb3,0x46,0xf8,0xee,0x9a,0x9f,
  0x89,0xdd,0xc1,0xf6,0xb6,0x0d,0x21,0x19,0xd7,0x94,0x69,0xef,0xd2,0xaa,0x3b,0x43,0xdb,0xb6,0xb7,0xcc,
  0x05,0x5b,0x7d,0xda,0x76,0x92,0x7d,0xc0,0xc1,0xac,0xd1,0x88,0xd5,0xdc,0x3b,0xf6,0x21,0xcd,0x9a,0x04,
  0x83,0x52,0x84,0xcf,0x39,0xe5,0x5b,0x1c,0xff,0x70,0x39,0xbb,0xe1,0x05,0xb6,0xc3,0xf6,0x61,0x9e,0xcb,
  0x70,0xe8,0x47,0x77,0x74,0x55,0xa0,0x85,0xa9,0x12,0xa8,0x3b,0x78,0xf7,0x67,0xdc,0xb7,0x76,0x77,0xcd,
  0xb2,0x8d,0x5f,0xbc,0xc3,0x41,0xa9,0x15,0x08,0xe9,0xcb,0x5e,0xf3,0x9a,0x77,0xb5,0x34,0xe1,0x21,0x57,
  0x6b,0xd4,0xdd,0xdf,0x30,0x88,0x5a,0x35,0xa7,0xb6,0xe8,0x4b,0xe9,0xdf,0xa2,0x28,0xe6,0x8b,0x5e,0x9f,
  0x06,0xe1,0x18,0x3f,0x12,0xca,0x97,0x75,0xe7,0xec,0x1c,0xe5,0x8a,0x72,0x00,0x66,0xdb,0x66,0x36,0x0d,
  0x98,0x11,0x78,0xea,0xd0,0xfa,0xf2,0xcf,0x58,0x93,0x3e,0x1c,0x81,0x1f,0x0c,0x50,0xcb,0x82,0xf2,0xf6,
  0x04,0x3b,0xc2,0x8d,0xce,0x78,0xd4,0xf0,0x38,0xb4,0x8f,0x12,0x19,0x5a,0x39,0xf2,0x43,0x48,0x0d,0x4a,
  0xea,0xf2,0xfc,0x00,0xb4,0xe5,0x4d,0x62,0x99,0xfe,0xa5,0xd5,0x11,0x1d,0x1f,0x72,0x3f,0x05,0xb6,0xc2,
  0x30,0x16,0x7e,0xa5,0x8c,0x17,0xae,0xdc,0x37,0x15,0x63,0xb2,0x2d,0xeb,0x74,0x46,0x29,0x60,0x91,0x13,
  0x9c,0x3b,0xa9,0xa0,0x89,0x75,0x02,0x55,0x48,0x91,0x75,0xcd,0x67,0xf8,0x31,0x07,0xfc,0xe0,0x0b,0x60,
  0x4d,0xe4,0x93,0x96,0x80,0x30,0xdc,0x49,0xd8,0x18,0x83,0x14,0xc0,0x1f,0xbe,0x59,0x3d,0xcd,0x38,0xc7,
  0xce,0x6a,0x70,0xd1,0xb5,0x8b,0x9d,0xfc,0xce,0x00,0x99,0xc8,0x04,0xe6,0x53,0x9b,0x71,0x62,0xa7,0xba,
  0xd0,0xf1,0xa8,0x8a,0xc3,0xea,0x22,0xe7,0x1d,0xa7,0x81,0xb0,0xc6,0x15,0x25,0x69,0xff,0xcc,0x25,0xca,
  0x1f,0x22,0xfd,0x60,0x5e,0xc1,0x4e,0x69,0x04,0x0c,0x31,0x2d,0xc2,0x43,0x1f,0x61,0xb9,0xce,0x3e,0xf1,
  0x34,0x71,0xb8,0x3e,0x95,0xa5,0x76,0xf7,0xa4,0xcb,0x05,0x32,0xf5,0x90,0xe6,0x3b,0x39,0xc9,0x97,0x73,
  0xc5,0xc0,0x7a,0xad,0xde,0x91,0x67,0x9b,0xd5,0x5a,0x12,0x7a,0xfd,0xdf,0xbc,0xf8,0x4a,0x9d,0xae,0xa3,
  0xab,0x13,0xe0,0x99,0xf4,0xfa,0x3d,0x2f,0x18,0x54,0xde,0x16,0xb2,0x44,0x12,0x01,0x35,0x5a,0xca,0xb1,
  0xaa,0x87,0xb5,0x33,0xdc,0x31,0x56,0x96,0x64,0xaa,0xe2,0x9e,0x29,0x7f,0xdc,0x18,0x41,0xd8,0xdf,0x87,
  0x71,0xf8,0x09,0x37,0x4f,0xa3,0x62,0xe9,0xab,0x1d,0x3f,0x12,0xdb,0xb4,0x50,0x6b,0x72,0x1d,0xc2,0x0f,
  0xef,0xa9,0xd5,0x97,0xa0,0x11,0x4e,0x60,0x77,0xb0,0xae,0x19,0x9c,0xd0,0x6f,0xb5,0x46,0xbc,0xb9,0xd0,
  0x83,0x1f,0xb9,0x7b,0xe5,0x3e,0x5e,0x2f,0x30,0xc4,0x23,0xb1,0x67,0x39,0xf7,0x44,0x9d,0xcd,0xa4,0x57,
  0x52,0x9d,0xbd,0x25,0xbe,0xaa,0xe5,0xd6,0x2b,0xc8,0xab,0x19,0xf2,0x21,0x88,0x66,0x56,0xef,0x8f,0xbf,
  0x83,0x7a,0x5f,0xda,0x91,0x1f,0x64,0x35,0xf6,0xfb,0x56,0x56,0xe1,0xdb,0x7f,0x0f,0x15,0x9e,0x83,0x86,
  0x7d,0x97,0xaf,0x04,0xdd,0xb4,0xb5,0x6e,0xfe,0x06,0x6a,0xbd,0xc1,0xbb,0xde,0xf0,0x24,0x74,0xae,0xd6,
  0x56,0x07,0x22,0x32,0xf9,0x73,0x37,0x6d,0xf1,0xbf,0xff,0xf6,0x0f,0xff,0x1f,0x34,0x79,0xe2,0x8d,0xec,
  0xac,0xf6,0x41,0x7f,0xaf,0xa3,0x8d,0xfc,0x7b,0xa8,0x70,0x2f,0x48,0x2e,0xff,0x34,0xce,0xd5,0xd9,0x01,
  0xcf,0x83,0xc1,0xdc,0xd9,0x49,0xbb,0xde,0xcd,0x46,0xd9,0xdd,0xce,0xfa,0xf8,0xef,0xff,0x0e,0x53,0x06,
  0x3e,0x9e,0x6d,0xa1,0xd0,0xff,0xb0,0xa7,0x01,0xf0,0x3f,0xe0,0xdd,0x83,0x8b,0xef,0x2e,0x3f,0x5c,0xfe,
  0x3d,0x84,0xfc,0x65,0x26,0xe3,0x6b,0xc6,0x3d,0x9f,0x57,0x5d,0xbb,0x35,0x40,0xdd,0xf7,0x0e,0x26,0xa3,
  0x11,0xe0,0x97,0x99,0x27,0xf8,0x65,0x66,0xba,0xf7,0x7d,0xd6,0xda,0x54,0x9f,0x74,0xbb,0x03,0x5a,0xde,
  0x8d,0x13,0x00,0xb3,0xd3,0x6c,0xe0,0xc5,0x99,0xdb,0xb7,0xbc,0x00,0x98,0x91,0x8a,0x5a,0x5b,0x8d,0x1d,
  0xf0,0x4b,0xda,0xb7,0xe4,0x8a,0x64,0x5f,0x5b,0xc7,0xfd,0xad,0x35,0xa9,0x61,0xca,0x07,0x63,0xf1,0xdf,
  0xaa,0xe5,0x5a,0x2c,0x94,0xdc,0xf1,0x5b,0x9c,0x7b,0x0d,0xc3,0xd9,0xdf,0x46,0x53,0x21,0x9c,0xdf,0xb6,
  0x9a,0x93,0x5b,0x0e,0x28,0xa7,0x79,0x3f,0x57,0x23,0xdf,0xe5,0x6f,0x21,0xac,0x58,0x2a,0x72,0xfd,0x5b,
  0xa8,0xf1,0x4e,0x71,0xdb,0x27,0xdf,0x1d,0xf2,0x4b,0xeb,0x0b,0x75,0x7b,0xc8,0x99,0xdc,0xbf,0x40,0x09,
  0xb7,0x97,0xf4,0xbb,0x21,0x97,0xd6,0x2b,0xad,0xa6,0xe4,0xdd,0xe2,0x4e,0x83,0xa2,0xb9,0x53,0xde,0xd0,
  0x49,0xf9,0x06,0x87,0x52,0xf7,0xfb,0x44,0x9d,0x7e,0xbd,0xd3,0xc8,0x03,0x5c,0x2d,0xe9,0x5e,0xdf,0xf0,
  0x75,0xd2,0x2b,0xec,0x07,0xd3,0x56,0x0b,0x40,0xb5,0xe9,0x9f,0x2a,0x2f,0x28,0x41,0x88,0x5c,0xd2,0x51,
  0x8b,0x83,0xe6,0x9b,0x2e,0x2d,0xdf,0xe8,0x32,0x9b,0xf5,0xa1,0x53,0x42,0x25,0xc8,0x0d,0x33,0xd7,0x17,
  0x52,0x70,0x1d,0x18,0x79,0x0a,0xcb,0xa5,0xad,0xc9,0xe6,0xc8,0xd4,0x3b,0xc1,0xe5,0xfd,0x35,0x7d,0x94,
  0xf2,0x11,0xf5,0xf4,0x4b,0xea,0x46,0x31,0x6b,0xa9,0x1d,0xff,0x85,0x76,0xea,0x63,0x6d,0xc5,0x7c,0xec,
  0x99,0xc6,0xd0,0x3b,0xb5,0x93,0x06,0xf1,0x25,0xb1,0x8d,0x8a,0xe4,0xf5,0xc0,0x74,0x28,0xbc,0xd5,0xfb,
  0xb3,0x1d,0x77,0x06,0x9a,0xde,0xb1,0xe7,0x57,0x6d,0xbb,0xc6,0xcf,0x3e,0xaf,0xde,0x74,0x4d,0x7b,0xb7,
  0x27,0xd3,0x2b,0x3a,0xe9,0xc1,0x38,0x79,0x34,0x2a,0x87,0x42,0x9f,0xc3,0x5b,0xf7,0xf0,0xb6,0xf9,0xaa,
  0x85,0xdf,0x32,0x82,0xff,0xcd,0xcc,0xb1,0xc0,0x9a,0x45,0x4f,0xfd,0x44,0x88,0x31,0xdd,0xaf,0x13,0x8d,
  0xd0,0xa2,0xa2,0xb0,0x00,0xa0,0x6b,0x78,0x87,0xc7,0xd1,0x39,0x07,0xc6,0xab,0x62,0x72,0x0d,0x27,0xb0,
  0x4c,0x64,0x09,0xd7,0x92,0x98,0x43,0x2b,0xa2,0xf1,0x3f,0xfd,0x83,0xda,0xac,0xb1,0xaa,0xae,0xeb,0x67,
  0x75,0x21,0x42,0x02,0x6a,0x28,0x37,0x04,0x00,0x27,0xbc,0x12,0xee,0x56,0xb2,0x82,0xda,0x87,0x8c,0x0d,
  0x87,0xa0,0xdd,0xc4,0x53,0x9c,0x09,0x2f,0x62,0x17,0xd8,0x4b,0xab,0x4a,0x7e,0x8f,0x62,0xe0,0x32,0x57,
  0x26,0xfb,0xdc,0x7d,0x61,0xed,0x33,0x2f,0xde,0x7f,0x6d,0xa0,0x54,0x36,0xa9,0x6b,0xc0,0x63,0x8f,0xe3,
  0xc4,0xf6,0xdc,0x53,0xf2,0xc0,0x83,0x7f,0x51,0xf0,0xd6,0x42,0xa5,0x3e,0xce,0x83,0x70,0xe4,0xbf,0xc8,
  0x83,0xe7,0xb3,0x9f,0x8a,0xd1,0xcc,0x3d,0x05,0xff,0x1e,0x20,0xf6,0xd2,0x6f,0x3d,0xe9,0x1f,0x04,0x02,
  0xeb,0x77,0x8c,0x5b,0xbb,0x5c,0x0a,0x01,0x5c,0xd9,0x5b,0xd2,0x30,0xe5,0xae,0x33,0x54,0xcd,0x9a,0x76,
  0xcd,0xf9,0x79,0xf9,0x99,0x1e,0xb4,0xf9,0x2a,0x8b,0xea,0xd9,0xd2,0xf6,0xdb,0xf5,0x6a,0x97,0x7d,0xe2,
  0xf5,0xfa,0xd5,0xc4,0xef,0x13,0xd9,0xd1,0xf2,0xed,0x28,0xe6,0x15,0xca,0x74,0xa9,0xf3,0x65,0x5d,0x99,
  0x56,0xf9,0x59,0xf4,0xe0,0x15,0x6c,0xad,0xe1,0xe6,0x0e,0xee,0xc7,0x0c,0x2f,0x3f,0x60,0xfc,0xa6,0x13,
  0x0e,0x68,0x35,0xbb,0xf8,0x61,0x8a,0xb7,0xa2,0x66,0x04,0x31,0xbb,0x6b,0x48,0x5d,0xe6,0xec,0x5f,0x8b,
  0xa9,0xff,0x0a,0x68,0x9e,0x5f,0x05,0xc0,0x5a,0xb6,0xcd,0x3e,0x3c,0xf6,0xf1,0x1b,0xd7,0xa1,0xef,0x5a,
  0xf0,0xe2,0x1f,0xf3,0x23,0xd1,0xf9,0x14,0x42,0x4d,0x37,0xc2,0xbb,0x07,0x6c,0x0d,0x24,0xc7,0x05,0xde,
  0x5c,0x5e,0x6c,0xa7,0xa5,0xe8,0xea,0x99,0xdc,0x59,0x4e,0x89,0xae,0xe2,0xba,0x1d,0x3f,0xe7,0x12,0x03,
  0x14,0xec,0xc8,0x1a,0xeb,0xa2,0x1d,0x1a,0x8d,0x42,0x9e,0xeb,0x74,0xca,0x52,0x9b,0x7e,0x7d,0xf0,0x7a,
  0x1d,0xa3,0xbf,0x89,0xa7,0x90,0x95,0x81,0xca,0xda,0x4b,0x23,0x55,0xe5,0xa1,0xd2,0x0a,0xe2,0xbd,0x1b,
  0x7f,0x91,0x56,0xaa,0xc8,0xb4,0x5f,0xa1,0x92,0xfa,0x21,0xfb,0x50,0x8b,0xcd,0x7a,0x3b,0xb5,0xbd,0x94,
  0x03,0xb4,0xe7,0xda,0x37,0x17,0x69,0x6f,0xe9,0x2c,0xf0,0x5c,0x0f,0x6d,0x74,0x90,0xa4,0x1f,0x69,0x4c,
  0xf0,0x7b,0x61,0xc9,0xe5,0x8f,0x2e,0x9e,0x8d,0x0e,0x05,0xfc,0x98,0x18,0x63,0x37,0x88,0xc6,0xb8,0x1b,
  0x74,0xc1,0xf3,0x77,0xdc,0xf2,0x33,0x25,0xb9,0xf3,0x46,0x29,0x9c,0x98,0x84,0x28,0x3b,0x62,0x04,0x9d,
  0xd4,0xd2,0xce,0xe4,0x69,0x24,0xde,0x61,0x50,0x7a,0xb1,0x93,0x8c,0xcb,0x4a,0x9b,0xdd,0x31,0x5b,0xc0,
  0xb6,0x4d,0xb3,0x9a,0x5e,0x28,0xc2,0x1d,0x15,0xeb,0x95,0x5f,0x62,0xa5,0xf5,0x5c,0xe5,0x95,0xef,0xde,
  0x4f,0x03,0x5e,0x8d,0x4e,0x47,0x26,0x86,0xea,0x1e,0xb9,0xbe,0x69,0xd6,0xf8,0x4a,0x38,0x75,0x6d,0x5b,
  0xbf,0xc9,0x05,0x74,0xd5,0xdc,0x43,0x5f,0xde,0x66,0x80,0xfb,0xf7,0x31,0xbc,0xbe,0x2f,0xef,0x69,0x7b,
  0x00,0x8e,0x11,0x9e,0x9a,0xc4,0x89,0x2c,0x57,0x5f,0x37,0x13,0xed,0xbb,0x89,0x66,0x15,0x97,0x13,0x9b,
  0x66,0x0a,0x1a,0x00,0x9d,0x7b,0x9d,0xa2,0x66,0x69,0x08,0x2d,0x6c,0x05,0x07,0xe7,0x84,0x5e,0xd1,0xe5,
  0x74,0x78,0x2d,0x8b,0x9a,0x1b,0xdd,0x32,0x87,0x5b,0x00,0xb5,0x8f,0xb4,0x15,0x8f,0x37,0xe0,0x06,0x29,
  0xf5,0x5d,0xb5,0xe2,0x96,0xf1,0xdc,0x95,0x78,0x77,0x4c,0xf5,0xe5,0xcc,0xf4,0xdb,0x8d,0xa0,0xa2,0xf4,
  0x2f,0x4b,0x02,0x95,0x97,0xbf,0xcb,0x66,0x96,0x00,0x20,0x4f,0x1c,0x6b,0xb9,0x50,0x00,0x49,0xf0,0x1c,
  0x74,0xf8,0x4d,0x73,0x35,0xf4,0x74,0xbe,0xf2,0x46,0xfa,0x5a,0x9d,0x88,0x5e,0xbf,0xc0,0x9f,0x62,0xca,
  0xc4,0xbb,0x6f,0xf1,0x1e,0x44,0x88,0xff,0x7f,0xb1,0xf2,0x78,0xf5,0x4f,0xeb,0x2c,0x4f,0xc1,0x2b,0x04,
  0x71,0x99,0x77,0x56,0xf1,0xc0,0x95,0xc2,0xa7,0xb7,0x5a,0x66,0xe1,0x25,0x29,0x44,0x07,0x63,0xa9,0x16,
  0xc4,0xfb,0x29,0xf6,0x53,0xca,0x57,0x35,0xea,0xf4,0x86,0xfc,0x37,0x9f,0x38,0x01,0xd9,0xa9,0x70,0xba,
  0x44,0x9e,0x05,0x84,0xb6,0xea,0xcc,0xfb,0xad,0x5b,0x37,0xdf,0x9a,0x0f,0xd1,0x80,0x99,0x35,0x08,0xc2,
  0x6a,0xea,0xcc,0xbb,0x76,0x0b,0x19,0x1d,0x5d,0xaf,0xa6,0xf7,0xf9,0x94,0x9c,0x5c,0xa7,0xdb,0x89,0x40,
  0x45,0x4e,0xed,0x63,0xca,0x16,0x55,0x30,0x69,0x9b,0x01,0x55,0x90,0x60,0xed,0xde,0x06,0x72,0x8d,0x7a,
  0xbf,0xb8,0xea,0x04,0xbd,0xc6,0x49,0xeb,0x28,0xc7,0xd4,0xc7,0xe9,0x56,0x7b,0xd7,0x69,0x90,0x9e,0xfb,
  0xe7,0x26,0x37,0xb4,0x13,0xb5,0x80,0x25,0xde,0x4c,0x3b,0x0d,0xc8,0xba,0x73,0xbd,0xb4,0xc5,0x61,0x75,
  0xf5,0xc9,0x73,0xba,0xb0,0x33,0xcd,0x03,0xa6,0x04,0xab,0x5e,0x81,0x85,0x1c,0xc9,0x86,0x4a,0xd8,0xe4,
  0x31,0xf3,0x93,0x2c,0xe4,0xe2,0xd3,0x1c,0x7d,0x28,0xfb,0x6b,0x5c,0xe8,0xda,0xaa,0x7b,0x51,0x17,0x55,
  0xba,0xae,0x33,0xd7,0xff,0xda,0x00,0x0e,0xf3,0x36,0x66,0x8d,0x7e,0xa6,0x77,0xa9,0xca,0xab,0x54,0xf9,
  0xd5,0xea,0x91,0x52,0xed,0x56,0xd0,0x6c,0xbf,0xc0,0xf3,0xc7,0xe9,0x87,0x21,0x4b,0x2e,0x70,0x21,0x43,
  0x6a,0x2f,0xb9,0x4f,0x69,0xbb,0x92,0x77,0x58,0xd4,0x2b,0xbb,0xaf,0x13,0x2f,0xac,0xa4,0x40,0x7a,0xda,
  0xc0,0x1b,0x61,0xe9,0x18,0xa4,0xbc,0xa1,0x53,0xfe,0x86,0x97,0x74,0x11,0x8a,0x3d,0x07,0x7b,0x50,0xb0,
  0x32,0x7c,0x1a,0x4a,0x37,0x3b,0x58,0x1b,0x95,0x84,0x3d,0x11,0xf0,0xb3,0x8e,0x7f,0x0b,0xa0,0xe4,0x2e,
  0x13,0xa5,0xfb,0x32,0x25,0xd3,0x05,0x93,0x20,0x0c,0x75,0x5a,0x13,0x8f,0xfc,0xe6,0xd5,0xfd,0x4a,0x7a,
  0x3d,0x2b,0x82,0x58,0xad,0x65,0xb7,0xb5,0x22,0x98,0xd5,0x7a,0x2b,0x2b,0x81,0x31,0xab,0xb7,0x5b,0xb5,
  0x96,0xdc,0x0a,0xaf,0xc0,0x50,0x7d,0xaf,0x03,0x45,0xd5,0x51,0x87,0x14,0xf0,0x46,0xd7,0x7e,0xfe,0x5a,
  0xd7,0x94,0x9b,0x97,0x35,0x58,0x0d,0x66,0x52,0xb0,0xd5,0x94,0xc1,0xc2,0x0e,0x00,0x6f,0x99,0x1c,0x9c,
  0xc9,0xc2,0x6a,0xa6,0xa2,0xe9,0x91,0x1d,0x35,0x4d,0x6f,0xa0,0x0e,0xd4,0x72,0xe6,0xab,0x0e,0xdb,0xa9,
  0x5c,0x7a,0xee,0xb0,0x8e,0xda,0x94,0x4f,0x7b,0x56,0x23,0xe5,0xc1,0xe3,0x97,0x11,0x8d,0x56,0x47,0xdd,
  0x42,0x63,0x7c,0xfc,0x83,0x00,0x7f,0x7b,0x82,0x9e,0x34,0x7f,0xef,0x35,0xb7,0x33,0xb8,0x70,0x51,0xa8,
  0xd2,0xad,0xb9,0x6b,0x21,0xa8,0x8c,0x93,0xd5,0xb9,0x72,0xe9,0x09,0xd7,0x3a,0x4b,0x6f,0x34,0x9f,0xb8,
  0xc6,0xf7,0x2e,0x2e,0xbd,0x96,0xd9,0xd6,0x9a,0x0c,0x1c,0x7b,0x72,0x77,0xce,0xb2,0x02,0x83,0x21,0xdc,
  0x53,0xb0,0x55,0xd9,0x9a,0x88,0xb6,0xe3,0xe9,0xaf,0xba,0x12,0xe3,0x2c,0x73,0xe5,0xf3,0x4e,0xfc,0x82,
  0xf6,0x43,0x62,0x50,0xd1,0xcb,0x25,0x86,0x7b,0x37,0xf6,0x37,0xe5,0x47,0x41,0xf7,0x37,0xe5,0x07,0xd6,
  0x47,0xf1,0xc4,0x3b,0xb8,0xf1,0x7f,0x00,0xaf,0x71,0x0b,0x23,0xb7,0xcd,0x00,0x00,
};

// ==================== config.h ====================
// Provisional ESP32-WROOM / generic 4 MB esp32dev. Confirm exact board before
// upload.
namespace cfg {
// Original kitchen hardware: outdoor DHT22 remains on GPIO32.
constexpr int IndoorDht = 27, OutdoorDht = 32, Sda = 21, Scl = 22;
// Relay 1: light below oven. Relay 2: free spare output.
// PowerStatus is unused (TpsStatusInstalled=false).
constexpr int Relay = 26, Relay2 = 33, Button = 25, PowerStatus = 17;
constexpr uint8_t InaAddress = 0x40;
// Original v1.8.10 confirms both relay modules ACTIVE LOW. -1 disables outputs.
constexpr int RelayActiveLevel = 0;
constexpr bool RelayRestoreOnBoot = false;
constexpr uint32_t RelayMinimumSwitchMs = 500;
constexpr bool RelaySafetyConfirmed =
    false; // Required only to enable restoring ON.
constexpr bool ButtonInstalled = false;
constexpr bool TpsStatusInstalled = false;
// Explicit first-install opt-in for Arduino IDE users; NVS marker prevents
// repeat formatting.
constexpr bool InitializeHistoryOnFirstBoot = false;
// LOW also indicates shutdown. Enable only after validating VIN2 + hardware
// priority mode.
constexpr bool TpsLowIsVerifiedBackup = false;
constexpr uint32_t SensorIntervalMs = 5000, StaleMs = 15000;
constexpr uint32_t HistoryIntervalMs = 300000, CheckpointMs = 1800000;
constexpr unsigned HistoryCapacity = 288, EventCapacity = 48;
constexpr float SolarCurrentSign =
    1.0f; // +1 or -1, verify IN+/IN- and production direction.
constexpr bool SolarDirectionConfirmed = false;
constexpr const char *SolarLocation =
    "NEOVĚŘENO: místo INA219 na solární větvi";
constexpr const char *Hostname = "homeassistant-esp32";
constexpr const char *Timezone = "CET-1CEST,M3.5.0,M10.5.0/3";
constexpr const char *Ntp1 =
    "pool.ntp.org"; // May be changed to a local NTP server.
constexpr const char *Ntp2 = "time.cloudflare.com";
constexpr const char *FirmwareVersion = "2.2.3-direct-tablet";
constexpr bool uniquePins() {
  const int pins[] = {IndoorDht, OutdoorDht, Sda,    Scl,
                      Relay,     Relay2,     Button, PowerStatus};
  for (unsigned i = 0; i < 8; ++i)
    for (unsigned j = i + 1; j < 8; ++j)
      if (pins[i] == pins[j])
        return false;
  return true;
}
static_assert(!RelayRestoreOnBoot || RelaySafetyConfirmed,
              "Confirm relay safety before restoring a saved ON state");
static_assert(uniquePins(), "GPIO functions must not overlap");
static_assert(SensorIntervalMs >= 2000, "DHT22 interval must be >= 2 seconds");
constexpr bool criticalPin(int pin) {
  return pin == 0 || pin == 2 || pin == 5 || pin == 12 || pin == 15;
}
static_assert(!criticalPin(Relay) && Relay >= 0 && Relay <= 32 &&
                  !criticalPin(Relay2) && Relay2 >= 0 && Relay2 <= 33,
              "Unsafe relay pin");
static_assert(RelayActiveLevel >= -1 && RelayActiveLevel <= 1,
              "Invalid relay polarity");
static_assert(SolarCurrentSign == 1 || SolarCurrentSign == -1,
              "Invalid current sign");
} // namespace cfg

// ==================== src/core/logic.h ====================
namespace logic {
inline float missing() { return std::numeric_limits<float>::quiet_NaN(); }
inline bool climateValid(float t, float h) {
  return std::isfinite(t) && std::isfinite(h) && t >= -40 && t <= 80 &&
         h >= 0 && h <= 100;
}
inline bool solarValid(float bus, float shunt, float current, bool io,
                       bool overflow) {
  return io && !overflow && std::isfinite(bus) && bus >= 0 && bus <= 26 &&
         std::isfinite(shunt) && std::abs(shunt) <= 320 &&
         std::isfinite(current) && std::abs(current) <= 3200;
}
inline float solarPower(float busV, float shuntMv, float currentMa) {
  return (busV + shuntMv / 1000.0f) * currentMa / 1000.0f;
}
enum class Source { Unknown, Mains, Battery };
inline Source source(bool installed, bool high, bool verifiedBackup) {
  return !installed       ? Source::Unknown
         : high           ? Source::Mains
         : verifiedBackup ? Source::Battery
                          : Source::Unknown;
}
inline const char *sourceName(Source s) {
  return s == Source::Mains     ? "MAINS"
         : s == Source::Battery ? "BATTERY"
                                : "UNKNOWN";
}
struct Climate {
  float temperature = missing(), humidity = missing(), minimum = missing(),
        maximum = missing(), minHumidity = missing(), maxHumidity = missing();
  bool valid = false;
  uint64_t lastSuccessMs = 0;
  unsigned errors = 0;
  void read(float t, float h, uint64_t now) {
    valid = climateValid(t, h);
    if (!valid) {
      temperature = humidity = missing();
      ++errors;
      return;
    }
    temperature = t;
    humidity = h;
    lastSuccessMs = now;
    if (!std::isfinite(minimum) || t < minimum)
      minimum = t;
    if (!std::isfinite(maximum) || t > maximum)
      maximum = t;
    if (!std::isfinite(minHumidity) || h < minHumidity)
      minHumidity = h;
    if (!std::isfinite(maxHumidity) || h > maxHumidity)
      maxHumidity = h;
  }
};
struct Energy {
  double wh = 0;
  double totalWh = 0;
  int day = 0;
  bool partial = true;
  uint64_t previousMs = 0;
  float previousPower = 0;
  bool previousValid = false;
  void sample(uint64_t now, float watts, bool valid, int localDay,
              bool directionVerified) {
    // Wall-clock jumps/day changes break the integration segment. Never bridge
    // reboots/errors.
    if (day > 0 && localDay > 0 && localDay < day) {
      previousValid = false;
      return;
    }
    if (localDay > 0 && localDay != day) {
      wh = 0;
      day = localDay;
      partial = true;
      previousValid = false;
    }
    if (!localDay || !directionVerified) {
      previousValid = false;
      return;
    }
    if (valid && previousValid && now >= previousMs &&
        now - previousMs <= 15000) {
      double increment = (static_cast<double>(previousPower) + watts) * 0.5 *
                         (now - previousMs) / 3600000.0;
      wh += increment;
      totalWh += increment;
    }
    previousMs = now;
    previousPower = watts;
    previousValid = valid;
  }
};
struct RelayState {
  bool on = false;
  uint32_t version = 0;
  bool apply(bool next, uint32_t expected) {
    if (expected != version)
      return false;
    if (next != on) {
      on = next;
      ++version;
    }
    return true;
  }
};
inline bool canSwitchRelay(uint64_t last, uint64_t now, uint32_t interval) {
  return last == 0 || now - last >= interval;
}
inline bool constantEqual(const char *a, const char *b) {
  unsigned diff = 0;
  unsigned i = 0;
  for (; a[i] && b[i]; ++i)
    diff |= static_cast<unsigned char>(a[i] ^ b[i]);
  return diff == 0 && a[i] == b[i];
}
} // namespace logic

// ==================== model.h ====================
struct Solar {
  float bus = logic::missing(), shunt = logic::missing(),
        currentMa = logic::missing(), power = logic::missing(),
        rawCurrentMa = logic::missing(), minimum = logic::missing(),
        maximum = logic::missing();
  bool valid = false;
  uint64_t lastSuccessMs = 0;
  unsigned errors = 0;
};
struct State {
  logic::Climate indoor, outdoor;
  Solar solar;
  logic::Energy energy;
  logic::RelayState relay, relay2;
  logic::Source power = logic::Source::Unknown;
  uint64_t relayAppliedMs = 0;
  bool ota = false, storageReady = false;
  char bootId[17] = {};
};
extern State state;
extern SemaphoreHandle_t stateMutex;
inline uint64_t monotonicMs() { return esp_timer_get_time() / 1000; }
inline State snapshot() {
  xSemaphoreTake(stateMutex, portMAX_DELAY);
  State copy = state;
  xSemaphoreGive(stateMutex);
  return copy;
}
String isoTime();
int localDay();
template <typename Target> inline void nullable(Target target, double value) {
  if (std::isfinite(value))
    target.set(value);
  else
    target.set(nullptr);
}
void addEvent(const char *kind, const char *detail);

// ==================== src/core/json.h ====================
namespace logic {
template <typename Target> inline void jsonNumber(Target target, double value) {
  if (std::isfinite(value))
    target.set(value);
  else
    target.set(nullptr);
}
inline void climateJson(JsonObject o, const Climate &c, uint64_t now,
                        uint64_t staleMs) {
  bool valid =
      c.valid && now >= c.lastSuccessMs && now - c.lastSuccessMs <= staleMs;
  o["available"] = valid;
  o["stale"] = !valid;
  if (c.lastSuccessMs)
    o["ageMs"] = now >= c.lastSuccessMs ? now - c.lastSuccessMs : 0;
  else
    o["ageMs"] = nullptr;
  jsonNumber(o["temperatureC"], valid ? c.temperature : missing());
  jsonNumber(o["humidityPct"], valid ? c.humidity : missing());
  jsonNumber(o["minTemperatureC"], c.minimum);
  jsonNumber(o["maxTemperatureC"], c.maximum);
  jsonNumber(o["minHumidityPct"], c.minHumidity);
  jsonNumber(o["maxHumidityPct"], c.maxHumidity);
  o["errors"] = c.errors;
  o["extremaScope"] = "since_boot";
}
inline bool validCommand(const JsonDocument &input) {
  if (!input.is<JsonObjectConst>() || !input["state"].is<bool>())
    return false;
  for (JsonPairConst field : input.as<JsonObjectConst>())
    if (strcmp(field.key().c_str(), "state") &&
        strcmp(field.key().c_str(), "requestId") &&
        strcmp(field.key().c_str(), "expectedVersion") &&
        strcmp(field.key().c_str(), "bootId"))
      return false;
  if (!input["expectedVersion"].isUnbound() &&
      !input["expectedVersion"].is<uint32_t>())
    return false;
  if (!input["bootId"].isUnbound() && !input["bootId"].is<const char *>())
    return false;
  if (!input["requestId"].isUnbound()) {
    if (!input["requestId"].is<const char *>())
      return false;
    const char *id = input["requestId"];
    if (!strlen(id) || strlen(id) > 40)
      return false;
    for (unsigned i = 0; id[i]; ++i)
      if (!std::isalnum(static_cast<unsigned char>(id[i])) && id[i] != '-' &&
          id[i] != '_')
        return false;
  }
  return true;
}
} // namespace logic

// ==================== modules.h ====================
void storageBegin();
void storageTask(void *);
void sensorsBegin();
void sensorTask(void *);
void relayBegin();
void relayTask(void *);
void relayPost(uint8_t channel = 1);
void forceRelayOffForOta();
void networkBegin();
void networkTick();
void apiBegin();
void apiTick();
void writeState(JsonDocument &doc, const State &s);
void writeClimate(JsonObject object, const logic::Climate &climate,
                  uint64_t now);
void writeSolar(JsonObject object, const State &s, uint64_t now);
void writeRelay(JsonObject object, const State &s, uint8_t channel = 1);
void writePower(JsonObject object, const State &s);
void writeSystem(JsonObject object, const State &s);
void writeHistory(JsonDocument &doc, unsigned limit);
bool apiAuthorize();
void apiError(int status, const char *code, const char *message);
void apiSend(JsonDocument &doc, int status = 200);
extern WebServer server;

void firmwareSetup();
void firmwareLoop();

int executeRelay(uint8_t channel, JsonDocument &input, JsonDocument &doc,
                 uint64_t expires);

// ==================== history.cpp ====================
struct Record {
  uint64_t epoch, uptime;
  char boot[17];
  float ti, to, hi, ho, watts, wh;
};
struct Event {
  uint64_t epoch, uptime;
  char boot[17], kind[16], detail[96];
};
struct Archive {
  uint32_t magic = 0x48413232, version = 2, generation = 0, count = 0, head = 0,
           eventCount = 0, eventHead = 0;
  int day = 0;
  double wh = 0;
  double totalWh = 0;
  Record records[cfg::HistoryCapacity]{};
  Event events[cfg::EventCapacity]{};
};
static Archive archive;
static SemaphoreHandle_t historyMutex;
static bool fsReady = false;
static uint32_t crc(const void *data, size_t size) {
  uint32_t value = ~0u;
  auto bytes = static_cast<const uint8_t *>(data);
  for (size_t i = 0; i < size; ++i) {
    value ^= bytes[i];
    for (unsigned b = 0; b < 8; ++b)
      value = (value >> 1) ^ (0xEDB88320u & -(value & 1));
  }
  return ~value;
}
void addEvent(const char *kind, const char *detail) {
  if (!historyMutex)
    return;
  auto s = snapshot();
  Event e{};
  time_t now = time(nullptr);
  e.epoch = now >= 1700000000 ? now : 0;
  e.uptime = monotonicMs() / 1000;
  strlcpy(e.boot, s.bootId, sizeof(e.boot));
  strlcpy(e.kind, kind, sizeof(e.kind));
  strlcpy(e.detail, detail, sizeof(e.detail));
  xSemaphoreTake(historyMutex, portMAX_DELAY);
  archive.events[archive.eventHead++ % cfg::EventCapacity] = e;
  archive.eventHead %= cfg::EventCapacity;
  archive.eventCount =
      std::min<uint32_t>(archive.eventCount + 1, cfg::EventCapacity);
  xSemaphoreGive(historyMutex);
}
void storageBegin() {
  historyMutex = xSemaphoreCreateMutex();
  configASSERT(historyMutex);
  fsReady = LittleFS.begin(false);
  if (cfg::InitializeHistoryOnFirstBoot) {
    Preferences provision;
    if (provision.begin("home-config", false)) {
      if (!provision.getBool("fs-initialized", false)) {
        if (!fsReady && LittleFS.format())
          fsReady = LittleFS.begin(false);
        if (fsReady)
          provision.putBool("fs-initialized", true);
      }
      provision.end();
    }
  }
  state.storageReady = fsReady;
  if (fsReady) {
    auto loaded = static_cast<Archive *>(malloc(sizeof(Archive)));
    if (loaded) {
      for (const char *path : {"/history0.bin", "/history1.bin"}) {
        File file = LittleFS.open(path, "r");
        uint32_t sum = 0;
        if (file && file.size() == sizeof(Archive) + sizeof(sum) &&
            file.readBytes(reinterpret_cast<char *>(loaded), sizeof(Archive)) ==
                sizeof(Archive) &&
            file.readBytes(reinterpret_cast<char *>(&sum), sizeof(sum)) ==
                sizeof(sum) &&
            loaded->magic == archive.magic && loaded->version == 2 &&
            loaded->count <= cfg::HistoryCapacity &&
            loaded->head < cfg::HistoryCapacity &&
            loaded->eventCount <= cfg::EventCapacity &&
            loaded->eventHead < cfg::EventCapacity &&
            std::isfinite(loaded->wh) && std::isfinite(loaded->totalWh) &&
            sum == crc(loaded, sizeof(Archive)) &&
            loaded->generation >= archive.generation)
          archive = *loaded;
        file.close();
      }
      free(loaded);
    }
  }
  state.energy.day = archive.day;
  state.energy.wh = archive.wh;
  state.energy.totalWh = archive.totalWh;
  state.energy.partial = true;
  addEvent("restart", "Restart ESP32; denní energie může být neúplná");
}
static void checkpoint(const State &s) {
  if (!fsReady)
    return;
  auto copy = static_cast<Archive *>(malloc(sizeof(Archive)));
  if (!copy) {
    addEvent("storage", "Nedostatek paměti pro checkpoint");
    return;
  }
  xSemaphoreTake(historyMutex, portMAX_DELAY);
  archive.day = s.energy.day;
  archive.wh = s.energy.wh;
  archive.totalWh = s.energy.totalWh;
  ++archive.generation;
  *copy = archive;
  xSemaphoreGive(historyMutex);
  uint32_t sum = crc(copy, sizeof(Archive));
  const char *target = copy->generation % 2 ? "/history1.bin" : "/history0.bin";
  File file = LittleFS.open("/history.tmp", "w");
  bool ok =
      file &&
      file.write(reinterpret_cast<uint8_t *>(copy), sizeof(Archive)) ==
          sizeof(Archive) &&
      file.write(reinterpret_cast<uint8_t *>(&sum), sizeof(sum)) == sizeof(sum);
  file.flush();
  file.close();
  free(copy);
  if (ok) {
    LittleFS.remove(target);
    ok = LittleFS.rename("/history.tmp", target);
  }
  if (!ok) {
    xSemaphoreTake(stateMutex, portMAX_DELAY);
    state.storageReady = false;
    xSemaphoreGive(stateMutex);
    addEvent("storage", "Uložení historie selhalo");
  }
}
void storageTask(void *) {
  esp_task_wdt_add(nullptr);
  uint64_t recorded = 0, saved = monotonicMs(), relayChanged = 0;
  bool lastRelay = snapshot().relay.on, persisted = lastRelay;
  bool lastRelay2 = snapshot().relay2.on, persisted2 = lastRelay2;
  uint64_t relay2Changed = 0;
  for (;;) {
    esp_task_wdt_reset();
    uint64_t now = monotonicMs();
    auto s = snapshot();
    if (now - recorded >= cfg::HistoryIntervalMs) {
      recorded = now;
      time_t epoch = time(nullptr);
      Record r{};
      r.epoch = epoch >= 1700000000 ? epoch : 0;
      r.uptime = now / 1000;
      strlcpy(r.boot, s.bootId, sizeof(r.boot));
      r.ti = s.indoor.valid && now - s.indoor.lastSuccessMs <= cfg::StaleMs
                 ? s.indoor.temperature
                 : logic::missing();
      r.to = s.outdoor.valid && now - s.outdoor.lastSuccessMs <= cfg::StaleMs
                 ? s.outdoor.temperature
                 : logic::missing();
      r.hi = s.indoor.valid && now - s.indoor.lastSuccessMs <= cfg::StaleMs
                 ? s.indoor.humidity
                 : logic::missing();
      r.ho = s.outdoor.valid && now - s.outdoor.lastSuccessMs <= cfg::StaleMs
                 ? s.outdoor.humidity
                 : logic::missing();
      r.watts = s.solar.valid && now - s.solar.lastSuccessMs <= cfg::StaleMs
                    ? s.solar.power
                    : logic::missing();
      r.wh = cfg::SolarDirectionConfirmed && s.energy.day == localDay() &&
                     s.energy.day
                 ? s.energy.wh
                 : logic::missing();
      xSemaphoreTake(historyMutex, portMAX_DELAY);
      archive.records[archive.head++ % cfg::HistoryCapacity] = r;
      archive.head %= cfg::HistoryCapacity;
      archive.count =
          std::min<uint32_t>(archive.count + 1, cfg::HistoryCapacity);
      xSemaphoreGive(historyMutex);
    }
    if (s.relay.on != lastRelay) {
      lastRelay = s.relay.on;
      relayChanged = now;
    }
    if (cfg::RelayRestoreOnBoot && lastRelay != persisted &&
        now - relayChanged >= 30000) {
      Preferences prefs;
      if (prefs.begin("home", false)) {
        if (prefs.putBool("relay", lastRelay))
          persisted = lastRelay;
        prefs.end();
      }
    }
    if (s.relay2.on != lastRelay2) {
      lastRelay2 = s.relay2.on;
      relay2Changed = now;
    }
    if (cfg::RelayRestoreOnBoot && lastRelay2 != persisted2 &&
        now - relay2Changed >= 30000) {
      Preferences prefs;
      if (prefs.begin("home", false)) {
        if (prefs.putBool("relay2", lastRelay2))
          persisted2 = lastRelay2;
        prefs.end();
      }
    }
    if (now - saved >= cfg::CheckpointMs) {
      saved = now;
      checkpoint(s);
    }
    vTaskDelay(pdMS_TO_TICKS(1000));
  }
}
void writeHistory(JsonDocument &doc, unsigned limit) {
  doc["capacity"] = cfg::HistoryCapacity;
  doc["intervalSeconds"] = cfg::HistoryIntervalMs / 1000;
  doc["retentionHours"] = 24;
  doc["checkpointSeconds"] = cfg::CheckpointMs / 1000;
  xSemaphoreTake(historyMutex, portMAX_DELAY);
  auto records = doc["records"].to<JsonArray>();
  unsigned count = std::min<uint32_t>(limit, archive.count);
  for (unsigned i = archive.count - count; i < archive.count; ++i) {
    const auto &r =
        archive
            .records[(archive.head + cfg::HistoryCapacity - archive.count + i) %
                     cfg::HistoryCapacity];
    auto o = records.add<JsonObject>();
    if (r.epoch)
      o["epochSeconds"] = r.epoch;
    else
      o["epochSeconds"] = nullptr;
    o["uptimeSeconds"] = r.uptime;
    o["bootId"] = r.boot;
    nullable(o["indoorTemperature"], r.ti);
    nullable(o["outdoorTemperature"], r.to);
    nullable(o["indoorHumidity"], r.hi);
    nullable(o["outdoorHumidity"], r.ho);
    nullable(o["solarPower"], r.watts);
    nullable(o["solarEnergy"], r.wh);
  }
  auto events = doc["events"].to<JsonArray>();
  for (unsigned i = 0; i < archive.eventCount; ++i) {
    const auto &e = archive.events[(archive.eventHead + cfg::EventCapacity -
                                    archive.eventCount + i) %
                                   cfg::EventCapacity];
    auto o = events.add<JsonObject>();
    if (e.epoch)
      o["epochSeconds"] = e.epoch;
    else
      o["epochSeconds"] = nullptr;
    o["uptimeSeconds"] = e.uptime;
    o["bootId"] = e.boot;
    o["kind"] = e.kind;
    o["detail"] = e.detail;
  }
  xSemaphoreGive(historyMutex);
}

// ==================== sensors.cpp ====================
static DHT indoor(cfg::IndoorDht, DHT22), outdoor(cfg::OutdoorDht, DHT22);
static Adafruit_INA219 ina(cfg::InaAddress);
void sensorsBegin() {
  indoor.begin();
  outdoor.begin();
  Wire.begin(cfg::Sda, cfg::Scl, 100000);
  Wire.setTimeOut(50);
}
// Check the raw bus overflow bit in addition to every library transaction
// result.
static bool busRegister(uint16_t &raw) {
  Wire.beginTransmission(cfg::InaAddress);
  Wire.write(0x02);
  if (Wire.endTransmission(false) != 0)
    return false;
  if (Wire.requestFrom(cfg::InaAddress, static_cast<uint8_t>(2)) != 2)
    return false;
  raw = (Wire.read() << 8) | Wire.read();
  return true;
}
void sensorTask(void *) {
  esp_task_wdt_add(nullptr);
  sensorsBegin();
  bool initialized = false;
  TickType_t wake = xTaskGetTickCount();
  for (;;) {
    esp_task_wdt_reset();
    auto old = snapshot();
    auto in = old.indoor, out = old.outdoor;
    auto sol = old.solar;
    auto energy = old.energy;
    uint64_t now = monotonicMs();
    in.read(indoor.readTemperature(), indoor.readHumidity(), now);
    out.read(outdoor.readTemperature(), outdoor.readHumidity(), now);
    if (!initialized) {
      initialized = ina.begin(&Wire);
      if (initialized)
        ina.setCalibration_32V_2A();
    }
    uint16_t raw = 0;
    bool io = initialized && busRegister(raw);
    float v = io ? ina.getBusVoltage_V() : logic::missing();
    io = io && ina.success();
    float shunt = io ? ina.getShuntVoltage_mV() : logic::missing();
    io = io && ina.success();
    float rawCurrent = io ? ina.getCurrent_mA() : logic::missing();
    float current = rawCurrent * cfg::SolarCurrentSign;
    io = io && ina.success();
    uint16_t after = 0;
    io = io && busRegister(after);
    sol.valid =
        logic::solarValid(v, shunt, current, io, (raw & 1) || (after & 1));
    if (sol.valid) {
      sol.bus = v;
      sol.shunt = shunt;
      sol.currentMa = current;
      sol.rawCurrentMa = rawCurrent;
      sol.power = logic::solarPower(v, shunt, current);
      if (!std::isfinite(sol.minimum) || sol.power < sol.minimum)
        sol.minimum = sol.power;
      if (!std::isfinite(sol.maximum) || sol.power > sol.maximum)
        sol.maximum = sol.power;
      sol.lastSuccessMs = now;
    } else {
      sol.bus = sol.shunt = sol.rawCurrentMa = sol.currentMa = sol.power =
          logic::missing();
      ++sol.errors;
      initialized = false;
    }
    energy.sample(now, sol.power, sol.valid, localDay(),
                  cfg::SolarDirectionConfirmed);
    xSemaphoreTake(stateMutex, portMAX_DELAY);
    state.indoor = in;
    state.outdoor = out;
    state.solar = sol;
    state.energy = energy;
    xSemaphoreGive(stateMutex);
    if (in.valid != old.indoor.valid)
      addEvent("sensor",
               in.valid ? "Vnitřní DHT22 obnoven" : "Vnitřní DHT22 nedostupný");
    if (out.valid != old.outdoor.valid)
      addEvent("sensor", out.valid ? "Venkovní DHT22 obnoven"
                                   : "Venkovní DHT22 nedostupný");
    if (sol.valid != old.solar.valid)
      addEvent("sensor", sol.valid ? "INA219 obnoven" : "INA219 nedostupný");
    // Initial failed samples also need an event (initial state is already
    // invalid).
    if (in.errors == 1 && !in.valid)
      addEvent("sensor", "První čtení vnitřního DHT22 selhalo");
    if (out.errors == 1 && !out.valid)
      addEvent("sensor", "První čtení venkovního DHT22 selhalo");
    if (sol.errors == 1 && !sol.valid)
      addEvent("sensor", "První čtení INA219 selhalo");
    vTaskDelayUntil(&wake, pdMS_TO_TICKS(cfg::SensorIntervalMs));
  }
}

// ==================== relay.cpp ====================
struct Command {
  uint8_t channel;
  bool on;
  uint32_t expected;
  char id[41];
  uint64_t expires = 0;
};
struct Result {
  uint8_t channel = 1;
  char id[41] = {};
  bool on = false;
  int status = 0;
  uint32_t version = 0;
};
static QueueHandle_t commands;
static Result results[8];
static unsigned resultHead = 0;
static uint64_t switchedAt[2] = {};
static bool enabled() {
  return cfg::RelayActiveLevel == 0 || cfg::RelayActiveLevel == 1;
}
void relayBegin() {
  commands = xQueueCreate(2, sizeof(Command));
  configASSERT(commands);
  for (int pin : {cfg::Relay, cfg::Relay2}) {
    if (enabled()) {
      digitalWrite(pin, !cfg::RelayActiveLevel);
      pinMode(pin, OUTPUT);
      digitalWrite(pin, !cfg::RelayActiveLevel);
    } else
      pinMode(pin, INPUT);
  } // External verified inactive bias is required
    // before connecting relay.
  if (cfg::ButtonInstalled)
    pinMode(cfg::Button, INPUT_PULLUP);
  if (cfg::TpsStatusInstalled)
    pinMode(cfg::PowerStatus, INPUT); // External 3.3 V pull-up required.
  if (enabled() && cfg::RelayRestoreOnBoot) {
    Preferences prefs;
    if (prefs.begin("home", true)) {
      state.relay.on = prefs.getBool("relay", false);
      state.relay2.on = prefs.getBool("relay2", false);
      prefs.end();
    }
    digitalWrite(cfg::Relay, state.relay.on ? cfg::RelayActiveLevel
                                            : !cfg::RelayActiveLevel);
    digitalWrite(cfg::Relay2, state.relay2.on ? cfg::RelayActiveLevel
                                              : !cfg::RelayActiveLevel);
  }
}
static int apply(uint8_t channel, bool on, uint32_t expected) {
  xSemaphoreTake(stateMutex, portMAX_DELAY);
  auto &relay = channel == 1 ? state.relay : state.relay2;
  int status = !enabled() || state.ota     ? 503
               : relay.version != expected ? 409
               : relay.on != on && !logic::canSwitchRelay(
                                       switchedAt[channel - 1], monotonicMs(),
                                       cfg::RelayMinimumSwitchMs)
                   ? 429
                   : 200;
  if (status == 200) {
    if (relay.on != on)
      switchedAt[channel - 1] = monotonicMs();
    digitalWrite(channel == 1 ? cfg::Relay : cfg::Relay2,
                 on ? cfg::RelayActiveLevel : !cfg::RelayActiveLevel);
    relay.apply(on, expected);
    state.relayAppliedMs = monotonicMs();
  }
  xSemaphoreGive(stateMutex);
  return status;
}
void forceRelayOffForOta() {
  xSemaphoreTake(stateMutex, portMAX_DELAY);
  state.ota = true;
  if (enabled()) {
    digitalWrite(cfg::Relay, !cfg::RelayActiveLevel);
    digitalWrite(cfg::Relay2, !cfg::RelayActiveLevel);
    state.relay.apply(false, state.relay.version);
    state.relay2.apply(false, state.relay2.version);
    state.relayAppliedMs = monotonicMs();
  }
  xSemaphoreGive(stateMutex);
}
void relayTask(void *) {
  esp_task_wdt_add(nullptr);
  bool raw = true, stable = true;
  uint64_t changed = 0;
  for (;;) {
    esp_task_wdt_reset();
    Command command;
    if (xQueueReceive(commands, &command, 0) == pdTRUE) {
      int status = command.expires && monotonicMs() >= command.expires
                       ? 408
                       : apply(command.channel, command.on, command.expected);
      auto s = snapshot();
      xSemaphoreTake(stateMutex, portMAX_DELAY);
      auto &result = results[resultHead++ % 8];
      strlcpy(result.id, command.id, sizeof(result.id));
      result.channel = command.channel;
      result.on = command.on;
      result.status = status;
      result.version =
          command.channel == 1 ? s.relay.version : s.relay2.version;
      xSemaphoreGive(stateMutex);
      if (status == 200) {
        char detail[64];
        snprintf(detail, sizeof(detail), "Relé %u: GPIO %s", command.channel,
                 command.on ? "zapnout" : "vypnout");
        addEvent("relay", detail);
      }
    }
    if (cfg::ButtonInstalled) {
      bool next = digitalRead(cfg::Button);
      if (next != raw) {
        raw = next;
        changed = monotonicMs();
      }
      if (raw != stable && monotonicMs() - changed >= 50) {
        stable = raw;
        if (!stable) {
          auto s = snapshot();
          if (apply(1, !s.relay.on, s.relay.version) == 200)
            addEvent("relay", "Místní tlačítko: změna GPIO");
        }
      }
    }
    auto old = snapshot();
    auto source =
        logic::source(cfg::TpsStatusInstalled,
                      cfg::TpsStatusInstalled && digitalRead(cfg::PowerStatus),
                      cfg::TpsLowIsVerifiedBackup);
    // Debounce status separately from the physical switch.
    static auto candidate = logic::Source::Unknown;
    static uint64_t since = 0;
    if (source != candidate) {
      candidate = source;
      since = monotonicMs();
    }
    if (source != old.power && monotonicMs() - since >= 250) {
      xSemaphoreTake(stateMutex, portMAX_DELAY);
      state.power = source;
      xSemaphoreGive(stateMutex);
      addEvent("power", logic::sourceName(source));
    }
    vTaskDelay(pdMS_TO_TICKS(10));
  }
}
int executeRelay(uint8_t channel, JsonDocument &input, JsonDocument &doc,
                 uint64_t expires) {
  auto reject = [&](int status, const char *code, const char *message) {
    doc["apiVersion"] = 1;
    doc["error"]["code"] = code;
    doc["error"]["message"] = message;
    return status;
  };
  if ((channel != 1 && channel != 2) || !logic::validCommand(input))
    return reject(400, "invalid_body", "Neplatný příkaz relé.");
  for (JsonPair field : input.as<JsonObject>())
    if (strcmp(field.key().c_str(), "state") &&
        strcmp(field.key().c_str(), "expectedVersion") &&
        strcmp(field.key().c_str(), "requestId") &&
        strcmp(field.key().c_str(), "bootId")) {
      return reject(400, "unknown_field", "Neznámé pole příkazu.");
    }
  auto s = snapshot();
  if (input["bootId"].is<const char *>() &&
      String(input["bootId"].as<const char *>()) != s.bootId) {
    return reject(409, "restarted",
                  "ESP32 se restartovalo. Načtěte nový stav.");
  }
  if (!input["bootId"].isNull() && !input["bootId"].is<const char *>()) {
    return reject(400, "boot_id", "Neplatné bootId.");
  }
  if (!input["expectedVersion"].isNull() &&
      !input["expectedVersion"].is<uint32_t>()) {
    return reject(400, "version", "Neplatná verze relé.");
  }
  String id = input["requestId"].is<const char *>()
                  ? input["requestId"].as<const char *>()
                  : String(s.bootId) + "-" +
                        String(static_cast<unsigned long>(esp_random()));
  if (!input["requestId"].isNull() && !input["requestId"].is<const char *>()) {
    return reject(400, "request_id", "Neplatné requestId.");
  }
  if (!id.length() || id.length() > 40) {
    return reject(400, "request_id", "requestId musí mít 1–40 znaků.");
  }
  for (unsigned i = 0; i < id.length(); ++i)
    if (!isalnum(id[i]) && id[i] != '-' && id[i] != '_') {
      return reject(400, "request_id", "Neplatné znaky requestId.");
    }
  bool on = input["state"].as<bool>();
  Result found;
  xSemaphoreTake(stateMutex, portMAX_DELAY);
  for (const auto &result : results)
    if (id == result.id)
      found = result;
  xSemaphoreGive(stateMutex);
  if (found.status) {
    if (found.on != on || found.channel != channel) {
      return reject(409, "duplicate_conflict",
                    "requestId již patří jinému příkazu.");
    }
    if (found.status != 200) {
      return reject(found.status, "command_rejected", "Příkaz nebyl přijat.");
    }
  } else {
    Command cmd{channel,
                on,
                input["expectedVersion"].isNull()
                    ? (channel == 1 ? s.relay.version : s.relay2.version)
                    : input["expectedVersion"].as<uint32_t>(),
                {}};
    cmd.expires = expires;
    strlcpy(cmd.id, id.c_str(), sizeof(cmd.id));
    if (xQueueSend(commands, &cmd, 0) != pdTRUE) {
      return reject(429, "busy", "Relé zpracovává jiný příkaz.");
    }
    uint64_t started = monotonicMs();
    while (monotonicMs() - started < 750 && !found.status) {
      xSemaphoreTake(stateMutex, portMAX_DELAY);
      for (const auto &r : results)
        if (id == r.id)
          found = r;
      xSemaphoreGive(stateMutex);
      delay(5);
    }
    if (found.status != 200) {
      return reject(
          found.status ? found.status : 504,
          found.status == 409 ? "conflict" : "command_failed",
          found.status == 409
              ? "Stav změnil jiný klient. Načtěte jej znovu."
              : "GPIO příkaz nebyl potvrzen. Ověřte konfiguraci relé a "
                "nový stav.");
    }
  }
  doc["apiVersion"] = 1;
  doc["requestId"] = id;
  doc["applied"] = true;
  doc["appliedVersion"] = found.version;
  doc["requestedState"] = on;
  doc["bootId"] = s.bootId;
  auto current = snapshot();
  auto &confirmed = channel == 1 ? current.relay : current.relay2;
  confirmed.on = found.on;
  confirmed.version = found.version;
  doc["channel"] = channel;
  writeRelay(doc["relays"][String(channel)].to<JsonObject>(), current, channel);
  if (channel == 1)
    writeRelay(doc["lighting"]["kitchenLed"].to<JsonObject>(), current);
  return 200;
}

void relayPost(uint8_t channel) {
  if (!apiAuthorize())
    return;
  if (server.header("Content-Type").indexOf("application/json") != 0) {
    apiError(415, "content_type", "Použijte application/json.");
    return;
  }
  if (server.arg("plain").length() > 512) {
    apiError(413, "body_size", "Příkaz je příliš velký.");
    return;
  }
  JsonDocument input;
  if (deserializeJson(input, server.arg("plain")) ||
      !logic::validCommand(input)) {
    apiError(400, "invalid_body",
             "Neplatný příkaz; state musí být boolean a ostatní pole musí "
             "odpovídat API v1.");
    return;
  }
  JsonDocument doc;
  int status = executeRelay(channel, input, doc, 0);
  apiSend(doc, status);
}

// ==================== network.cpp ====================
static bool connected = false, otaStarted = false;
static uint64_t retryAt = 0;
static unsigned backoff = 2000;
static_assert(
    !(HOME_OTA_ENABLED && cfg::RelayRestoreOnBoot),
    "OTA requires RelayRestoreOnBoot=false to guarantee OFF after update");
void networkBegin() {
  retryAt = monotonicMs() + 10000;
  WiFi.persistent(false);
  WiFi.mode(WIFI_STA);
  WiFi.setHostname(cfg::Hostname);
  WiFi.setAutoReconnect(false);
  if (strlen(HOME_WIFI_SSID))
    WiFi.begin(HOME_WIFI_SSID, HOME_WIFI_PASSWORD);
  configTzTime(cfg::Timezone, cfg::Ntp1, cfg::Ntp2);
}
void networkTick() {
  bool up = WiFi.status() == WL_CONNECTED;
  if (up && !connected) {
    connected = true;
    backoff = 2000;
    MDNS.end();
    if (MDNS.begin(cfg::Hostname))
      MDNS.addService("http", "tcp", 80);
    addEvent("wifi", "Wi-Fi připojeno");
    Serial.print("LAN IP: ");
    Serial.println(WiFi.localIP());
    if (HOME_OTA_ENABLED && strlen(HOME_OTA_PASSWORD) >= 16) {
      ArduinoOTA.setHostname(cfg::Hostname);
      ArduinoOTA.setPassword(HOME_OTA_PASSWORD);
      ArduinoOTA.onProgress(
          [](unsigned int, unsigned int) { esp_task_wdt_reset(); });
      ArduinoOTA.onStart([]() { forceRelayOffForOta(); });
      ArduinoOTA.onError([](ota_error_t) {
        addEvent("ota", "Aktualizace selhala; relé zůstává vypnuté");
      });
      ArduinoOTA.begin();
      otaStarted = true;
    }
  }
  if (!up && connected) {
    connected = false;
    MDNS.end();
    addEvent("wifi", "Wi-Fi odpojeno");
  }
  if (!up && strlen(HOME_WIFI_SSID) && monotonicMs() >= retryAt) {
    WiFi.disconnect(false, false);
    WiFi.begin(HOME_WIFI_SSID, HOME_WIFI_PASSWORD);
    retryAt = monotonicMs() + backoff;
    backoff = std::min(backoff * 2, 60000u);
  }
  if (up && otaStarted)
    ArduinoOTA.handle();
}

// ==================== direct-web.cpp ====================
// Local dashboard without a login password.
static bool sameDeviceOrigin() {
  String origin = server.header("Origin");
  return origin.length() && origin == String("http://") + server.hostHeader();
}

void directWebBegin() {
  server.on("/", HTTP_GET, []() {
    server.sendHeader("Content-Encoding", "gzip");
    server.sendHeader("Cache-Control", "no-store");
    server.sendHeader("X-Content-Type-Options", "nosniff");
    server.send_P(200, "text/html; charset=utf-8",
                  reinterpret_cast<const char *>(TABLET_HTML_GZIP),
                  sizeof(TABLET_HTML_GZIP));
  });
  server.on("/favicon.ico", HTTP_GET, []() { server.send(204); });
}

// ==================== api.cpp ====================
WebServer server(80);
static const char *headers[] = {"Authorization", "Origin", "Content-Type", "Cookie"};
static void responseHeaders() {
  server.sendHeader("Cache-Control", "no-store");
  server.sendHeader("X-Content-Type-Options", "nosniff");
  if (strlen(HOME_ALLOWED_ORIGIN) &&
      server.header("Origin") == HOME_ALLOWED_ORIGIN) {
    server.sendHeader("Access-Control-Allow-Origin", HOME_ALLOWED_ORIGIN);
    server.sendHeader("Vary", "Origin");
  }
}
void apiSend(JsonDocument &doc, int status) {
  responseHeaders();
  if (doc.overflowed()) {
    server.send(503, "application/json",
                "{\"error\":{\"message\":\"Nedostatek paměti API.\"}}");
    return;
  }
  // Avoid a second full history-sized allocation; batch TCP writes.
  class BufferedClient : public Print {
    WiFiClient client;
    uint8_t buffer[512];
    size_t used = 0;

  public:
    explicit BufferedClient(WiFiClient c) : client(c) {}
    void flush() {
      if (used) {
        client.write(buffer, used);
        used = 0;
      }
    }
    size_t write(uint8_t c) override {
      buffer[used++] = c;
      if (used == sizeof(buffer))
        flush();
      return 1;
    }
  } output(server.client());
  server.setContentLength(measureJson(doc));
  server.send(status, "application/json; charset=utf-8", "");
  serializeJson(doc, output);
  output.flush();
}
void apiError(int status, const char *code, const char *message) {
  JsonDocument doc;
  doc["apiVersion"] = 1;
  doc["error"]["code"] = code;
  doc["error"]["message"] = message;
  apiSend(doc, status);
}
bool apiAuthorize() {
  String origin = server.header("Origin");
  if (origin.length() && !sameDeviceOrigin() &&
      (!strlen(HOME_ALLOWED_ORIGIN) || origin != HOME_ALLOWED_ORIGIN)) {
    apiError(403, "origin", "Tento původ není povolen.");
    return false;
  }
  return true;
}
static void stamp(JsonObject object, uint64_t ms, uint64_t now, bool valid) {
  object["available"] = valid && now >= ms && now - ms <= cfg::StaleMs;
  object["stale"] = !valid || now < ms || now - ms > cfg::StaleMs;
  if (ms)
    object["ageMs"] = now >= ms ? now - ms : 0;
  else
    object["ageMs"] = nullptr;
}
void writeClimate(JsonObject o, const logic::Climate &c, uint64_t now) {
  logic::climateJson(o, c, now, cfg::StaleMs);
  if (c.lastSuccessMs && isoTime().length()) {
    time_t epoch =
        time(nullptr) - static_cast<time_t>((now - c.lastSuccessMs) / 1000);
    struct tm t;
    gmtime_r(&epoch, &t);
    char text[25];
    strftime(text, sizeof(text), "%Y-%m-%dT%H:%M:%SZ", &t);
    o["readingTimestamp"] = text;
  } else
    o["readingTimestamp"] = nullptr;
}
void writeSolar(JsonObject o, const State &s, uint64_t now) {
  stamp(o, s.solar.lastSuccessMs, now, s.solar.valid);
  bool valid = o["available"].as<bool>();
  nullable(o["voltageV"], valid ? s.solar.bus : logic::missing());
  nullable(o["shuntVoltageMv"], valid ? s.solar.shunt : logic::missing());
  nullable(o["currentMa"], valid ? s.solar.currentMa : logic::missing());
  nullable(o["rawCurrentMa"], valid ? s.solar.rawCurrentMa : logic::missing());
  nullable(o["minPowerW"], s.solar.minimum);
  nullable(o["maxPowerW"], s.solar.maximum);
  o["extremaScope"] = "since_boot";
  nullable(o["energyTotalWh"],
           cfg::SolarDirectionConfirmed ? s.energy.totalWh : logic::missing());
  o["totalScope"] = "monitored_signed_energy_since_installation";
  nullable(o["currentA"],
           valid ? s.solar.currentMa / 1000.0f : logic::missing());
  nullable(o["powerW"], valid ? s.solar.power : logic::missing());
  nullable(o["energyTodayWh"], cfg::SolarDirectionConfirmed && s.energy.day &&
                                       s.energy.day == localDay()
                                   ? s.energy.wh
                                   : logic::missing());
  o["energyPartial"] = s.energy.partial;
  if (s.energy.day)
    o["energyDay"] = String(s.energy.day);
  else
    o["energyDay"] = nullptr;
  o["directionConfirmed"] = cfg::SolarDirectionConfirmed;
  o["measurementLocation"] = cfg::SolarLocation;
  o["errors"] = s.solar.errors;
}
void writeRelay(JsonObject o, const State &s, uint8_t channel) {
  const auto &relay = channel == 1 ? s.relay : s.relay2;
  o["commandedOn"] = relay.on;
  o["version"] = relay.version;
  o["controlAvailable"] = (cfg::RelayActiveLevel >= 0) && !s.ota;
  o["feedbackAvailable"] = false;
  o["physicalOn"] = nullptr;
  o["acknowledgement"] = "gpio_command_only";
  o["appliedUptimeMs"] = s.relayAppliedMs;
}
void writePower(JsonObject o, const State &s) {
  o["activeSource"] = logic::sourceName(s.power);
  o["statusInstalled"] = cfg::TpsStatusInstalled;
  o["backupVerified"] = cfg::TpsLowIsVerifiedBackup;
  o["statusLowAmbiguous"] =
      cfg::TpsStatusInstalled && s.power != logic::Source::Mains;
  o["batteryVoltageV"] = nullptr;
  o["batterySocPct"] = nullptr;
  o["batteryCurrentA"] = nullptr;
  o["batteryChargeStatus"] = nullptr;
  o["switching"] = "hardware_controlled";
  o["tabletPower"] = "independent_mains";
}
void writeSystem(JsonObject o, const State &s) {
  o["firmwareVersion"] = cfg::FirmwareVersion;
  o["buildTimestamp"] = __DATE__ " " __TIME__;
  o["freeHeapBytes"] = ESP.getFreeHeap();
  o["uptimeSeconds"] = monotonicMs() / 1000;
  o["wifiConnected"] = WiFi.status() == WL_CONNECTED;
  if (WiFi.status() == WL_CONNECTED) {
    o["wifiRssiDbm"] = WiFi.RSSI();
    o["ip"] = WiFi.localIP().toString();
  } else {
    o["wifiRssiDbm"] = nullptr;
    o["ip"] = nullptr;
  }
  o["rebootReason"] = static_cast<int>(esp_reset_reason());
  o["timeSynchronized"] = isoTime().length() > 0;
  o["storageReady"] = s.storageReady;
  o["otaEnabled"] = HOME_OTA_ENABLED && strlen(HOME_OTA_PASSWORD) >= 16;
  o["otaInProgress"] = s.ota;
  o["hostname"] = cfg::Hostname;
}
void writeState(JsonDocument &doc, const State &s) {
  doc["apiVersion"] = 1;
  doc["deviceId"] = cfg::Hostname;
  doc["bootId"] = s.bootId;
  auto timestamp = isoTime();
  if (timestamp.length())
    doc["timestamp"] = timestamp;
  else
    doc["timestamp"] = nullptr;
  doc["uptimeSeconds"] = monotonicMs() / 1000;
  writeClimate(doc["climate"]["indoor"].to<JsonObject>(), s.indoor,
               monotonicMs());
  writeClimate(doc["climate"]["outdoor"].to<JsonObject>(), s.outdoor,
               monotonicMs());
  writeSolar(doc["solar"].to<JsonObject>(), s, monotonicMs());
  writeRelay(doc["lighting"]["kitchenLed"].to<JsonObject>(), s);
  writeRelay(doc["relays"]["1"].to<JsonObject>(), s, 1);
  writeRelay(doc["relays"]["2"].to<JsonObject>(), s, 2);
  writePower(doc["power"].to<JsonObject>(), s);
  writeSystem(doc["system"].to<JsonObject>(), s);
}
void apiBegin() {
  server.collectHeaders(headers, 4);
  directWebBegin();
  for (const char *path :
       {"/api/state", "/api/climate", "/api/solar", "/api/relay", "/api/power",
        "/api/system", "/api/health", "/api/version", "/api/history",
        "/api/relays", "/api/relays/1", "/api/relays/2"}) {
    server.on(path, HTTP_OPTIONS, []() {
      if (!strlen(HOME_ALLOWED_ORIGIN) ||
          server.header("Origin") != HOME_ALLOWED_ORIGIN) {
        apiError(403, "origin", "Původ není povolen.");
        return;
      }
      responseHeaders();
      server.sendHeader("Access-Control-Allow-Methods", "GET, POST, OPTIONS");
      server.sendHeader("Access-Control-Allow-Headers",
                        "Authorization, Content-Type");
      server.send(204);
    });
    String route(path);
    if (route == "/api/relays/1" || route == "/api/relays/2")
      continue;
    server.on(path, HTTP_GET, [route]() {
      if (!apiAuthorize())
        return;
      JsonDocument doc;
      auto s = snapshot();
      writeState(doc, s);
      if (route == "/api/history") {
        doc.clear();
        doc["apiVersion"] = 1;
        unsigned limit = cfg::HistoryCapacity;
        if (server.hasArg("limit")) {
          String v = server.arg("limit");
          for (unsigned i = 0; i < v.length(); ++i)
            if (!isdigit(v[i])) {
              apiError(400, "limit", "Neplatný limit historie.");
              return;
            }
          limit = v.toInt();
          if (limit < 1 || limit > cfg::HistoryCapacity) {
            apiError(400, "limit", "Limit historie je 1–288.");
            return;
          }
        }
        writeHistory(doc, limit);
      } else if (route == "/api/health") {
        doc.clear();
        doc["apiVersion"] = 1;
        doc["status"] = "ok";
        doc["uptimeSeconds"] = monotonicMs() / 1000;
        doc["sensorDegraded"] =
            !s.indoor.valid || !s.outdoor.valid || !s.solar.valid ||
            monotonicMs() - s.indoor.lastSuccessMs > cfg::StaleMs ||
            monotonicMs() - s.outdoor.lastSuccessMs > cfg::StaleMs ||
            monotonicMs() - s.solar.lastSuccessMs > cfg::StaleMs;
        doc["storageReady"] = s.storageReady;
      } else if (route == "/api/version") {
        doc.clear();
        doc["apiVersion"] = 1;
        doc["firmwareVersion"] = cfg::FirmwareVersion;
        doc["buildTimestamp"] = __DATE__ " " __TIME__;
      }
      // Other GETs share the same versioned envelope, with only their requested
      // section.
      else if (route != "/api/state") {
        const char *section = route == "/api/climate"  ? "climate"
                              : route == "/api/solar"  ? "solar"
                              : route == "/api/relay"  ? "lighting"
                              : route == "/api/relays" ? "relays"
                              : route == "/api/power"  ? "power"
                                                       : "system";
        for (const char *name :
             {"climate", "solar", "lighting", "relays", "power", "system"})
          if (strcmp(name, section))
            doc.remove(name);
      }
      apiSend(doc);
    });
  }
  server.on("/api/relay", HTTP_POST, []() { relayPost(1); });
  server.on("/api/relays/1", HTTP_POST, []() { relayPost(1); });
  server.on("/api/relays/2", HTTP_POST, []() { relayPost(2); });
  server.onNotFound(
      []() { apiError(404, "not_found", "Endpoint neexistuje."); });
  server.begin();
}
void apiTick() { server.handleClient(); }

// ==================== app.cpp ====================
State state;
SemaphoreHandle_t stateMutex;
String isoTime() {
  time_t now = time(nullptr);
  if (now < 1700000000)
    return String();
  struct tm t;
  gmtime_r(&now, &t);
  char text[25];
  strftime(text, sizeof(text), "%Y-%m-%dT%H:%M:%SZ", &t);
  return String(text);
}
int localDay() {
  time_t now = time(nullptr);
  if (now < 1700000000)
    return 0;
  struct tm t;
  localtime_r(&now, &t);
  return (t.tm_year + 1900) * 10000 + (t.tm_mon + 1) * 100 + t.tm_mday;
}

void firmwareSetup() {
  stateMutex = xSemaphoreCreateMutex();
  configASSERT(stateMutex);
  snprintf(state.bootId, sizeof(state.bootId), "%08lx%08lx",
           static_cast<unsigned long>(esp_random()),
           static_cast<unsigned long>(esp_random()));
  relayBegin(); // Before Serial, flash, network or sensor initialization.
  Serial.begin(115200);
  storageBegin();
#if ESP_ARDUINO_VERSION_MAJOR >= 3
  esp_task_wdt_config_t watchdog{};
  watchdog.timeout_ms = 15000;
  watchdog.idle_core_mask = 0;
  watchdog.trigger_panic = true;
  if (esp_task_wdt_init(&watchdog) == ESP_ERR_INVALID_STATE)
    esp_task_wdt_reconfigure(&watchdog);
#else
  esp_task_wdt_init(15, true);
#endif
  esp_task_wdt_add(nullptr);
  configASSERT(xTaskCreatePinnedToCore(relayTask, "relay", 4096, nullptr, 3,
                                       nullptr, 1) == pdPASS);
  configASSERT(xTaskCreatePinnedToCore(sensorTask, "sensors", 6144, nullptr, 1,
                                       nullptr, 1) == pdPASS);
  configASSERT(xTaskCreatePinnedToCore(storageTask, "history", 6144, nullptr, 1,
                                       nullptr, 0) == pdPASS);
  networkBegin();
  apiBegin();
  Serial.println("Home Assistant ESP32: spuštěno. Žádné přihlašovací údaje se "
                 "nevypisují.");
}
void firmwareLoop() {
  esp_task_wdt_reset();
  networkTick();
  apiTick();
  delay(2);
}

void setup() { firmwareSetup(); }
void loop() { firmwareLoop(); }
